Date,Energy Required (MU)
02-May-12,255.639
03-May-12,258.47
04-May-12,261.393
05-May-12,252.866
06-May-12,250.566
07-May-12,258.248
08-May-12,263.541
09-May-12,266.493
10-May-12,254.416
11-May-12,254.027
12-May-12,256.962
13-May-12,238.803
14-May-12,262.773
15-May-12,263.833
16-May-12,259.041
17-May-12,264.371
18-May-12,267.596
19-May-12,262.897
20-May-12,258.687
21-May-12,271.894
22-May-12,279.686
23-May-12,276.753
24-May-12,274.711
25-May-12,271.717
26-May-12,268.904
27-May-12,260.872
28-May-12,267.995
29-May-12,273.322
30-May-12,275.958
31-May-12,274.938
01-Jun-12,274.57
02-Jun-12,270.43
03-Jun-12,271.587
04-Jun-12,271.41
05-Jun-12,275.584
06-Jun-12,273.103
07-Jun-12,277.301
08-Jun-12,270.416
09-Jun-12,263.011
10-Jun-12,248.256
11-Jun-12,264.548
12-Jun-12,263.724
13-Jun-12,261.45
14-Jun-12,263.232
15-Jun-12,263.546
16-Jun-12,263.173
17-Jun-12,231.763
18-Jun-12,206.827
19-Jun-12,208.616
20-Jun-12,213.936
21-Jun-12,225.71
22-Jun-12,234.109
23-Jun-12,238.243
24-Jun-12,238.323
25-Jun-12,250.453
26-Jun-12,241.245
27-Jun-12,244.139
28-Jun-12,250.724
29-Jun-12,252.314
30-Jun-12,248.001
01-Jul-12,235.487
02-Jul-12,239.8
03-Jul-12,246.982
04-Jul-12,252.951
05-Jul-12,255.555
06-Jul-12,263.798
07-Jul-12,261.607
08-Jul-12,253.109
09-Jul-12,250.139
10-Jul-12,253.08
11-Jul-12,261.763
12-Jul-12,267.463
13-Jul-12,265.562
14-Jul-12,258.094
15-Jul-12,243.596
16-Jul-12,240.852
17-Jul-12,247.36
18-Jul-12,242.756
19-Jul-12,244.338
20-Jul-12,237.74
21-Jul-12,225.796
22-Jul-12,221.755
23-Jul-12,248.055
24-Jul-12,255.048
25-Jul-12,250.132
26-Jul-12,250.057
27-Jul-12,251.197
28-Jul-12,251.607
29-Jul-12,245.03
30-Jul-12,245.524
31-Jul-12,248.4
01-Aug-12,249.731
02-Aug-12,257.956
03-Aug-12,249.759
04-Aug-12,242.677
05-Aug-12,243.155
06-Aug-12,245.171
07-Aug-12,252.85
08-Aug-12,261.428
09-Aug-12,267.184
10-Aug-12,257.62
11-Aug-12,260.056
12-Aug-12,252.052
13-Aug-12,259.74
14-Aug-12,261.979
15-Aug-12,269.205
16-Aug-12,265.068
17-Aug-12,269.036
18-Aug-12,270.861
19-Aug-12,275.102
20-Aug-12,275.194
21-Aug-12,273.259
22-Aug-12,288.103
23-Aug-12,275.506
24-Aug-12,278.422
25-Aug-12,264.524
26-Aug-12,254.524
27-Aug-12,254.655
28-Aug-12,263.698
29-Aug-12,271.734
30-Aug-12,254.745
31-Aug-12,258.881
01-Sep-12,264.186
02-Sep-12,261.139
03-Sep-12,248.594
04-Sep-12,223.712
05-Sep-12,242.34
06-Sep-12,258.918
07-Sep-12,272.627
08-Sep-12,274.887
09-Sep-12,267.524
10-Sep-12,266.129
11-Sep-12,263.589
12-Sep-12,276.469
13-Sep-12,278.723
14-Sep-12,284.052
15-Sep-12,278.658
16-Sep-12,281.872
17-Sep-12,290.602
18-Sep-12,289.242
19-Sep-12,297.645
20-Sep-12,290.989
21-Sep-12,285.607
22-Sep-12,279.107
23-Sep-12,277.539
24-Sep-12,283.601
25-Sep-12,293.288
26-Sep-12,295.09
27-Sep-12,297.827
28-Sep-12,301.301
29-Sep-12,290.17
30-Sep-12,266.38
01-Oct-12,256.165
02-Oct-12,238.841
03-Oct-12,245.088
04-Oct-12,253.763
05-Oct-12,268.947
06-Oct-12,261.784
07-Oct-12,269.055
08-Oct-12,277.607
09-Oct-12,282.899
10-Oct-12,289.623
11-Oct-12,292.423
12-Oct-12,295.866
13-Oct-12,292.207
14-Oct-12,286.304
15-Oct-12,296.628
16-Oct-12,295.817
17-Oct-12,295.842
18-Oct-12,296.828
19-Oct-12,289.924
20-Oct-12,269.542
21-Oct-12,256.16
22-Oct-12,260.897
23-Oct-12,264.045
24-Oct-12,268.583
25-Oct-12,268.699
26-Oct-12,279.708
27-Oct-12,280.531
28-Oct-12,276.521
29-Oct-12,286.088
30-Oct-12,284.889
31-Oct-12,261.202
01-Nov-12,225.027
02-Nov-12,218.671
03-Nov-12,224.272
04-Nov-12,221.15
05-Nov-12,238.247
06-Nov-12,243.112
07-Nov-12,254.117
08-Nov-12,259.915
09-Nov-12,253.824
10-Nov-12,250.158
11-Nov-12,248.034
12-Nov-12,250.63
13-Nov-12,244.138
14-Nov-12,245.667
15-Nov-12,255.141
16-Nov-12,254.037
17-Nov-12,246.192
18-Nov-12,243.124
19-Nov-12,251.483
20-Nov-12,261.658
21-Nov-12,266.683
22-Nov-12,265.798
23-Nov-12,261.232
24-Nov-12,258.05
25-Nov-12,252.93
26-Nov-12,263.304
27-Nov-12,265.326
28-Nov-12,264.946
29-Nov-12,265.601
30-Nov-12,260.667
01-Dec-12,258.596
02-Dec-12,252.034
03-Dec-12,255.971
04-Dec-12,254.189
05-Dec-12,254.359
06-Dec-12,265.628
07-Dec-12,268.281
08-Dec-12,266.481
09-Dec-12,264.017
10-Dec-12,271.497
11-Dec-12,270.29
12-Dec-12,278.057
13-Dec-12,278.73
14-Dec-12,279.91
15-Dec-12,273.956
16-Dec-12,264.25
17-Dec-12,271.461
18-Dec-12,272.271
19-Dec-12,277.586
20-Dec-12,276.937
21-Dec-12,277.636
22-Dec-12,273.389
23-Dec-12,268.634
24-Dec-12,277.768
25-Dec-12,278.88
26-Dec-12,275.193
27-Dec-12,277.375
28-Dec-12,279.058
29-Dec-12,266.802
30-Dec-12,264.601
31-Dec-12,276.377
01-Jan-13,280.443
02-Jan-13,283.278
03-Jan-13,290.606
04-Jan-13,294.943
05-Jan-13,289.781
06-Jan-13,283.396
07-Jan-13,299.253
08-Jan-13,298.281
09-Jan-13,300.285
10-Jan-13,289.664
11-Jan-13,283.997
12-Jan-13,280.996
13-Jan-13,270.524
14-Jan-13,269.287
15-Jan-13,265.434
16-Jan-13,283.552
17-Jan-13,295.738
18-Jan-13,294.733
19-Jan-13,293.653
20-Jan-13,280.116
21-Jan-13,293.638
22-Jan-13,289.682
23-Jan-13,299.951
24-Jan-13,302.7
25-Jan-13,300.807
26-Jan-13,285.064
27-Jan-13,277.674
28-Jan-13,290.087
29-Jan-13,284.68
30-Jan-13,290.921
31-Jan-13,294.138
01-Feb-13,294.505
02-Feb-13,292.64
03-Feb-13,285.813
04-Feb-13,296.051
05-Feb-13,299.169
06-Feb-13,305.237
07-Feb-13,310.678
08-Feb-13,295.756
09-Feb-13,286.025
10-Feb-13,278.706
11-Feb-13,292.489
12-Feb-13,302.944
13-Feb-13,302.945
14-Feb-13,302.913
15-Feb-13,299.793
16-Feb-13,260.956
17-Feb-13,235.004
18-Feb-13,253.994
19-Feb-13,261.91
20-Feb-13,264.738
21-Feb-13,272.977
22-Feb-13,283.93
23-Feb-13,279.19
24-Feb-13,277.396
25-Feb-13,292.801
26-Feb-13,297.631
27-Feb-13,306.106
28-Feb-13,311.767
01-Mar-13,309.741
02-Mar-13,304.091
03-Mar-13,296.68
04-Mar-13,298.518
05-Mar-13,302.5
06-Mar-13,309.808
07-Mar-13,305.449
08-Mar-13,306.7
09-Mar-13,309.408
10-Mar-13,301.807
11-Mar-13,309.072
12-Mar-13,303
13-Mar-13,312.844
14-Mar-13,312.482
15-Mar-13,310.617
16-Mar-13,306.298
17-Mar-13,299.963
18-Mar-13,310.333
19-Mar-13,314.247
20-Mar-13,313.174
21-Mar-13,317.364
22-Mar-13,308.042
23-Mar-13,306.984
24-Mar-13,300.95
25-Mar-13,313.087
26-Mar-13,318.828
27-Mar-13,304.362
28-Mar-13,312.547
29-Mar-13,318.531
30-Mar-13,320.284
31-Mar-13,312.914
01-Apr-13,307.665
02-Apr-13,293.242
03-Apr-13,295.132
04-Apr-13,307.147
05-Apr-13,301.393
06-Apr-13,302.33
07-Apr-13,303.835
08-Apr-13,308.829
09-Apr-13,308.733
10-Apr-13,310.668
11-Apr-13,309.195
12-Apr-13,304.594
13-Apr-13,295.217
14-Apr-13,287.956
15-Apr-13,299.11
16-Apr-13,297.416
17-Apr-13,303.427
18-Apr-13,309.298
19-Apr-13,304.41
20-Apr-13,273.368
21-Apr-13,262.081
22-Apr-13,268.187
23-Apr-13,269.174
24-Apr-13,277.684
25-Apr-13,282.463
26-Apr-13,276.273
27-Apr-13,279.228
28-Apr-13,272.512
29-Apr-13,285.689
30-Apr-13,286.819
01-May-13,276.469
02-May-13,284.347
03-May-13,288.398
04-May-13,287.367
05-May-13,273.332
06-May-13,288.814
07-May-13,288.622
08-May-13,291.352
09-May-13,295.113
10-May-13,296.333
11-May-13,289.896
12-May-13,267.573
13-May-13,275.502
14-May-13,278.342
15-May-13,278.105
16-May-13,288.798
17-May-13,289.956
18-May-13,285.895
19-May-13,277.067
20-May-13,285.135
21-May-13,284.05
22-May-13,294.092
23-May-13,294.445
24-May-13,293.38
25-May-13,286.826
26-May-13,270.409
27-May-13,270.014
28-May-13,275.987
29-May-13,269.818
30-May-13,266.196
31-May-13,271.158
01-Jun-13,258.391
02-Jun-13,246.974
03-Jun-13,258.15
04-Jun-13,253.63
05-Jun-13,258.312
06-Jun-13,253.34
07-Jun-13,251.738
08-Jun-13,236.286
09-Jun-13,233.106
10-Jun-13,244.75
11-Jun-13,246.794
12-Jun-13,242.327
13-Jun-13,240.778
14-Jun-13,230.972
15-Jun-13,233.921
16-Jun-13,238.644
17-Jun-13,255.874
18-Jun-13,262.211
19-Jun-13,268.992
20-Jun-13,272.031
21-Jun-13,265.811
22-Jun-13,254.016
23-Jun-13,245.882
24-Jun-13,244.944
25-Jun-13,237.695
26-Jun-13,246.04
27-Jun-13,254.075
28-Jun-13,261.742
29-Jun-13,264.98
30-Jun-13,256.512
01-Jul-13,258.65
02-Jul-13,269.193
03-Jul-13,269.131
04-Jul-13,263.195
05-Jul-13,260.967
06-Jul-13,265.51
07-Jul-13,252.41
08-Jul-13,257.785
09-Jul-13,253.063
10-Jul-13,252.961
11-Jul-13,239.006
12-Jul-13,230.017
13-Jul-13,238.439
14-Jul-13,238.542
15-Jul-13,248.208
16-Jul-13,246.414
17-Jul-13,236.758
18-Jul-13,237.776
19-Jul-13,223.588
20-Jul-13,224.201
21-Jul-13,226.224
22-Jul-13,224.8
23-Jul-13,215.097
24-Jul-13,226.911
25-Jul-13,236.556
26-Jul-13,244.125
27-Jul-13,248.259
28-Jul-13,245.97
29-Jul-13,252.095
30-Jul-13,256.215
31-Jul-13,228.782
01-Aug-13,223.583
02-Aug-13,234.67
03-Aug-13,248.023
04-Aug-13,248.365
05-Aug-13,245.411
06-Aug-13,240.367
07-Aug-13,246.271
08-Aug-13,256.604
09-Aug-13,257.619
10-Aug-13,259.358
11-Aug-13,258.602
12-Aug-13,249.554
13-Aug-13,242.279
14-Aug-13,248.257
15-Aug-13,227.58
16-Aug-13,222.948
17-Aug-13,221.484
18-Aug-13,220.596
19-Aug-13,230.334
20-Aug-13,237.913
21-Aug-13,244.57
22-Aug-13,246.284
23-Aug-13,256.129
24-Aug-13,263.284
25-Aug-13,261.968
26-Aug-13,266.382
27-Aug-13,264.151
28-Aug-13,265.313
29-Aug-13,264.029
30-Aug-13,269.587
31-Aug-13,265.882
01-Sep-13,254.357
02-Sep-13,261.397
03-Sep-13,260.484
04-Sep-13,258.208
05-Sep-13,264.081
06-Sep-13,269.015
07-Sep-13,259.72
08-Sep-13,240.654
09-Sep-13,231.566
10-Sep-13,242.883
11-Sep-13,241.185
12-Sep-13,245.81
13-Sep-13,251.071
14-Sep-13,251.241
15-Sep-13,243.572
16-Sep-13,244.149
17-Sep-13,238.122
18-Sep-13,234.86
19-Sep-13,239.504
20-Sep-13,236.024
21-Sep-13,228.779
22-Sep-13,231.299
23-Sep-13,246.47
24-Sep-13,260.683
25-Sep-13,264.892
26-Sep-13,269.923
27-Sep-13,274.737
28-Sep-13,271.747
29-Sep-13,258.383
30-Sep-13,267.219
01-Oct-13,271.723
02-Oct-13,253.858
03-Oct-13,238.506
04-Oct-13,235.76
05-Oct-13,246.275
06-Oct-13,245.701
07-Oct-13,234.599
08-Oct-13,239.964
09-Oct-13,228.067
10-Oct-13,234.916
11-Oct-13,232.718
12-Oct-13,236.251
13-Oct-13,230.479
14-Oct-13,236.581
15-Oct-13,251.322
16-Oct-13,258.182
17-Oct-13,268.936
18-Oct-13,271.299
19-Oct-13,268.972
20-Oct-13,256.34
21-Oct-13,253.382
22-Oct-13,233.7
23-Oct-13,219.593
24-Oct-13,205.787
25-Oct-13,197.63
26-Oct-13,195.351
27-Oct-13,192.085
28-Oct-13,207.8
29-Oct-13,216.37
30-Oct-13,222.517
31-Oct-13,225.315
01-Nov-13,226.65
02-Nov-13,227.229
03-Nov-13,209.863
04-Nov-13,219.616
05-Nov-13,227.303
06-Nov-13,231.065
07-Nov-13,234.075
08-Nov-13,235.413
09-Nov-13,233.678
10-Nov-13,228.572
11-Nov-13,232.807
12-Nov-13,235.105
13-Nov-13,234.234
14-Nov-13,234.549
15-Nov-13,231.638
16-Nov-13,225.288
17-Nov-13,216.396
18-Nov-13,224.878
19-Nov-13,234.553
20-Nov-13,235.924
21-Nov-13,236.068
22-Nov-13,224.098
23-Nov-13,221.309
24-Nov-13,215.313
25-Nov-13,223.221
26-Nov-13,228.837
27-Nov-13,229.042
28-Nov-13,221.33
29-Nov-13,216.976
30-Nov-13,224.566
01-Dec-13,223.684
02-Dec-13,233.025
03-Dec-13,233.045
04-Dec-13,231.953
05-Dec-13,227.53
06-Dec-13,231.704
07-Dec-13,229.878
08-Dec-13,224.587
09-Dec-13,228.952
10-Dec-13,233.439
11-Dec-13,240.424
12-Dec-13,241.975
13-Dec-13,241.921
14-Dec-13,235.398
15-Dec-13,231.455
16-Dec-13,241.185
17-Dec-13,245.08
18-Dec-13,250.038
19-Dec-13,246.673
20-Dec-13,251.607
21-Dec-13,250.312
22-Dec-13,245.123
23-Dec-13,249.12
24-Dec-13,252.68
25-Dec-13,251.394
26-Dec-13,253.603
27-Dec-13,255.448
28-Dec-13,254.405
29-Dec-13,244.822
30-Dec-13,246.71
31-Dec-13,252.998
01-Jan-14,245.651
02-Jan-14,254.005
03-Jan-14,260.335
04-Jan-14,259.758
05-Jan-14,254.92
06-Jan-14,261.424
07-Jan-14,266.721
08-Jan-14,271.435
09-Jan-14,272.216
10-Jan-14,275.29
11-Jan-14,272.366
12-Jan-14,270.828
13-Jan-14,271.086
14-Jan-14,260.963
15-Jan-14,256.877
16-Jan-14,263.985
17-Jan-14,267.776
18-Jan-14,270.339
19-Jan-14,266.321
20-Jan-14,273.298
21-Jan-14,276.56
22-Jan-14,276.225
23-Jan-14,279.061
24-Jan-14,278.724
25-Jan-14,279.579
26-Jan-14,271.162
27-Jan-14,274.834
28-Jan-14,278.275
29-Jan-14,280.127
30-Jan-14,280.964
31-Jan-14,282.324
01-Feb-14,285.391
02-Feb-14,273.84
03-Feb-14,278.609
04-Feb-14,284.331
05-Feb-14,282.812
06-Feb-14,283.647
07-Feb-14,285.163
08-Feb-14,287.461
09-Feb-14,280.21
10-Feb-14,285.203
11-Feb-14,291.292
12-Feb-14,290.096
13-Feb-14,295.069
14-Feb-14,293.926
15-Feb-14,290.202
16-Feb-14,274.351
17-Feb-14,284.217
18-Feb-14,287.656
19-Feb-14,288.594
20-Feb-14,289.516
21-Feb-14,291.873
22-Feb-14,299.852
23-Feb-14,288.731
24-Feb-14,290.356
25-Feb-14,294.922
26-Feb-14,296.136
27-Feb-14,301.012
28-Feb-14,287.719
01-Mar-14,282.532
02-Mar-14,267.456
03-Mar-14,265.07
04-Mar-14,259.144
05-Mar-14,261.183
06-Mar-14,260.981
07-Mar-14,267.03
08-Mar-14,267.493
09-Mar-14,259.215
10-Mar-14,270.494
11-Mar-14,275.996
12-Mar-14,283.867
13-Mar-14,288.212
14-Mar-14,293.732
15-Mar-14,297.185
16-Mar-14,289.59
17-Mar-14,291.39
18-Mar-14,300.898
19-Mar-14,311.847
20-Mar-14,314.001
21-Mar-14,317
22-Mar-14,311.364
23-Mar-14,305.802
24-Mar-14,311.994
25-Mar-14,313.964
26-Mar-14,315.594
27-Mar-14,311.789
28-Mar-14,315.838
29-Mar-14,318.803
30-Mar-14,309.136
31-Mar-14,311.226
01-Apr-14,311.999
02-Apr-14,312.627
03-Apr-14,315.8
04-Apr-14,319.756
05-Apr-14,313.401
06-Apr-14,301.392
07-Apr-14,317.031
08-Apr-14,315.831
09-Apr-14,303.884
10-Apr-14,297.952
11-Apr-14,309.081
12-Apr-14,307.787
13-Apr-14,297.222
14-Apr-14,298.172
15-Apr-14,301.12
16-Apr-14,302.155
17-Apr-14,306.009
18-Apr-14,298.543
19-Apr-14,295.263
20-Apr-14,276.718
21-Apr-14,288.011
22-Apr-14,292.807
23-Apr-14,297.23
24-Apr-14,301.889
25-Apr-14,301.53
26-Apr-14,298.103
27-Apr-14,289.215
28-Apr-14,297.009
29-Apr-14,298.184
30-Apr-14,278.037
01-May-14,273.753
02-May-14,284.457
03-May-14,279.09
04-May-14,263.467
05-May-14,263.909
06-May-14,267.995
07-May-14,258.018
08-May-14,254.507
09-May-14,228.674
10-May-14,223.726
11-May-14,238.518
12-May-14,252.31
13-May-14,261.342
14-May-14,259.416
15-May-14,258.782
16-May-14,265.852
17-May-14,263.943
18-May-14,257.426
19-May-14,258.017
20-May-14,249.959
21-May-14,262.255
22-May-14,263.084
23-May-14,269.497
24-May-14,269.999
25-May-14,253.743
26-May-14,259.136
27-May-14,261.308
28-May-14,263.349
29-May-14,266.868
30-May-14,271.233
31-May-14,275.557
01-Jun-14,264.038
03-Jun-14,127.584
04-Jun-14,138.957
05-Jun-14,142.82
06-Jun-14,139.293
07-Jun-14,142.51
08-Jun-14,139.322
09-Jun-14,0
10-Jun-14,134.245
11-Jun-14,135.555
12-Jun-14,142.228
13-Jun-14,145.273
14-Jun-14,143.522
15-Jun-14,144.095
01-Aug-14,141.028
02-Aug-14,142.063
03-Aug-14,138.358
04-Aug-14,145.666
05-Aug-14,144.572
06-Aug-14,146.475
07-Aug-14,148.283
08-Aug-14,149.451
09-Aug-14,147.043
10-Aug-14,144.088
11-Aug-14,150.264
12-Aug-14,147.233
13-Aug-14,147.493
14-Aug-14,147.677
15-Aug-14,146.453
16-Aug-14,143.84
17-Aug-14,141.732
18-Aug-14,138.76
19-Aug-14,142.579
20-Aug-14,146.602
21-Aug-14,148.361
22-Aug-14,150.606
23-Aug-14,147.848
24-Aug-14,144.52
25-Aug-14,135.732
26-Aug-14,132.95
27-Aug-14,122.098
28-Aug-14,116.488
29-Aug-14,115.079
30-Aug-14,120.435
31-Aug-14,121.22
01-Sep-14,125.366
02-Sep-14,132.05
03-Sep-14,139.797
04-Sep-14,137.23
05-Sep-14,136.599
06-Sep-14,127.182
07-Sep-14,124.07
08-Sep-14,131.404
09-Sep-14,135.172
10-Sep-14,141.953
11-Sep-14,143.549
12-Sep-14,143.805
13-Sep-14,140.986
14-Sep-14,138.576
15-Sep-14,136.165
16-Sep-14,129.721
17-Sep-14,126.887
18-Sep-14,127.209
19-Sep-14,130.663
20-Sep-14,130.947
21-Sep-14,129.048
22-Sep-14,135.691
23-Sep-14,140.84
24-Sep-14,138.844
25-Sep-14,135.701
26-Sep-14,137.583
27-Sep-14,137.2
28-Sep-14,136.161
29-Sep-14,139.494
30-Sep-14,146.259
01-Oct-14,145.32
02-Oct-14,142.218
03-Oct-14,140.185
04-Oct-14,144.09
05-Oct-14,144.412
06-Oct-14,140.554
07-Oct-14,139.035
08-Oct-14,139.059
09-Oct-14,138.604
10-Oct-14,138.805
11-Oct-14,133.545
12-Oct-14,127.391
13-Oct-14,133.205
14-Oct-14,144.665
15-Oct-14,140.754
16-Oct-14,141.881
17-Oct-14,143.586
18-Oct-14,141.943
19-Oct-14,134.874
20-Oct-14,135.684
21-Oct-14,136.912
22-Oct-14,135.678
23-Oct-14,136.774
24-Oct-14,129.173
25-Oct-14,133.558
26-Oct-14,119.156
27-Oct-14,113.589
28-Oct-14,116.829
29-Oct-14,125.157
30-Oct-14,123.042
31-Oct-14,127.874
01-Nov-14,131.94
02-Nov-14,124.646
03-Nov-14,127.423
04-Nov-14,131.31
05-Nov-14,126.148
06-Nov-14,126.16
07-Nov-14,128.19
08-Nov-14,133.111
09-Nov-14,127.603
10-Nov-14,127.703
11-Nov-14,129.706
12-Nov-14,130.68
13-Nov-14,120.293
14-Nov-14,119.702
15-Nov-14,124.538
16-Nov-14,124.764
17-Nov-14,129.102
18-Nov-14,128.927
19-Nov-14,128.287
20-Nov-14,131.179
21-Nov-14,129.789
22-Nov-14,130.525
23-Nov-14,131.259
24-Nov-14,133.523
25-Nov-14,130.569
26-Nov-14,131.842
27-Nov-14,132.188
28-Nov-14,129.295
29-Nov-14,131.702
30-Nov-14,129.064
01-Dec-14,130.619
02-Dec-14,133.162
03-Dec-14,133.122
04-Dec-14,132.37
05-Dec-14,135.116
06-Dec-14,135.04
07-Dec-14,131.625
08-Dec-14,135.316
09-Dec-14,142.463
10-Dec-14,137.85
11-Dec-14,134.325
12-Dec-14,129.483
13-Dec-14,129.275
14-Dec-14,127.302
15-Dec-14,132.002
16-Dec-14,136.515
17-Dec-14,134.063
18-Dec-14,131.396
19-Dec-14,129.977
20-Dec-14,130.025
21-Dec-14,127.58
22-Dec-14,132.411
23-Dec-14,128.951
24-Dec-14,133.339
25-Dec-14,131.273
26-Dec-14,129.452
27-Dec-14,129.097
28-Dec-14,129.839
29-Dec-14,125.577
30-Dec-14,125.001
31-Dec-14,130.112
01-Jan-15,131.501
02-Jan-15,135.684
03-Jan-15,136.575
04-Jan-15,136.887
05-Jan-15,138.566
06-Jan-15,138.846
07-Jan-15,137.209
08-Jan-15,137.859
09-Jan-15,135.199
10-Jan-15,136.159
11-Jan-15,131.173
12-Jan-15,132.813
13-Jan-15,136.996
14-Jan-15,134.263
15-Jan-15,127.22
16-Jan-15,125.107
17-Jan-15,128.624
18-Jan-15,127.796
19-Jan-15,131.75
20-Jan-15,134.978
21-Jan-15,134.27
22-Jan-15,136.556
23-Jan-15,139.711
24-Jan-15,137.127
25-Jan-15,137.041
26-Jan-15,134.741
27-Jan-15,137.412
28-Jan-15,140.114
29-Jan-15,139.509
30-Jan-15,140.529
31-Jan-15,141.08
01-Feb-15,138.054
02-Feb-15,137.458
03-Feb-15,138.233
04-Feb-15,137.456
05-Feb-15,139.153
06-Feb-15,141.097
07-Feb-15,143.155
08-Feb-15,140.576
09-Feb-15,141.981
10-Feb-15,145.415
11-Feb-15,143.569
12-Feb-15,141.342
13-Feb-15,143.897
14-Feb-15,143.569
15-Feb-15,143.287
16-Feb-15,144.157
17-Feb-15,144.689
18-Feb-15,142.985
19-Feb-15,144.295
20-Feb-15,144.899
21-Feb-15,146.56
22-Feb-15,142.224
23-Feb-15,142.862
24-Feb-15,145.562
25-Feb-15,147.369
26-Feb-15,145.355
27-Feb-15,147.719
28-Feb-15,143.115
01-Mar-15,135.678
02-Mar-15,138.554
03-Mar-15,140.93
04-Mar-15,137.705
05-Mar-15,141.742
06-Mar-15,138.003
07-Mar-15,142.528
08-Mar-15,137.835
09-Mar-15,143.264
10-Mar-15,143.867
11-Mar-15,144.102
12-Mar-15,145.864
13-Mar-15,145.696
14-Mar-15,146.319
15-Mar-15,146.459
16-Mar-15,146.561
17-Mar-15,146.562
18-Mar-15,148.693
19-Mar-15,150.347
20-Mar-15,146.931
21-Mar-15,148.065
22-Mar-15,144.244
23-Mar-15,148.87
24-Mar-15,152.523
25-Mar-15,151.865
26-Mar-15,153.935
27-Mar-15,150.218
28-Mar-15,151.759
29-Mar-15,148.308
30-Mar-15,147.447
31-Mar-15,151.626
01-Apr-15,150.534
02-Apr-15,150.106
03-Apr-15,151.75
04-Apr-15,154.208
05-Apr-15,149.9
06-Apr-15,149.927
07-Apr-15,150.586
08-Apr-15,152.258
09-Apr-15,150.226
10-Apr-15,152.859
11-Apr-15,149.998
12-Apr-15,134.697
13-Apr-15,127.984
14-Apr-15,123.314
15-Apr-15,121.825
16-Apr-15,128.134
17-Apr-15,130.062
18-Apr-15,133.747
19-Apr-15,134.288
20-Apr-15,140.756
21-Apr-15,144.152
22-Apr-15,143.492
23-Apr-15,148.863
24-Apr-15,127.482
25-Apr-15,130.772
26-Apr-15,131.757
27-Apr-15,138.127
28-Apr-15,142.221
29-Apr-15,137.288
30-Apr-15,139.798
01-May-15,138.81
02-May-15,140.708
03-May-15,135.442
04-May-15,142.267
05-May-15,143.027
06-May-15,144.527
07-May-15,143.482
08-May-15,147.541
09-May-15,145.36
10-May-15,145.945
11-May-15,147.12
12-May-15,149.995
13-May-15,149.541
14-May-15,147.958
15-May-15,143.674
16-May-15,137.562
17-May-15,131.098
18-May-15,137.64
19-May-15,147.114
20-May-15,144.683
21-May-15,148.523
22-May-15,153.956
23-May-15,153.657
24-May-15,149.573
25-May-15,151.147
26-May-15,153.955
27-May-15,155.322
28-May-15,143.336
29-May-15,147.235
30-May-15,146.455
31-May-15,143.522
01-Jun-15,135.238
02-Jun-15,132.163
03-Jun-15,127.344
04-Jun-15,137.787
05-Jun-15,134.276
06-Jun-15,126.068
07-Jun-15,127.775
08-Jun-15,127.775
09-Jun-15,125.428
10-Jun-15,128.297
11-Jun-15,133.912
12-Jun-15,128.599
13-Jun-15,130.013
14-Jun-15,125.361
15-Jun-15,130.363
16-Jun-15,128.3
17-Jun-15,129.216
18-Jun-15,123.601
19-Jun-15,117.876
20-Jun-15,123.461
21-Jun-15,113.38
22-Jun-15,117.364
23-Jun-15,129.519
24-Jun-15,137.718
25-Jun-15,138.826
26-Jun-15,143.483
27-Jun-15,142.188
28-Jun-15,139.174
29-Jun-15,142.311
30-Jun-15,142.535
01-Jul-15,142.785
02-Jul-15,145.43
03-Jul-15,146.361
04-Jul-15,147.768
05-Jul-15,145.732
06-Jul-15,148.052
07-Jul-15,151.357
08-Jul-15,153.714
09-Jul-15,151.473
10-Jul-15,156.444
11-Jul-15,150.83
12-Jul-15,156.437
13-Jul-15,152.358
14-Jul-15,153.224
15-Jul-15,146.056
16-Jul-15,145.569
17-Jul-15,147.716
18-Jul-15,147.167
19-Jul-15,142.68
20-Jul-15,138.942
21-Jul-15,144.478
22-Jul-15,141.191
23-Jul-15,138.872
24-Jul-15,143.381
25-Jul-15,145.516
26-Jul-15,143.432
27-Jul-15,145.514
28-Jul-15,148.222
29-Jul-15,147.739
30-Jul-15,150.801
31-Jul-15,149.823
01-Aug-15,143.454
02-Aug-15,140.803
03-Aug-15,140.525
04-Aug-15,139.386
05-Aug-15,140.138
06-Aug-15,138.301
07-Aug-15,134.579
08-Aug-15,137.671
09-Aug-15,141.061
10-Aug-15,142.002
11-Aug-15,141.04
12-Aug-15,136.866
13-Aug-15,137.934
14-Aug-15,139.66
15-Aug-15,144.277
16-Aug-15,136.35
17-Aug-15,136.245
18-Aug-15,141.551
19-Aug-15,145.989
20-Aug-15,143.126
21-Aug-15,129.806
22-Aug-15,127.359
23-Aug-15,129.393
24-Aug-15,132.3
25-Aug-15,138.849
26-Aug-15,140.121
27-Aug-15,137.85
28-Aug-15,136.231
29-Aug-15,136.955
30-Aug-15,137.165
31-Aug-15,139.68
01-Sep-15,138.886
02-Sep-15,141.656
03-Sep-15,140.376
04-Sep-15,138.235
05-Sep-15,140.535
06-Sep-15,125.397
07-Sep-15,118.753
08-Sep-15,120.012
09-Sep-15,127.085
10-Sep-15,121.412
11-Sep-15,124.211
12-Sep-15,126.882
13-Sep-15,124.758
14-Sep-15,124.389
15-Sep-15,125.786
16-Sep-15,126.061
17-Sep-15,126.79
18-Sep-15,134.233
19-Sep-15,133.8
20-Sep-15,127.203
21-Sep-15,128.978
22-Sep-15,135.134
23-Sep-15,143.431
24-Sep-15,138.146
25-Sep-15,138.763
26-Sep-15,131.044
27-Sep-15,123.465
28-Sep-15,132.354
29-Sep-15,133.116
30-Sep-15,133.915
01-Oct-15,125.772
02-Oct-15,125.461
03-Oct-15,124.703
04-Oct-15,111.684
05-Oct-15,122.975
06-Oct-15,129.658
07-Oct-15,130.501
08-Oct-15,129.863
09-Oct-15,134.202
10-Oct-15,135.189
11-Oct-15,135.058
12-Oct-15,141.591
13-Oct-15,142.973
14-Oct-15,144.757
15-Oct-15,144.488
16-Oct-15,146.012
17-Oct-15,149.665
18-Oct-15,147.98
19-Oct-15,151.843
20-Oct-15,152.231
21-Oct-15,152.832
22-Oct-15,148.127
23-Oct-15,149.694
24-Oct-15,151.939
25-Oct-15,148.539
26-Oct-15,148.984
27-Oct-15,149.324
28-Oct-15,147.471
29-Oct-15,151.462
30-Oct-15,147.305
31-Oct-15,148.774
01-Nov-15,142.664
02-Nov-15,139.837
03-Nov-15,140.954
04-Nov-15,142.143
05-Nov-15,144.452
06-Nov-15,147.998
07-Nov-15,150.049
08-Nov-15,140.393
09-Nov-15,127.271
10-Nov-15,113.103
11-Nov-15,113.667
12-Nov-15,119.394
13-Nov-15,126.547
14-Nov-15,125.109
15-Nov-15,119.285
16-Nov-15,113.781
17-Nov-15,96.64
18-Nov-15,101.433
19-Nov-15,106.154
20-Nov-15,107.556
21-Nov-15,108.831
22-Nov-15,105.474
23-Nov-15,113.553
24-Nov-15,116.404
25-Nov-15,117.585
26-Nov-15,116.89
27-Nov-15,123.19
28-Nov-15,120.415
29-Nov-15,116.754
30-Nov-15,113.416
01-Dec-15,111.52
02-Dec-15,114.403
03-Dec-15,123.081
04-Dec-15,120.634
05-Dec-15,121.053
06-Dec-15,113.826
07-Dec-15,119.149
08-Dec-15,120.418
09-Dec-15,121.379
10-Dec-15,122.33
11-Dec-15,123.879
12-Dec-15,123.443
13-Dec-15,122.515
14-Dec-15,128.948
15-Dec-15,135.726
16-Dec-15,134.117
17-Dec-15,130.559
18-Dec-15,131.319
19-Dec-15,132.244
20-Dec-15,131.131
21-Dec-15,130.083
22-Dec-15,132.552
23-Dec-15,135.132
24-Dec-15,135.545
25-Dec-15,132.079
26-Dec-15,129.637
27-Dec-15,122.888
28-Dec-15,126.667
29-Dec-15,129.613
30-Dec-15,131.113
31-Dec-15,135.176
01-Jan-16,132.151
02-Jan-16,129.398
03-Jan-16,128.672
04-Jan-16,129.309
05-Jan-16,140.611
06-Jan-16,136.571
07-Jan-16,135.24
08-Jan-16,136.239
09-Jan-16,138.155
10-Jan-16,127.466
11-Jan-16,134.782
12-Jan-16,135.946
13-Jan-16,136.332
14-Jan-16,131.787
15-Jan-16,124.183
16-Jan-16,120.477
17-Jan-16,120.311
18-Jan-16,126.592
19-Jan-16,127.068
20-Jan-16,126.851
21-Jan-16,132.507
22-Jan-16,125.821
23-Jan-16,127.297
24-Jan-16,119.911
25-Jan-16,130.998
26-Jan-16,131.219
27-Jan-16,133.984
28-Jan-16,139.446
29-Jan-16,143.139
30-Jan-16,140.629
31-Jan-16,134.04
01-Feb-16,137.351
02-Feb-16,141.51
03-Feb-16,143.015
04-Feb-16,143.508
05-Feb-16,136.858
06-Feb-16,137.666
07-Feb-16,135.27
08-Feb-16,147.155
09-Feb-16,144.964
10-Feb-16,149.452
11-Feb-16,147.76
12-Feb-16,149.036
13-Feb-16,145.678
14-Feb-16,140.861
15-Feb-16,145.714
16-Feb-16,143.648
17-Feb-16,147.748
18-Feb-16,148.575
19-Feb-16,146.155
20-Feb-16,147.772
21-Feb-16,140.06
22-Feb-16,148.895
23-Feb-16,153.142
24-Feb-16,154.555
25-Feb-16,152.733
26-Feb-16,154.529
27-Feb-16,152.877
28-Feb-16,148.929
29-Feb-16,149.066
01-Mar-16,150.788
02-Mar-16,151.573
03-Mar-16,152.599
04-Mar-16,152.161
05-Mar-16,153.471
06-Mar-16,153.527
07-Mar-16,151.618
08-Mar-16,151.381
09-Mar-16,152.925
10-Mar-16,154.246
11-Mar-16,155.173
12-Mar-16,153.846
13-Mar-16,151.544
14-Mar-16,151.494
15-Mar-16,152.588
16-Mar-16,155.754
17-Mar-16,156.421
18-Mar-16,156.98
19-Mar-16,159.097
20-Mar-16,156.826
21-Mar-16,159.605
22-Mar-16,160.494
23-Mar-16,162.09
24-Mar-16,160.444
25-Mar-16,157.859
26-Mar-16,156.477
27-Mar-16,150.731
28-Mar-16,151.781
29-Mar-16,153.358
30-Mar-16,154.165
31-Mar-16,156.271
01-Apr-16,153.277
02-Apr-16,154.258
03-Apr-16,152.332
04-Apr-16,155.461
05-Apr-16,156.285
06-Apr-16,153.891
07-Apr-16,155.65
08-Apr-16,154.041
09-Apr-16,151.188
10-Apr-16,149.265
11-Apr-16,155.945
12-Apr-16,156.555
13-Apr-16,158.692
14-Apr-16,161.583
15-Apr-16,160.934
16-Apr-16,157.512
17-Apr-16,152.216
18-Apr-16,154.707
19-Apr-16,156.67
20-Apr-16,158.272
21-Apr-16,157.434
22-Apr-16,156.185
23-Apr-16,159.057
24-Apr-16,152.917
25-Apr-16,155.528
26-Apr-16,158.825
27-Apr-16,158.73
28-Apr-16,161.993
29-Apr-16,158.97
30-Apr-16,158.943
01-May-16,152.957
02-May-16,155.484
03-May-16,155.198
05-May-16,143.355
06-May-16,130.693
07-May-16,140.88
09-May-16,146.465
10-May-16,150.69
11-May-16,151.306
12-May-16,148.542
15-May-16,150.442
17-May-16,144.656
18-May-16,119.903
19-May-16,101.272
21-May-16,126.839
22-May-16,134.984
25-May-16,153.63
26-May-16,153.767
27-May-16,151.796
28-May-16,147.86
29-May-16,132.934
30-May-16,143.627
01-Jun-16,148.154
02-Jun-16,129.565
03-Jun-16,137.426
04-Jun-16,125.653
05-Jun-16,127.356
06-Jun-16,130.863
07-Jun-16,127.699
08-Jun-16,119.645
10-Jun-16,131.684
11-Jun-16,132.749
12-Jun-16,136.818
14-Jun-16,146.28
15-Jun-16,147.751
16-Jun-16,154.511
17-Jun-16,148.595
18-Jun-16,138.808
19-Jun-16,132.848
20-Jun-16,128.195
21-Jun-16,131.233
22-Jun-16,133.449
23-Jun-16,134.653
25-Jun-16,130.33
26-Jun-16,124.118
30-Jun-16,115.705
01-Jul-16,121.444
02-Jul-16,125.991
03-Jul-16,128.815
04-Jul-16,137.819
05-Jul-16,138.138
06-Jul-16,140.716
07-Jul-16,139.583
08-Jul-16,136.379
09-Jul-16,131.531
10-Jul-16,132.231
11-Jul-16,134.668
12-Jul-16,144.37
13-Jul-16,150.125
14-Jul-16,155.026
15-Jul-16,157.913
18-Jul-16,142.752
19-Jul-16,138.449
20-Jul-16,136.395
21-Jul-16,137.895
23-Jul-16,139.817
24-Jul-16,134.061
26-Jul-16,132.938
27-Jul-16,129.318
28-Jul-16,129.281
29-Jul-16,129.309
31-Jul-16,123.812
02-Aug-16,124.048
03-Aug-16,127.988
04-Aug-16,130.603
05-Aug-16,136.286
06-Aug-16,141.457
09-Aug-16,157.995
10-Aug-16,160.522
11-Aug-16,165.4
13-Aug-16,166.285
14-Aug-16,163.685
15-Aug-16,161.569
16-Aug-16,160.462
17-Aug-16,162.007
18-Aug-16,169.252
19-Aug-16,175.844
20-Aug-16,176.125
21-Aug-16,174.114
22-Aug-16,177.515
23-Aug-16,178.146
24-Aug-16,173.692
25-Aug-16,167.457
26-Aug-16,162.736
27-Aug-16,155.478
28-Aug-16,151.502
29-Aug-16,168.689
30-Aug-16,154.32
31-Aug-16,149.632
02-Sep-16,151.856
03-Sep-16,152.132
04-Sep-16,153.245
05-Sep-16,151.527
06-Sep-16,158.545
07-Sep-16,159.692
08-Sep-16,169.271
09-Sep-16,171.676
10-Sep-16,162.371
11-Sep-16,150.219
12-Sep-16,148.334
13-Sep-16,144.144
14-Sep-16,140.982
16-Sep-16,140.609
17-Sep-16,143.058
18-Sep-16,146.619
19-Sep-16,153.558
20-Sep-16,151.933
21-Sep-16,138.029
22-Sep-16,131.21
23-Sep-16,133.292
24-Sep-16,134.701
25-Sep-16,135.018
26-Sep-16,137.748
27-Sep-16,141.614
28-Sep-16,142.826
29-Sep-16,140.956
30-Sep-16,143.804
01-Oct-16,141.452
02-Oct-16,138.705
03-Oct-16,143.727
04-Oct-16,148.492
05-Oct-16,149.673
06-Oct-16,155.224
07-Oct-16,158.087
08-Oct-16,153.884
09-Oct-16,146.79
10-Oct-16,145.694
11-Oct-16,143.377
12-Oct-16,150.465
13-Oct-16,155.399
14-Oct-16,157.924
15-Oct-16,157.26
16-Oct-16,157.545
17-Oct-16,160.986
18-Oct-16,163.008
19-Oct-16,165.275
20-Oct-16,163.486
21-Oct-16,162.356
22-Oct-16,162.963
23-Oct-16,161.444
24-Oct-16,162.803
25-Oct-16,163.838
26-Oct-16,162.795
27-Oct-16,163.114
28-Oct-16,163.033
29-Oct-16,166.022
30-Oct-16,156.328
31-Oct-16,156.69
01-Nov-16,159.381
02-Nov-16,160.492
03-Nov-16,157.057
04-Nov-16,160.39
05-Nov-16,163.733
06-Nov-16,162.752
07-Nov-16,157.064
08-Nov-16,161.305
09-Nov-16,158.737
10-Nov-16,156.87
11-Nov-16,152.623
12-Nov-16,157.678
13-Nov-16,155.091
14-Nov-16,158.009
15-Nov-16,160.781
16-Nov-16,160.496
17-Nov-16,157.272
19-Nov-16,152.992
20-Nov-16,150.747
21-Nov-16,153.044
22-Nov-16,152.812
23-Nov-16,153.038
24-Nov-16,152.1
25-Nov-16,153.281
26-Nov-16,151.727
27-Nov-16,148.755
28-Nov-16,151.709
29-Nov-16,152.487
30-Nov-16,151.033
01-Dec-16,146.346
02-Dec-16,139.994
03-Dec-16,138.282
04-Dec-16,136.441
05-Dec-16,138.053
06-Dec-16,138.857
07-Dec-16,138.236
08-Dec-16,140.825
09-Dec-16,139.567
10-Dec-16,138.241
11-Dec-16,133.805
12-Dec-16,122.284
13-Dec-16,117.194
14-Dec-16,125.75
15-Dec-16,132.44
16-Dec-16,133.105
17-Dec-16,133.952
18-Dec-16,131.718
19-Dec-16,135.225
20-Dec-16,138.281
21-Dec-16,140.844
22-Dec-16,139.856
23-Dec-16,141.584
24-Dec-16,141.419
25-Dec-16,138.651
26-Dec-16,142.215
27-Dec-16,145.586
28-Dec-16,147.613
29-Dec-16,145.281
30-Dec-16,145.295
31-Dec-16,148.037
01-Jan-17,139.852
02-Jan-17,144.05
03-Jan-17,147.658
04-Jan-17,150.169
05-Jan-17,149.811
06-Jan-17,149.702
07-Jan-17,148.871
08-Jan-17,147.117
09-Jan-17,149.127
10-Jan-17,150.803
11-Jan-17,152.121
12-Jan-17,152.433
13-Jan-17,148.5
14-Jan-17,138.936
15-Jan-17,131.577
16-Jan-17,138.504
17-Jan-17,142.048
18-Jan-17,144.107
19-Jan-17,146.446
20-Jan-17,148.074
21-Jan-17,147.936
22-Jan-17,144.166
23-Jan-17,146.248
24-Jan-17,147.617
25-Jan-17,151.171
26-Jan-17,147.176
27-Jan-17,145.948
28-Jan-17,146.385
29-Jan-17,146.638
30-Jan-17,151.666
31-Jan-17,154.684
01-Feb-17,153.954
02-Feb-17,154.397
03-Feb-17,155.223
04-Feb-17,156.757
05-Feb-17,154.942
06-Feb-17,155.938
07-Feb-17,157.711
08-Feb-17,159.243
09-Feb-17,157.85
10-Feb-17,157.953
11-Feb-17,154.037
12-Feb-17,153.527
13-Feb-17,155.537
14-Feb-17,157.862
15-Feb-17,158.142
16-Feb-17,157.556
17-Feb-17,156.471
18-Feb-17,157.015
19-Feb-17,156.648
20-Feb-17,159.007
21-Feb-17,160.319
22-Feb-17,162.28
23-Feb-17,165.04
24-Feb-17,164.277
25-Feb-17,164.2
26-Feb-17,160.442
27-Feb-17,162.555
28-Feb-17,161.351
01-Mar-17,161.415
02-Mar-17,161.402
03-Mar-17,160.988
04-Mar-17,162.481
05-Mar-17,160.804
06-Mar-17,165.74
07-Mar-17,164.106
08-Mar-17,162.252
09-Mar-17,161.4
10-Mar-17,160.225
11-Mar-17,156.915
14-Mar-17,161.175
15-Mar-17,162.137
16-Mar-17,162.762
17-Mar-17,163.713
18-Mar-17,164.685
19-Mar-17,157.444
20-Mar-17,161.901
21-Mar-17,165.116
22-Mar-17,166.126
23-Mar-17,165.12
24-Mar-17,166.806
25-Mar-17,165.162
26-Mar-17,163.847
27-Mar-17,164.944
28-Mar-17,167.133
29-Mar-17,165.784
30-Mar-17,164.479
31-Mar-17,166.886
01-Apr-17,165.237
02-Apr-17,158.91
03-Apr-17,160.83
06-Apr-17,164.178
07-Apr-17,165.675
08-Apr-17,165.471
09-Apr-17,165.682
10-Apr-17,166.261
11-Apr-17,168.794
14-Apr-17,165.767
16-Apr-17,163.614
18-Apr-17,170.24
21-Apr-17,163.913
22-Apr-17,165.738
26-Apr-17,170.019
27-Apr-17,169.756
30-Apr-17,157.015
01-May-17,147.112
02-May-17,155.126
03-May-17,162.271
04-May-17,165.257
05-May-17,167.542
06-May-17,166.746
07-May-17,153.05
08-May-17,156.378
09-May-17,162.374
10-May-17,154.057
11-May-17,161.278
12-May-17,165.027
13-May-17,163.849
14-May-17,162.914
15-May-17,168.756
16-May-17,175.998
17-May-17,174.171
18-May-17,172.471
19-May-17,173.047
20-May-17,171.461
21-May-17,166.228
22-May-17,168.623
23-May-17,170.641
24-May-17,171.958
25-May-17,175.04
26-May-17,169.017
27-May-17,149.289
28-May-17,153.94
29-May-17,160.408
30-May-17,167.048
31-May-17,172.427
01-Jun-17,168.964
02-Jun-17,171.089
03-Jun-17,171.409
04-Jun-17,162.437
05-Jun-17,162.116
06-Jun-17,151.796
07-Jun-17,137.526
08-Jun-17,133.978
09-Jun-17,141.76
10-Jun-17,143.92
11-Jun-17,145.85
12-Jun-17,150.931
13-Jun-17,155.528
14-Jun-17,152.812
15-Jun-17,148.422
16-Jun-17,137.202
17-Jun-17,143.641
18-Jun-17,145.637
19-Jun-17,143.758
20-Jun-17,145.47
21-Jun-17,146.023
22-Jun-17,151.526
23-Jun-17,149.628
24-Jun-17,140.074
25-Jun-17,131.534
26-Jun-17,134.174
27-Jun-17,138.05
28-Jun-17,142.256
29-Jun-17,146.025
30-Jun-17,150.057
01-Jul-17,145.53
02-Jul-17,144.737
03-Jul-17,148.866
04-Jul-17,150.579
05-Jul-17,158.899
06-Jul-17,158.473
07-Jul-17,153.339
08-Jul-17,147.822
09-Jul-17,152.125
10-Jul-17,154.066
11-Jul-17,153.668
12-Jul-17,146.24
13-Jul-17,145.329
14-Jul-17,139.744
15-Jul-17,141.917
16-Jul-17,136.157
17-Jul-17,135.947
18-Jul-17,145.637
19-Jul-17,133.271
20-Jul-17,139.358
21-Jul-17,154.645
22-Jul-17,159.351
23-Jul-17,162.207
24-Jul-17,164.98
25-Jul-17,164.762
26-Jul-17,167.084
27-Jul-17,169.981
28-Jul-17,166.719
29-Jul-17,163.439
30-Jul-17,162.367
31-Jul-17,162.379
01-Aug-17,159.156
02-Aug-17,155.851
03-Aug-17,160.35
04-Aug-17,165.067
05-Aug-17,156.003
06-Aug-17,158.268
07-Aug-17,162.67
08-Aug-17,154.644
09-Aug-17,155.743
10-Aug-17,152.882
11-Aug-17,153.605
12-Aug-17,147.538
13-Aug-17,145.486
14-Aug-17,150.388
15-Aug-17,154.251
16-Aug-17,156.912
17-Aug-17,149.553
18-Aug-17,144.433
19-Aug-17,139.967
20-Aug-17,136.54
21-Aug-17,146.014
22-Aug-17,150.089
23-Aug-17,151.416
24-Aug-17,146.666
25-Aug-17,135.97
26-Aug-17,137.486
27-Aug-17,136.934
28-Aug-17,137.845
29-Aug-17,134.243
30-Aug-17,150.054
31-Aug-17,153.084
01-Sep-17,154.109
02-Sep-17,154.469
03-Sep-17,149.878
04-Sep-17,150.827
05-Sep-17,148.988
06-Sep-17,147.38
07-Sep-17,145.934
08-Sep-17,146.789
09-Sep-17,146.818
10-Sep-17,148.375
11-Sep-17,154.271
12-Sep-17,154.293
13-Sep-17,158.303
14-Sep-17,157.968
15-Sep-17,150.708
16-Sep-17,150.693
17-Sep-17,138.945
18-Sep-17,143.894
19-Sep-17,152.975
20-Sep-17,157.184
21-Sep-17,162.69
22-Sep-17,160.774
23-Sep-17,168.237
24-Sep-17,162.589
25-Sep-17,154.468
26-Sep-17,153.174
27-Sep-17,151.312
28-Sep-17,148.004
29-Sep-17,145.462
30-Sep-17,140.391
01-Oct-17,137.993
02-Oct-17,133.068
03-Oct-17,141.405
04-Oct-17,143.267
05-Oct-17,137.08
06-Oct-17,140.606
07-Oct-17,142.695
08-Oct-17,141.344
09-Oct-17,146.343
10-Oct-17,144.044
11-Oct-17,141.573
12-Oct-17,143.58
13-Oct-17,145.168
14-Oct-17,145.566
15-Oct-17,144.425
16-Oct-17,142.537
17-Oct-17,147.946
18-Oct-17,146.102
19-Oct-17,141.04
20-Oct-17,148.311
21-Oct-17,152.775
22-Oct-17,154.088
23-Oct-17,161.587
24-Oct-17,164.035
25-Oct-17,165.992
26-Oct-17,164.667
27-Oct-17,162.387
28-Oct-17,161.377
29-Oct-17,161.309
30-Oct-17,158.074
31-Oct-17,160.299
01-Nov-17,158.742
02-Nov-17,159.334
03-Nov-17,160.42
04-Nov-17,154.878
05-Nov-17,149.808
06-Nov-17,149.943
07-Nov-17,152.56
08-Nov-17,155.057
09-Nov-17,160.027
10-Nov-17,160.659
11-Nov-17,156.2
12-Nov-17,154.032
13-Nov-17,158.149
14-Nov-17,162.914
15-Nov-17,157.678
16-Nov-17,163.413
17-Nov-17,166.02
18-Nov-17,167.405
19-Nov-17,164.611
20-Nov-17,167.228
21-Nov-17,167.144
22-Nov-17,169.442
23-Nov-17,170.941
24-Nov-17,167.951
25-Nov-17,164.79
26-Nov-17,159.814
27-Nov-17,161.998
28-Nov-17,159.353
29-Nov-17,161.649
30-Nov-17,156.489
01-Dec-17,152.649
02-Dec-17,154.829
03-Dec-17,146.442
04-Dec-17,152.941
05-Dec-17,156.588
06-Dec-17,159.759
07-Dec-17,153.601
08-Dec-17,155.592
09-Dec-17,155.767
10-Dec-17,155.63
11-Dec-17,158.798
12-Dec-17,160.458
13-Dec-17,167.668
14-Dec-17,164.728
15-Dec-17,163.523
16-Dec-17,159.898
17-Dec-17,155.706
18-Dec-17,157.719
19-Dec-17,157.308
20-Dec-17,155.475
21-Dec-17,160.352
22-Dec-17,159.611
23-Dec-17,159.725
24-Dec-17,156.493
25-Dec-17,157.946
26-Dec-17,160.649
27-Dec-17,160.422
28-Dec-17,159.427
29-Dec-17,163.109
30-Dec-17,163.991
31-Dec-17,161.495
01-Jan-18,158.065
02-Jan-18,159.567
03-Jan-18,162.367
04-Jan-18,161.689
05-Jan-18,161.544
06-Jan-18,161.478
07-Jan-18,159.145
08-Jan-18,160.318
09-Jan-18,161.846
10-Jan-18,162.806
11-Jan-18,163.754
12-Jan-18,166.276
13-Jan-18,167.282
14-Jan-18,162.86
15-Jan-18,154.195
16-Jan-18,151.175
17-Jan-18,157.51
18-Jan-18,161.682
19-Jan-18,163.938
20-Jan-18,164.038
21-Jan-18,160.432
22-Jan-18,162.496
23-Jan-18,165.258
24-Jan-18,166.444
25-Jan-18,166.785
26-Jan-18,165.116
27-Jan-18,166.506
28-Jan-18,164.158
29-Jan-18,166.144
30-Jan-18,168.645
31-Jan-18,167.583
01-Feb-18,164.171
02-Feb-18,164.94
03-Feb-18,165.951
04-Feb-18,161.388
05-Feb-18,165.328
06-Feb-18,166.308
07-Feb-18,167.434
08-Feb-18,166.948
09-Feb-18,170.403
10-Feb-18,170.713
11-Feb-18,168.625
12-Feb-18,171.281
13-Feb-18,171.017
14-Feb-18,168.21
15-Feb-18,170.539
16-Feb-18,171.24
17-Feb-18,173.757
18-Feb-18,172.087
19-Feb-18,173.688
20-Feb-18,174.917
21-Feb-18,175.298
22-Feb-18,178.431
23-Feb-18,178.146
24-Feb-18,174.014
25-Feb-18,169.614
26-Feb-18,171.667
27-Feb-18,176.134
28-Feb-18,178.342
01-Mar-18,176.221
02-Mar-18,169.653
03-Mar-18,174.534
04-Mar-18,172.524
05-Mar-18,175.103
06-Mar-18,177.666
07-Mar-18,177.773
08-Mar-18,178.622
09-Mar-18,180.234
10-Mar-18,180.478
11-Mar-18,175.745
12-Mar-18,178.833
13-Mar-18,180.038
14-Mar-18,181.768
15-Mar-18,181.833
16-Mar-18,179.036
17-Mar-18,156.37
18-Mar-18,158.431
19-Mar-18,163.135
20-Mar-18,170.757
21-Mar-18,175.654
22-Mar-18,178.843
23-Mar-18,182.734
24-Mar-18,184.1
25-Mar-18,180.23
26-Mar-18,180.996
27-Mar-18,180.033
28-Mar-18,183.786
29-Mar-18,184.981
30-Mar-18,180.104
31-Mar-18,174.443
01-Apr-18,167.208
02-Apr-18,161.1
03-Apr-18,170.177
04-Apr-18,171.326
05-Apr-18,171.323
06-Apr-18,175.833
07-Apr-18,174.487
08-Apr-18,166.747
09-Apr-18,175.149
10-Apr-18,177.401
11-Apr-18,180.037
12-Apr-18,181.462
13-Apr-18,181.353
14-Apr-18,181.509
15-Apr-18,180.853
16-Apr-18,182.728
17-Apr-18,183.487
18-Apr-18,182.913
19-Apr-18,181.868
20-Apr-18,181.909
21-Apr-18,182.49
22-Apr-18,179.92
23-Apr-18,176.424
24-Apr-18,174.118
25-Apr-18,173.316
26-Apr-18,180.392
27-Apr-18,180.863
28-Apr-18,182.864
29-Apr-18,178.503
30-Apr-18,181.144
01-May-18,160.527
02-May-18,166.018
03-May-18,145.036
04-May-18,146.818
05-May-18,163.246
06-May-18,164.749
07-May-18,172.395
08-May-18,176.422
09-May-18,178.073
10-May-18,176.685
11-May-18,176.599
12-May-18,172.161
13-May-18,164.014
14-May-18,165.773
15-May-18,165.302
16-May-18,174.247
17-May-18,177.47
18-May-18,176.873
19-May-18,177.322
20-May-18,171.129
21-May-18,176.633
22-May-18,178.664
23-May-18,176.854
24-May-18,176.176
25-May-18,178.944
26-May-18,179.475
27-May-18,176.503
28-May-18,182.647
29-May-18,184.305
30-May-18,186.296
31-May-18,180.184
01-Jun-18,177.187
02-Jun-18,161.897
03-Jun-18,160.236
04-Jun-18,164.434
05-Jun-18,168.105
06-Jun-18,160.37
07-Jun-18,154.28
08-Jun-18,150.67
09-Jun-18,149.398
10-Jun-18,147.628
11-Jun-18,151.901
12-Jun-18,151.249
13-Jun-18,157.599
14-Jun-18,168.142
15-Jun-18,171.119
16-Jun-18,169.055
17-Jun-18,167.996
18-Jun-18,171.75
19-Jun-18,179.693
20-Jun-18,184.537
21-Jun-18,183.207
22-Jun-18,179.807
23-Jun-18,175.295
24-Jun-18,171.88
25-Jun-18,173.8
26-Jun-18,174.833
27-Jun-18,168.232
28-Jun-18,158.374
29-Jun-18,163.89
30-Jun-18,161.821
01-Jul-18,155.173
02-Jul-18,158.426
03-Jul-18,150.987
04-Jul-18,158.477
05-Jul-18,162.087
06-Jul-18,162.195
07-Jul-18,153.112
08-Jul-18,146.803
09-Jul-18,150.654
10-Jul-18,150.8
11-Jul-18,148.698
12-Jul-18,142.266
13-Jul-18,147.233
14-Jul-18,145.894
15-Jul-18,142.952
16-Jul-18,144.175
17-Jul-18,153.074
18-Jul-18,160.548
19-Jul-18,166.686
20-Jul-18,163.141
21-Jul-18,160.737
22-Jul-18,158.763
23-Jul-18,167.594
24-Jul-18,172.81
25-Jul-18,176.174
26-Jul-18,179.322
27-Jul-18,176.662
28-Jul-18,175.957
29-Jul-18,173.033
30-Jul-18,181.674
31-Jul-18,182.926
01-Aug-18,181.167
02-Aug-18,176.1
03-Aug-18,177.021
04-Aug-18,177.293
05-Aug-18,174.574
06-Aug-18,174.389
07-Aug-18,171.421
08-Aug-18,168.024
09-Aug-18,170.46
10-Aug-18,170.383
11-Aug-18,153.172
12-Aug-18,150.273
13-Aug-18,151.961
14-Aug-18,151.685
15-Aug-18,144.586
16-Aug-18,146.35
17-Aug-18,154.305
18-Aug-18,156.907
19-Aug-18,152.42
20-Aug-18,153.186
21-Aug-18,158.967
22-Aug-18,169.428
23-Aug-18,177.195
24-Aug-18,176.79
25-Aug-18,174.169
26-Aug-18,170.679
27-Aug-18,168.895
28-Aug-18,169.291
29-Aug-18,172.939
30-Aug-18,179.583
31-Aug-18,179.816
01-Sep-18,177.431
02-Sep-18,177.982
03-Sep-18,184.249
04-Sep-18,186.78
05-Sep-18,187.788
06-Sep-18,186.915
07-Sep-18,187.7
08-Sep-18,184.193
09-Sep-18,190.198
10-Sep-18,192.933
11-Sep-18,190.225
12-Sep-18,181.784
13-Sep-18,178.148
14-Sep-18,180.624
15-Sep-18,181.464
16-Sep-18,172.261
17-Sep-18,160.167
18-Sep-18,158.01
19-Sep-18,160.452
20-Sep-18,161.314
21-Sep-18,152.844
22-Sep-18,155.897
23-Sep-18,167.326
24-Sep-18,173.341
25-Sep-18,175.828
26-Sep-18,170.085
27-Sep-18,168.685
28-Sep-18,174.519
29-Sep-18,179.261
30-Sep-18,181.876
01-Oct-18,184.444
02-Oct-18,183.849
03-Oct-18,187.223
04-Oct-18,183.091
05-Oct-18,176.176
06-Oct-18,177.845
07-Oct-18,181.201
08-Oct-18,186.708
09-Oct-18,187.208
10-Oct-18,181.195
11-Oct-18,181.612
12-Oct-18,187.014
13-Oct-18,186.117
14-Oct-18,187.448
15-Oct-18,186.937
16-Oct-18,181.862
17-Oct-18,176.245
18-Oct-18,163.378
19-Oct-18,163.548
20-Oct-18,169.033
21-Oct-18,173.111
22-Oct-18,181.241
23-Oct-18,182.744
24-Oct-18,187.366
25-Oct-18,189.719
26-Oct-18,187.374
27-Oct-18,184.272
28-Oct-18,179.72
29-Oct-18,182.923
30-Oct-18,183.529
31-Oct-18,189.186
01-Nov-18,179.719
02-Nov-18,175.192
03-Nov-18,176.66
04-Nov-18,178.121
05-Nov-18,183.584
06-Nov-18,186.203
07-Nov-18,175.6
08-Nov-18,178.318
09-Nov-18,185.379
10-Nov-18,184.326
11-Nov-18,184.027
12-Nov-18,183.117
13-Nov-18,181.28
14-Nov-18,181.159
15-Nov-18,178.395
16-Nov-18,172.7
17-Nov-18,171.05
18-Nov-18,166.275
19-Nov-18,173.312
20-Nov-18,175.762
21-Nov-18,169.558
22-Nov-18,159.484
23-Nov-18,160.073
24-Nov-18,161.508
25-Nov-18,158.888
26-Nov-18,160.515
27-Nov-18,161.411
28-Nov-18,164.935
29-Nov-18,167.18
30-Nov-18,168.076
01-Dec-18,165.39
02-Dec-18,161.745
03-Dec-18,163.796
04-Dec-18,160.655
05-Dec-18,159.963
06-Dec-18,163.199
07-Dec-18,163.865
08-Dec-18,164.937
09-Dec-18,163.307
10-Dec-18,164.375
11-Dec-18,166.52
12-Dec-18,167.145
13-Dec-18,168.499
14-Dec-18,164.161
15-Dec-18,159.171
16-Dec-18,148.77
17-Dec-18,125.976
18-Dec-18,139.797
19-Dec-18,147.365
20-Dec-18,151.092
21-Dec-18,152.039
22-Dec-18,153.044
23-Dec-18,151.246
24-Dec-18,156.066
25-Dec-18,157.175
26-Dec-18,160.428
27-Dec-18,162.938
28-Dec-18,161.778
29-Dec-18,162.543
30-Dec-18,155.992
31-Dec-18,158.614
01-Jan-19,152.233
02-Jan-19,155.343
03-Jan-19,157.659
04-Jan-19,159.317
05-Jan-19,159.691
06-Jan-19,155.84
07-Jan-19,157.784
08-Jan-19,159.756
09-Jan-19,158.347
10-Jan-19,159.229
11-Jan-19,161.829
12-Jan-19,159.272
13-Jan-19,159.59
14-Jan-19,155.815
15-Jan-19,148.881
16-Jan-19,145.451
17-Jan-19,154.302
18-Jan-19,159.514
19-Jan-19,161.293
20-Jan-19,159.316
21-Jan-19,161.219
22-Jan-19,163.235
23-Jan-19,164.03
24-Jan-19,165.005
25-Jan-19,167.177
26-Jan-19,165.945
27-Jan-19,160.626
28-Jan-19,146.782
29-Jan-19,144.809
30-Jan-19,147.951
31-Jan-19,151.36
01-Feb-19,154.77
02-Feb-19,156.924
03-Feb-19,156.769
04-Feb-19,157.661
05-Feb-19,161.77
06-Feb-19,160.634
07-Feb-19,164.332
08-Feb-19,168.349
09-Feb-19,167.531
10-Feb-19,163.197
11-Feb-19,166.168
12-Feb-19,167.773
13-Feb-19,169.679
14-Feb-19,170.19
15-Feb-19,170.306
16-Feb-19,172.512
17-Feb-19,177.645
18-Feb-19,185.066
19-Feb-19,189.135
20-Feb-19,187.44
21-Feb-19,188.122
22-Feb-19,186.76
23-Feb-19,186.314
24-Feb-19,185.359
25-Feb-19,187.438
26-Feb-19,187.523
27-Feb-19,191.06
28-Feb-19,190.384
01-Mar-19,185.544
02-Mar-19,185.557
03-Mar-19,184.053
04-Mar-19,185.963
05-Mar-19,187.764
06-Mar-19,191.198
07-Mar-19,196.395
08-Mar-19,195.393
09-Mar-19,194.728
10-Mar-19,192.685
11-Mar-19,193.608
12-Mar-19,194.598
13-Mar-19,194.673
14-Mar-19,192.334
15-Mar-19,193.76
16-Mar-19,192.213
17-Mar-19,188.127
18-Mar-19,188.381
19-Mar-19,192.274
20-Mar-19,194.082
21-Mar-19,189.578
22-Mar-19,193.001
23-Mar-19,195.789
24-Mar-19,192.445
25-Mar-19,194.639
26-Mar-19,193.883
27-Mar-19,194.892
28-Mar-19,195.927
29-Mar-19,196.71
30-Mar-19,197.702
31-Mar-19,194.284
01-Apr-19,191.807
02-Apr-19,192.385
03-Apr-19,192.793
04-Apr-19,192.489
05-Apr-19,193.745
06-Apr-19,183.925
07-Apr-19,178.697
08-Apr-19,187.222
09-Apr-19,189.745
10-Apr-19,191.181
11-Apr-19,170.755
12-Apr-19,188.739
13-Apr-19,187.49
14-Apr-19,189.833
15-Apr-19,188.557
16-Apr-19,190.802
17-Apr-19,190.982
18-Apr-19,192.063
19-Apr-19,189.975
20-Apr-19,184.568
21-Apr-19,175.289
22-Apr-19,175.477
23-Apr-19,174.617
24-Apr-19,183.786
25-Apr-19,184.567
26-Apr-19,187.176
27-Apr-19,189.016
28-Apr-19,187.611
29-Apr-19,189.72
30-Apr-19,189.57
01-May-19,171.423
02-May-19,167.992
03-May-19,177.042
04-May-19,184.484
05-May-19,186.812
06-May-19,193.651
07-May-19,192.368
08-May-19,192.608
09-May-19,196.692
10-May-19,199.929
11-May-19,194.092
12-May-19,191.855
13-May-19,188.615
14-May-19,191.469
15-May-19,191.56
16-May-19,193.124
17-May-19,192.066
18-May-19,194.671
19-May-19,193.28
20-May-19,188.988
21-May-19,196.754
22-May-19,198.156
23-May-19,197.992
24-May-19,195.688
25-May-19,197.035
26-May-19,195.761
27-May-19,193.437
28-May-19,197.121
29-May-19,192.191
30-May-19,178.58
31-May-19,192.039
01-Jun-19,190.971
02-Jun-19,189.49
03-Jun-19,172.045
04-Jun-19,178.962
05-Jun-19,188.676
06-Jun-19,181.808
07-Jun-19,183.849
08-Jun-19,184.524
09-Jun-19,186.498
10-Jun-19,177.946
11-Jun-19,186.989
12-Jun-19,191.492
13-Jun-19,193.991
14-Jun-19,194.219
15-Jun-19,198.287
16-Jun-19,193.822
17-Jun-19,188.742
18-Jun-19,191.161
19-Jun-19,198.185
20-Jun-19,190.213
21-Jun-19,182.614
22-Jun-19,178.171
23-Jun-19,166.255
24-Jun-19,172.49
25-Jun-19,173.785
26-Jun-19,173.995
27-Jun-19,173.375
28-Jun-19,178.68
29-Jun-19,179.545
30-Jun-19,172.131
01-Jul-19,167.529
02-Jul-19,167.338
03-Jul-19,169.427
04-Jul-19,175.453
05-Jul-19,172.882
06-Jul-19,172.941
07-Jul-19,171.949
08-Jul-19,179.429
09-Jul-19,181.45
10-Jul-19,181.64
11-Jul-19,179.516
12-Jul-19,184.988
13-Jul-19,180.342
14-Jul-19,168.342
15-Jul-19,171.026
16-Jul-19,175.925
17-Jul-19,179.927
18-Jul-19,175.951
19-Jul-19,168.663
20-Jul-19,162.08
21-Jul-19,163.053
22-Jul-19,163.728
23-Jul-19,162.79
24-Jul-19,170.719
25-Jul-19,170.137
26-Jul-19,153.804
27-Jul-19,151.814
28-Jul-19,148.26
29-Jul-19,151.5
30-Jul-19,156.643
31-Jul-19,164.58
01-Aug-19,159.63
02-Aug-19,148.578
03-Aug-19,148.312
04-Aug-19,151.038
05-Aug-19,152.34
06-Aug-19,148.796
07-Aug-19,147.119
08-Aug-19,149.52
09-Aug-19,162.221
10-Aug-19,168.264
11-Aug-19,177.21
12-Aug-19,181.3
13-Aug-19,180.03
14-Aug-19,179.805
15-Aug-19,174.248
16-Aug-19,180.554
17-Aug-19,171.311
18-Aug-19,161.926
19-Aug-19,161.492
20-Aug-19,159.864
21-Aug-19,158.926
22-Aug-19,158.216
23-Aug-19,160.95
24-Aug-19,164.295
25-Aug-19,162.624
26-Aug-19,171.647
27-Aug-19,180.625
28-Aug-19,185.263
29-Aug-19,191.776
30-Aug-19,189.525
31-Aug-19,180.459
01-Sep-19,165.513
02-Sep-19,154.763
03-Sep-19,154.045
04-Sep-19,155.777
05-Sep-19,161.684
06-Sep-19,164.864
07-Sep-19,165.409
08-Sep-19,165.052
09-Sep-19,174.167
10-Sep-19,182.294
11-Sep-19,181.585
12-Sep-19,178.418
13-Sep-19,180.084
14-Sep-19,176.186
15-Sep-19,171.86
16-Sep-19,168.381
17-Sep-19,159.27
18-Sep-19,156.302
19-Sep-19,152.036
20-Sep-19,150.025
21-Sep-19,155.158
22-Sep-19,156.083
23-Sep-19,160.275
24-Sep-19,153.592
25-Sep-19,150.825
26-Sep-19,145.448
27-Sep-19,147.109
28-Sep-19,151.228
29-Sep-19,158.021
30-Sep-19,160.358
01-Oct-19,167.314
02-Oct-19,164.969
03-Oct-19,165.319
04-Oct-19,163.11
05-Oct-19,161.235
06-Oct-19,159.766
07-Oct-19,158.87
08-Oct-19,153.838
09-Oct-19,156.597
10-Oct-19,157.378
11-Oct-19,159.372
12-Oct-19,158.965
13-Oct-19,160.276
14-Oct-19,163.198
15-Oct-19,162.211
16-Oct-19,154.545
17-Oct-19,150.684
18-Oct-19,153.472
19-Oct-19,152.434
20-Oct-19,150.204
21-Oct-19,150.382
22-Oct-19,143.943
23-Oct-19,139.838
24-Oct-19,142.967
25-Oct-19,148.477
26-Oct-19,150.207
27-Oct-19,144.799
28-Oct-19,148.835
29-Oct-19,153.406
30-Oct-19,145.775
31-Oct-19,146.991
01-Nov-19,151.678
02-Nov-19,155.719
03-Nov-19,156.255
04-Nov-19,160.416
05-Nov-19,165.201
06-Nov-19,170.094
07-Nov-19,169.714
08-Nov-19,167.532
09-Nov-19,163.879
10-Nov-19,163.989
11-Nov-19,170.974
12-Nov-19,172.676
13-Nov-19,172.585
14-Nov-19,168.729
15-Nov-19,162.22
16-Nov-19,165.725
17-Nov-19,166.367
18-Nov-19,172.378
19-Nov-19,170.025
20-Nov-19,164.189
21-Nov-19,165.373
22-Nov-19,166.636
23-Nov-19,166.697
24-Nov-19,163.696
25-Nov-19,166.396
26-Nov-19,165.319
27-Nov-19,165.438
28-Nov-19,161.715
29-Nov-19,162.485
30-Nov-19,164.238
01-Dec-19,147.731
02-Dec-19,147.031
03-Dec-19,147.448
04-Dec-19,148.941
05-Dec-19,152.093
06-Dec-19,151.159
07-Dec-19,150.829
08-Dec-19,146.665
09-Dec-19,151.679
10-Dec-19,156.158
11-Dec-19,155.75
12-Dec-19,156.704
13-Dec-19,157.666
14-Dec-19,151.897
15-Dec-19,153.539
16-Dec-19,158.685
17-Dec-19,158.784
18-Dec-19,159.736
19-Dec-19,162.829
20-Dec-19,163.519
21-Dec-19,163.525
22-Dec-19,159.672
23-Dec-19,163.205
24-Dec-19,164.842
25-Dec-19,162.317
26-Dec-19,165.246
27-Dec-19,168.852
28-Dec-19,165.558
29-Dec-19,160.324
30-Dec-19,162.033
31-Dec-19,166.471
01-Jan-20,162.349
02-Jan-20,163.283
03-Jan-20,167.924
04-Jan-20,161.41
05-Jan-20,157.231
06-Jan-20,157.892
07-Jan-20,157.673
08-Jan-20,160.263
09-Jan-20,165.329
10-Jan-20,167.25
11-Jan-20,166.739
12-Jan-20,167.467
13-Jan-20,168.23
14-Jan-20,163.908
15-Jan-20,153.117
16-Jan-20,150.345
17-Jan-20,162.325
18-Jan-20,166.415
19-Jan-20,168.03
20-Jan-20,174.199
21-Jan-20,176.642
22-Jan-20,179.97
23-Jan-20,179.718
24-Jan-20,179.273
25-Jan-20,179.591
26-Jan-20,176.114
27-Jan-20,181.02
28-Jan-20,184.851
29-Jan-20,187.446
30-Jan-20,189.946
31-Jan-20,187.256
01-Feb-20,185.098
02-Feb-20,179.413
03-Feb-20,181.36
04-Feb-20,179.144
05-Feb-20,181.958
06-Feb-20,184.004
07-Feb-20,184.74
08-Feb-20,184.306
09-Feb-20,178.279
10-Feb-20,176.42
11-Feb-20,180.264
12-Feb-20,182.507
13-Feb-20,184.721
14-Feb-20,185.84
15-Feb-20,187.451
16-Feb-20,185.45
17-Feb-20,189.242
18-Feb-20,192.144
19-Feb-20,191.976
20-Feb-20,190.74
21-Feb-20,188.296
22-Feb-20,188.231
23-Feb-20,186.005
24-Feb-20,190.387
25-Feb-20,192.53
26-Feb-20,194.733
27-Feb-20,194.994
28-Feb-20,193.807
29-Feb-20,193.859
01-Mar-20,189.406
02-Mar-20,191.181
03-Mar-20,193.688
04-Mar-20,195.829
05-Mar-20,194.884
06-Mar-20,187.812
07-Mar-20,182.584
08-Mar-20,179.29
09-Mar-20,183.356
10-Mar-20,184.293
11-Mar-20,188.774
12-Mar-20,190.658
13-Mar-20,195.807
14-Mar-20,193.326
15-Mar-20,191.293
16-Mar-20,196.007
17-Mar-20,198.868
18-Mar-20,199.67
19-Mar-20,198.549
20-Mar-20,193.348
21-Mar-20,190.425
22-Mar-20,174.454
23-Mar-20,178.094
24-Mar-20,170.52
25-Mar-20,158.341
26-Mar-20,154.451
27-Mar-20,154.829
28-Mar-20,155.56
29-Mar-20,155.777
30-Mar-20,156.844
31-Mar-20,159.928
01-Apr-20,160.416
02-Apr-20,162.268
03-Apr-20,161.499
04-Apr-20,159.509
05-Apr-20,158.838
06-Apr-20,160.495
07-Apr-20,158.16
08-Apr-20,152.711
09-Apr-20,126.957
10-Apr-20,135.946
11-Apr-20,145.571
12-Apr-20,151.082
13-Apr-20,154.809
14-Apr-20,156.4
15-Apr-20,158.914
16-Apr-20,161.347
17-Apr-20,163.527
18-Apr-20,164.769
19-Apr-20,165.232
20-Apr-20,167.276
21-Apr-20,166.784
22-Apr-20,167.463
23-Apr-20,168.887
24-Apr-20,165.803
25-Apr-20,155.599
26-Apr-20,145.491
27-Apr-20,147.608
28-Apr-20,153.011
29-Apr-20,139.044
30-Apr-20,145.993
01-May-20,149.695
02-May-20,155.939
03-May-20,161.766
04-May-20,165.223
05-May-20,168.427
06-May-20,168.359
07-May-20,169.783
08-May-20,172.405
09-May-20,175.477
10-May-20,173.631
11-May-20,178.482
12-May-20,177.411
13-May-20,178.859
14-May-20,176.24
15-May-20,182.603
16-May-20,183.144
17-May-20,176.359
18-May-20,171.235
19-May-20,159.972
20-May-20,171.84
21-May-20,184.19
22-May-20,188.531
23-May-20,193.036
24-May-20,191.773
25-May-20,189.577
26-May-20,191.607
27-May-20,191.072
28-May-20,192.597
29-May-20,188.876
30-May-20,182.423
31-May-20,181.89
01-Jun-20,175.281
02-Jun-20,170.14
03-Jun-20,171.931
04-Jun-20,170.902
05-Jun-20,178.317
06-Jun-20,182.748
07-Jun-20,178.523
08-Jun-20,179.202
09-Jun-20,173.703
10-Jun-20,161.904
11-Jun-20,139.959
12-Jun-20,139.701
13-Jun-20,146.602
14-Jun-20,156.949
15-Jun-20,166.807
16-Jun-20,167.035
17-Jun-20,164.292
18-Jun-20,165.058
19-Jun-20,166.835
20-Jun-20,170.267
21-Jun-20,168.413
22-Jun-20,166.957
23-Jun-20,173.804
24-Jun-20,175.608
25-Jun-20,170.469
26-Jun-20,171.3
27-Jun-20,173.57
28-Jun-20,168.919
29-Jun-20,167.849
30-Jun-20,158.039
01-Jul-20,157.01
02-Jul-20,155.688
03-Jul-20,153.228
04-Jul-20,151.691
05-Jul-20,140.957
06-Jul-20,148.437
07-Jul-20,161.707
08-Jul-20,167.432
09-Jul-20,151.452
10-Jul-20,150.402
11-Jul-20,148.866
12-Jul-20,149.571
13-Jul-20,152.899
14-Jul-20,151.123
15-Jul-20,151.123
16-Jul-20,138.848
17-Jul-20,145.783
18-Jul-20,147.836
19-Jul-20,147.667
20-Jul-20,150.392
21-Jul-20,152.885
22-Jul-20,159.706
23-Jul-20,154.239
24-Jul-20,151.788
25-Jul-20,151.415
26-Jul-20,151.128
27-Jul-20,160.463
28-Jul-20,167.256
29-Jul-20,163.448
30-Jul-20,167.047
31-Jul-20,170.448
01-Aug-20,160.978
02-Aug-20,154.868
03-Aug-20,156.936
04-Aug-20,147.904
05-Aug-20,145.926
06-Aug-20,155.727
07-Aug-20,167.563
08-Aug-20,170.982
09-Aug-20,168.69
10-Aug-20,158.644
11-Aug-20,165.974
12-Aug-20,163.215
13-Aug-20,160.154
14-Aug-20,157.766
15-Aug-20,144.634
16-Aug-20,142.5
17-Aug-20,150.717
18-Aug-20,160.673
19-Aug-20,164.113
20-Aug-20,163.207
21-Aug-20,162.812
22-Aug-20,162.822
23-Aug-20,160.127
24-Aug-20,163.474
25-Aug-20,170.65
26-Aug-20,171.49
27-Aug-20,168.275
28-Aug-20,176.606
29-Aug-20,184.215
30-Aug-20,185.424
31-Aug-20,183.333
01-Sep-20,178.243
02-Sep-20,171.6
03-Sep-20,172.61
04-Sep-20,178.002
05-Sep-20,182.685
06-Sep-20,184.615
07-Sep-20,191.515
08-Sep-20,188.42
09-Sep-20,189.961
10-Sep-20,189.103
11-Sep-20,182.745
12-Sep-20,171.479
13-Sep-20,146.407
14-Sep-20,143.38
15-Sep-20,150.459
16-Sep-20,152.887
17-Sep-20,157.362
18-Sep-20,161.873
19-Sep-20,151.047
20-Sep-20,143.527
21-Sep-20,146.984
22-Sep-20,157.302
23-Sep-20,165.873
24-Sep-20,174.436
25-Sep-20,175.284
26-Sep-20,146.835
27-Sep-20,147.504
28-Sep-20,162.736
29-Sep-20,164.085
30-Sep-20,150.564
01-Oct-20,147.913
02-Oct-20,153.376
03-Oct-20,155.231
04-Oct-20,155.266
05-Oct-20,164.591
06-Oct-20,171.603
07-Oct-20,172.86
08-Oct-20,181.343
09-Oct-20,178.997
10-Oct-20,166.467
11-Oct-20,145.691
12-Oct-20,145.392
13-Oct-20,134.499
14-Oct-20,145.268
15-Oct-20,150.935
16-Oct-20,157.081
17-Oct-20,158.125
18-Oct-20,158.704
19-Oct-20,159.718
20-Oct-20,154.971
21-Oct-20,151.579
22-Oct-20,153.967
23-Oct-20,155.202
24-Oct-20,162.13
25-Oct-20,158.295
26-Oct-20,165.064
27-Oct-20,171.226
28-Oct-20,172.104
29-Oct-20,170.757
30-Oct-20,174.926
31-Oct-20,178.885
01-Nov-20,177.378
02-Nov-20,185.361
03-Nov-20,190.813
04-Nov-20,183.685
05-Nov-20,182.712
06-Nov-20,178.948
07-Nov-20,174.103
08-Nov-20,168.92
09-Nov-20,170.36
10-Nov-20,170.888
11-Nov-20,173.101
12-Nov-20,163.506
13-Nov-20,157.344
14-Nov-20,157.322
15-Nov-20,151.888
16-Nov-20,153.392
17-Nov-20,157.749
18-Nov-20,162.735
19-Nov-20,167.407
20-Nov-20,171.265
21-Nov-20,169.905
22-Nov-20,167.701
23-Nov-20,170.329
24-Nov-20,166.756
25-Nov-20,155.047
26-Nov-20,122.289
27-Nov-20,116.425
28-Nov-20,127.705
29-Nov-20,130.764
30-Nov-20,135.534
01-Dec-20,139.57
02-Dec-20,147.129
03-Dec-20,144.783
04-Dec-20,146.805
05-Dec-20,148.488
06-Dec-20,145.897
07-Dec-20,147.578
08-Dec-20,147.842
09-Dec-20,148.17
10-Dec-20,149.401
11-Dec-20,152.503
12-Dec-20,151.495
13-Dec-20,152.488
14-Dec-20,156.129
15-Dec-20,157.636
16-Dec-20,159.731
17-Dec-20,159.505
18-Dec-20,163.197
19-Dec-20,162.111
20-Dec-20,154.765
21-Dec-20,158.524
22-Dec-20,161.476
23-Dec-20,163.689
24-Dec-20,164.706
25-Dec-20,164.072
26-Dec-20,163.972
27-Dec-20,162.212
28-Dec-20,166.979
29-Dec-20,166.463
30-Dec-20,165.789
31-Dec-20,162.614
01-Jan-21,157.856
02-Jan-21,163.034
03-Jan-21,157.587
04-Jan-21,163.545
05-Jan-21,166.158
06-Jan-21,164.308
07-Jan-21,156.495
08-Jan-21,162.578
09-Jan-21,159.575
10-Jan-21,162.897
11-Jan-21,169.102
12-Jan-21,170.621
13-Jan-21,166.338
14-Jan-21,157.53
15-Jan-21,157.945
16-Jan-21,163.519
17-Jan-21,167.971
18-Jan-21,173.444
19-Jan-21,179.581
20-Jan-21,181.201
21-Jan-21,185.549
22-Jan-21,184.781
23-Jan-21,183.929
24-Jan-21,182.232
25-Jan-21,183.754
26-Jan-21,183.19
27-Jan-21,187.125
28-Jan-21,185.153
29-Jan-21,185.861
30-Jan-21,188.043
31-Jan-21,181.991
01-Feb-21,184.067
02-Feb-21,183.701
03-Feb-21,183.476
04-Feb-21,185.265
05-Feb-21,187.494
06-Feb-21,187.101
07-Feb-21,181.82
08-Feb-21,187.493
09-Feb-21,187.722
10-Feb-21,190.476
11-Feb-21,188.877
12-Feb-21,191.096
13-Feb-21,187.304
14-Feb-21,186.718
15-Feb-21,192.494
16-Feb-21,194.505
17-Feb-21,193.438
18-Feb-21,193.707
19-Feb-21,191.388
20-Feb-21,176.973
21-Feb-21,166.015
22-Feb-21,175.986
23-Feb-21,185.855
24-Feb-21,191.864
25-Feb-21,196.695
26-Feb-21,201.872
27-Feb-21,206.092
28-Feb-21,202.647
01-Mar-21,205.061
02-Mar-21,207.874
03-Mar-21,204.618
04-Mar-21,204.637
05-Mar-21,210.303
06-Mar-21,209.74
07-Mar-21,208.365
08-Mar-21,210.243
09-Mar-21,212.968
10-Mar-21,212.174
11-Mar-21,211.353
12-Mar-21,206.803
13-Mar-21,205.298
14-Mar-21,209.271
15-Mar-21,213.016
16-Mar-21,217.741
17-Mar-21,216.073
18-Mar-21,214.938
19-Mar-21,210.983
20-Mar-21,210.658
21-Mar-21,209.745
22-Mar-21,216.062
23-Mar-21,217.174
24-Mar-21,216.841
25-Mar-21,218.398
26-Mar-21,219.334
27-Mar-21,220.613
28-Mar-21,218.63
29-Mar-21,220.015
30-Mar-21,221.152
31-Mar-21,225.504
01-Apr-21,226.218
02-Apr-21,233.988
03-Apr-21,231.412
04-Apr-21,221.249
05-Apr-21,225.779
06-Apr-21,219.282
07-Apr-21,221.445
08-Apr-21,218.302
09-Apr-21,217.787
10-Apr-21,213.011
11-Apr-21,213.943
12-Apr-21,216.227
13-Apr-21,210.795
14-Apr-21,205.022
15-Apr-21,177.434
16-Apr-21,196.256
17-Apr-21,202.729
18-Apr-21,205.951
19-Apr-21,209.751
20-Apr-21,207.714
21-Apr-21,208.239
22-Apr-21,204.91
23-Apr-21,192.944
24-Apr-21,193.44
25-Apr-21,195.736
26-Apr-21,204.24
27-Apr-21,204.83
28-Apr-21,206.093
29-Apr-21,205.909
30-Apr-21,202.832
01-May-21,195.006
02-May-21,196.597
03-May-21,201.195
04-May-21,202.855
05-May-21,200.58
06-May-21,200.282
07-May-21,202.051
08-May-21,201.488
09-May-21,201.238
10-May-21,207.206
11-May-21,195.417
12-May-21,178.838
13-May-21,188.203
14-May-21,187.737
15-May-21,186.801
16-May-21,182.712
17-May-21,189.108
18-May-21,193.168
19-May-21,196.338
20-May-21,184.817
21-May-21,170.552
22-May-21,160.326
23-May-21,161.008
24-May-21,168.072
25-May-21,172.456
26-May-21,173.118
27-May-21,181.87
28-May-21,196.359
29-May-21,203.429
30-May-21,201.494
31-May-21,204.241
01-Jun-21,199.615
02-Jun-21,194.267
03-Jun-21,172.229
04-Jun-21,174.788
05-Jun-21,175.528
06-Jun-21,173.891
07-Jun-21,181.209
08-Jun-21,186.715
09-Jun-21,187.408
10-Jun-21,182.663
11-Jun-21,173.052
12-Jun-21,170.794
13-Jun-21,170.446
14-Jun-21,175.092
15-Jun-21,179.768
16-Jun-21,185.825
17-Jun-21,182.413
18-Jun-21,184.79
19-Jun-21,186.644
20-Jun-21,187.759
21-Jun-21,198.248
22-Jun-21,203.296
23-Jun-21,197.393
24-Jun-21,189.193
25-Jun-21,192.276
26-Jun-21,195.282
27-Jun-21,177.235
28-Jun-21,179.624
29-Jun-21,195.254
30-Jun-21,199.25
01-Jul-21,191.109
02-Jul-21,179.588
03-Jul-21,175.877
04-Jul-21,172.499
05-Jul-21,172.286
06-Jul-21,183.705
07-Jul-21,182.438
08-Jul-21,174.211
09-Jul-21,170.263
10-Jul-21,166.147
11-Jul-21,160.768
12-Jul-21,163.68
13-Jul-21,164.361
14-Jul-21,159.522
15-Jul-21,154.06
16-Jul-21,160.034
17-Jul-21,162.907
18-Jul-21,157.832
19-Jul-21,161.689
20-Jul-21,163.937
21-Jul-21,156.614
22-Jul-21,141.906
23-Jul-21,148.515
24-Jul-21,159.773
25-Jul-21,168.862
26-Jul-21,175.768
27-Jul-21,186.702
28-Jul-21,192.372
29-Jul-21,194.669
30-Jul-21,196.297
31-Jul-21,196.598
01-Aug-21,194.365
02-Aug-21,205.86
03-Aug-21,209.53
04-Aug-21,213.805
05-Aug-21,216.414
06-Aug-21,216.551
07-Aug-21,219.126
08-Aug-21,214.649
09-Aug-21,216.895
10-Aug-21,201.205
11-Aug-21,206.138
12-Aug-21,212.175
13-Aug-21,204.334
14-Aug-21,194.17
15-Aug-21,187.23
16-Aug-21,185.127
17-Aug-21,180.747
18-Aug-21,188.635
19-Aug-21,195.48
20-Aug-21,195.818
21-Aug-21,187.833
22-Aug-21,182.362
23-Aug-21,189.102
24-Aug-21,196.352
25-Aug-21,194
26-Aug-21,191.047
27-Aug-21,191.653
28-Aug-21,177.747
29-Aug-21,171.842
30-Aug-21,173.301
31-Aug-21,178.18
01-Sep-21,181.449
02-Sep-21,179.98
03-Sep-21,177.12
04-Sep-21,178.585
05-Sep-21,172.05
06-Sep-21,165.625
07-Sep-21,168.725
08-Sep-21,176.778
09-Sep-21,186.519
10-Sep-21,186.586
11-Sep-21,183.608
12-Sep-21,187.64
13-Sep-21,194.055
14-Sep-21,198.789
15-Sep-21,205.149
16-Sep-21,211.795
17-Sep-21,212.37
18-Sep-21,210.901
19-Sep-21,204.992
20-Sep-21,201.816
21-Sep-21,205.745
22-Sep-21,197.145
23-Sep-21,198.593
24-Sep-21,196.755
25-Sep-21,194.623
26-Sep-21,182.787
27-Sep-21,164.348
28-Sep-21,181.967
29-Sep-21,187.749
30-Sep-21,189.445
01-Oct-21,189.609
02-Oct-21,188.136
03-Oct-21,191.059
04-Oct-21,197.942
05-Oct-21,195.654
06-Oct-21,182.785
07-Oct-21,182.204
08-Oct-21,182.879
09-Oct-21,176.058
10-Oct-21,176.61
11-Oct-21,183.894
12-Oct-21,186.138
13-Oct-21,187.354
14-Oct-21,191.877
15-Oct-21,185.529
16-Oct-21,182.026
17-Oct-21,183.237
18-Oct-21,191.894
19-Oct-21,202.311
20-Oct-21,201.652
21-Oct-21,198.723
22-Oct-21,199.248
23-Oct-21,197.801
24-Oct-21,182.71
25-Oct-21,187.497
26-Oct-21,190.234
27-Oct-21,194.878
28-Oct-21,196.151
29-Oct-21,184.971
30-Oct-21,176.119
31-Oct-21,172.122
01-Nov-21,167.158
02-Nov-21,163.573
03-Nov-21,160.907
04-Nov-21,151.037
05-Nov-21,156.208
06-Nov-21,162.615
07-Nov-21,159.975
08-Nov-21,162.986
09-Nov-21,166.005
10-Nov-21,168.607
11-Nov-21,153.563
12-Nov-21,150.872
13-Nov-21,151.693
14-Nov-21,152.052
15-Nov-21,156.769
16-Nov-21,156.749
17-Nov-21,155.024
18-Nov-21,148.907
19-Nov-21,141.222
20-Nov-21,142.975
21-Nov-21,140.158
22-Nov-21,147.784
23-Nov-21,154.243
24-Nov-21,154.966
25-Nov-21,155.437
26-Nov-21,155.452
27-Nov-21,153.21
28-Nov-21,143.128
29-Nov-21,142.25
30-Nov-21,143.703
01-Dec-21,144.974
02-Dec-21,148.086
03-Dec-21,148.716
04-Dec-21,150.157
05-Dec-21,152.179
06-Dec-21,162.468
07-Dec-21,165.653
08-Dec-21,165.617
09-Dec-21,160.45
10-Dec-21,158.9
11-Dec-21,157.802
12-Dec-21,158.182
13-Dec-21,162.096
14-Dec-21,164.72
15-Dec-21,166.913
16-Dec-21,166.863
17-Dec-21,166.168
18-Dec-21,163.312
19-Dec-21,160.354
20-Dec-21,165.721
21-Dec-21,167.296
22-Dec-21,169.091
23-Dec-21,170.106
24-Dec-21,172.432
25-Dec-21,171.008
26-Dec-21,167.438
27-Dec-21,174.988
28-Dec-21,178.52
29-Dec-21,179
30-Dec-21,174.629
31-Dec-21,175.173
01-Jan-22,170.279
02-Jan-22,169.337
03-Jan-22,176.248
04-Jan-22,177.042
05-Jan-22,179.004
06-Jan-22,182.527
07-Jan-22,182.842
08-Jan-22,180.854
09-Jan-22,181.62
10-Jan-22,185.732
11-Jan-22,188.469
12-Jan-22,186.936
13-Jan-22,175.402
14-Jan-22,166.179
15-Jan-22,157.263
16-Jan-22,152.366
17-Jan-22,163.611
18-Jan-22,171.292
19-Jan-22,174.549
20-Jan-22,178.488
21-Jan-22,182.704
22-Jan-22,187.529
23-Jan-22,186.397
24-Jan-22,188.296
25-Jan-22,189.602
26-Jan-22,185.1
27-Jan-22,184.012
28-Jan-22,186.266
29-Jan-22,186.524
30-Jan-22,183.754
31-Jan-22,187.793
01-Feb-22,190.455
02-Feb-22,193.296
03-Feb-22,170.542
04-Feb-22,171.694
05-Feb-22,193.612
06-Feb-22,199.216
07-Feb-22,199.637
08-Feb-22,199.145
09-Feb-22,202.465
10-Feb-22,200.863
11-Feb-22,199.149
12-Feb-22,190.424
13-Feb-22,197.074
14-Feb-22,193.833
15-Feb-22,189.507
16-Feb-22,202.56
17-Feb-22,202.573
18-Feb-22,203.497
19-Feb-22,201.228
20-Feb-22,199.677
21-Feb-22,206.81
22-Feb-22,206.991
23-Feb-22,212.38
24-Feb-22,212.513
25-Feb-22,210.132
26-Feb-22,210.04
27-Feb-22,205.698
28-Feb-22,208.6
01-Mar-22,207.729
02-Mar-22,207.327
03-Mar-22,211.838
04-Mar-22,209.823
05-Mar-22,213.154
06-Mar-22,210.961
07-Mar-22,214.919
08-Mar-22,219.771
09-Mar-22,222.207
10-Mar-22,224.693
11-Mar-22,221.866
12-Mar-22,215.606
13-Mar-22,217.679
14-Mar-22,222.718
15-Mar-22,224.385
16-Mar-22,225.603
17-Mar-22,228.429
18-Mar-22,224.898
19-Mar-22,225.819
20-Mar-22,221.836
21-Mar-22,224.384
22-Mar-22,217.083
23-Mar-22,220.426
24-Mar-22,226.445
25-Mar-22,223.556
26-Mar-22,228.428
27-Mar-22,230.219
28-Mar-22,233.404
29-Mar-22,221.076
30-Mar-22,215.213
31-Mar-22,220.964
01-Apr-22,234.147
02-Apr-22,228.577
03-Apr-22,213.952
04-Apr-22,220.201
05-Apr-22,218.173
06-Apr-22,205.606
07-Apr-22,212.756
08-Apr-22,238.433
09-Apr-22,211.278
10-Apr-22,207.053
11-Apr-22,209.139
12-Apr-22,208.275
13-Apr-22,208.694
14-Apr-22,212.814
15-Apr-22,211.404
16-Apr-22,210.472
17-Apr-22,200.442
18-Apr-22,203.275
19-Apr-22,205.401
20-Apr-22,201.673
21-Apr-22,208.288
22-Apr-22,209.035
23-Apr-22,208.079
24-Apr-22,207.624
25-Apr-22,211.622
26-Apr-22,212.593
27-Apr-22,216.986
28-Apr-22,216.573
01-May-22,207.221
02-May-22,208.125
03-May-22,203.764
04-May-22,200.808
05-May-22,200.44
06-May-22,194.987
07-May-22,194.213
08-May-22,189.93
09-May-22,186.973
10-May-22,166.683
11-May-22,151.431
12-May-22,161.3
13-May-22,172.866
14-May-22,180.524
15-May-22,187.467
16-May-22,192.656
17-May-22,195.266
18-May-22,195.766
19-May-22,192.17
20-May-22,190.367
21-May-22,193.186
22-May-22,190.232
23-May-22,207.114
24-May-22,215.353
25-May-22,197.701
26-May-22,210.671
27-May-22,205.195
28-May-22,215.111
29-May-22,216.804
30-May-22,222.808
31-May-22,224.081
01-Jun-22,225.299
02-Jun-22,229.615
03-Jun-22,226.452
04-Jun-22,229.033
05-Jun-22,224.957
06-Jun-22,184.913
07-Jun-22,201.964
08-Jun-22,214.268
09-Jun-22,223.448
10-Jun-22,225.048
11-Jun-22,221.151
12-Jun-22,219.807
13-Jun-22,214.945
14-Jun-22,219.524
15-Jun-22,205.88
16-Jun-22,205.266
17-Jun-22,200.928
18-Jun-22,197.285
19-Jun-22,191.404
20-Jun-22,191.712
21-Jun-22,188.045
22-Jun-22,186.736
23-Jun-22,189.864
24-Jun-22,193.89
25-Jun-22,189.398
26-Jun-22,188.896
27-Jun-22,191.512
28-Jun-22,187.953
29-Jun-22,194.796
30-Jun-22,196.084
01-Jul-22,193.138
02-Jul-22,194.872
03-Jul-22,187.982
04-Jul-22,192.656
05-Jul-22,191.059
06-Jul-22,177.96
07-Jul-22,180.579
08-Jul-22,172.263
09-Jul-22,162.754
10-Jul-22,155.786
11-Jul-22,163.211
12-Jul-22,158.788
13-Jul-22,166.299
14-Jul-22,172.084
15-Jul-22,183.08
16-Jul-22,191.198
17-Jul-22,183.471
18-Jul-22,178.531
19-Jul-22,188.924
20-Jul-22,198.561
21-Jul-22,198.101
22-Jul-22,190.145
23-Jul-22,186.284
24-Jul-22,184.281
25-Jul-22,194.804
26-Jul-22,185.693
27-Jul-22,187.42
28-Jul-22,192.991
29-Jul-22,202.384
30-Jul-22,203.747
31-Jul-22,197.887
01-Aug-22,196.276
02-Aug-22,191.01
03-Aug-22,185.22
04-Aug-22,187.212
05-Aug-22,182.977
06-Aug-22,170.652
07-Aug-22,168.034
08-Aug-22,168.976
09-Aug-22,170.741
10-Aug-22,181.773
11-Aug-22,187.884
12-Aug-22,200.595
13-Aug-22,200.138
14-Aug-22,192.801
15-Aug-22,191.747
16-Aug-22,201.456
17-Aug-22,209.617
18-Aug-22,211.228
19-Aug-22,208.201
20-Aug-22,211.353
21-Aug-22,214.767
22-Aug-22,220.75
23-Aug-22,228.82
24-Aug-22,219.094
25-Aug-22,208.283
26-Aug-22,201.359
27-Aug-22,199.736
28-Aug-22,191.531
29-Aug-22,192.809
30-Aug-22,195.162
31-Aug-22,195.759
01-Sep-22,199.458
02-Sep-22,198.26
03-Sep-22,207.323
04-Sep-22,205.882
05-Sep-22,207.651
06-Sep-22,205.518
07-Sep-22,196.269
08-Sep-22,180.461
09-Sep-22,178.45
10-Sep-22,170.945
11-Sep-22,167.361
12-Sep-22,180.337
13-Sep-22,189.708
14-Sep-22,195.494
15-Sep-22,198.761
16-Sep-22,203.789
17-Sep-22,209.957
18-Sep-22,209.381
19-Sep-22,199.778
20-Sep-22,201.709
21-Sep-22,208.851
22-Sep-22,210.346
23-Sep-22,212.112
24-Sep-22,217.17
25-Sep-22,217.309
26-Sep-22,210.529
27-Sep-22,212.072
28-Sep-22,209.186
29-Sep-22,197.694
30-Sep-22,186.736
01-Oct-22,174.387
02-Oct-22,172.807
03-Oct-22,183.1
04-Oct-22,186.145
05-Oct-22,176.894
06-Oct-22,167.275
07-Oct-22,170.299
08-Oct-22,171.204
09-Oct-22,168.787
10-Oct-22,166.303
11-Oct-22,170.9
12-Oct-22,175.839
13-Oct-22,177.415
14-Oct-22,173.981
15-Oct-22,169.666
16-Oct-22,167.932
17-Oct-22,173.345
18-Oct-22,178.702
19-Oct-22,178.663
20-Oct-22,178.151
21-Oct-22,182.568
22-Oct-22,177.855
23-Oct-22,177.233
24-Oct-22,171.539
25-Oct-22,180.773
26-Oct-22,189.676
27-Oct-22,196.105
28-Oct-22,193.088
29-Oct-22,191.725
30-Oct-22,188.393
31-Oct-22,192.241
01-Nov-22,179.687
02-Nov-22,179.163
03-Nov-22,181.49
04-Nov-22,183.747
05-Nov-22,187.485
06-Nov-22,184.844
07-Nov-22,188.478
08-Nov-22,192.103
09-Nov-22,192.103
10-Nov-22,187.703
11-Nov-22,185.557
12-Nov-22,174.022
13-Nov-22,176.914
14-Nov-22,180.729
15-Nov-22,181.577
16-Nov-22,180.727
17-Nov-22,184.254
18-Nov-22,183.998
19-Nov-22,183.857
20-Nov-22,180.651
21-Nov-22,175.932
22-Nov-22,178.249
23-Nov-22,174.408
24-Nov-22,178.439
25-Nov-22,181.657
26-Nov-22,183.961
27-Nov-22,181.18
28-Nov-22,183.654
29-Nov-22,184.314
30-Nov-22,187.827
01-Dec-22,191.102
02-Dec-22,190.57
03-Dec-22,193.419
04-Dec-22,190.68
05-Dec-22,193.448
06-Dec-22,189.141
07-Dec-22,182.936
08-Dec-22,182.903
09-Dec-22,169.856
10-Dec-22,147.973
11-Dec-22,147.162
12-Dec-22,155.633
13-Dec-22,159.37
14-Dec-22,165.282
15-Dec-22,166.569
16-Dec-22,173.049
17-Dec-22,176.253
18-Dec-22,170.536
19-Dec-22,173.602
20-Dec-22,178.14
21-Dec-22,181.194
22-Dec-22,182.736
23-Dec-22,182.342
24-Dec-22,183.887
25-Dec-22,175.601
26-Dec-22,178.967
27-Dec-22,186.764
28-Dec-22,192.365
29-Dec-22,198.161
30-Dec-22,200.159
31-Dec-22,199.527
01-Jan-23,190.392
02-Jan-23,195.232
03-Jan-23,198
04-Jan-23,197.724
05-Jan-23,196.798
06-Jan-23,197.021
07-Jan-23,196.334
08-Jan-23,188.911
09-Jan-23,189.521
10-Jan-23,194.868
11-Jan-23,195.95
12-Jan-23,198.749
13-Jan-23,199.384
14-Jan-23,192.035
15-Jan-23,181.054
16-Jan-23,178.914
17-Jan-23,187.419
18-Jan-23,195.544
19-Jan-23,199.964
20-Jan-23,201.676
21-Jan-23,201.657
22-Jan-23,200.05
23-Jan-23,200.538
24-Jan-23,203.903
25-Jan-23,203.001
26-Jan-23,201.513
27-Jan-23,203.797
28-Jan-23,204.912
29-Jan-23,204.234
30-Jan-23,207.767
31-Jan-23,210.199
01-Feb-23,207.712
02-Feb-23,209.769
03-Feb-23,211.722
04-Feb-23,211.761
05-Feb-23,207.655
06-Feb-23,213.374
07-Feb-23,216.879
08-Feb-23,218.648
09-Feb-23,219.314
10-Feb-23,219.265
11-Feb-23,216.385
12-Feb-23,218.31
13-Feb-23,219.532
14-Feb-23,222.658
15-Feb-23,221.857
16-Feb-23,221.462
17-Feb-23,224.968
18-Feb-23,222.45
19-Feb-23,217.207
20-Feb-23,223.811
21-Feb-23,227.452
22-Feb-23,227.769
23-Feb-23,227.813
24-Feb-23,230.927
25-Feb-23,230.976
26-Feb-23,225.538
27-Feb-23,229.406
28-Feb-23,229.801
01-Mar-23,226.683
02-Mar-23,225.132
03-Mar-23,228.119
04-Mar-23,227.94
05-Mar-23,223.329
06-Mar-23,229.392
07-Mar-23,230.771
08-Mar-23,221.699
09-Mar-23,223.335
10-Mar-23,225.656
11-Mar-23,222.195
12-Mar-23,222.697
13-Mar-23,228.068
14-Mar-23,231.338
15-Mar-23,232.726
16-Mar-23,229.955
17-Mar-23,196.106
18-Mar-23,189.675
19-Mar-23,166.977
20-Mar-23,182.93
21-Mar-23,194.048
22-Mar-23,197.094
23-Mar-23,199.158
24-Mar-23,207.773
25-Mar-23,211.358
26-Mar-23,209.992
27-Mar-23,218.322
28-Mar-23,224.839
29-Mar-23,228.867
30-Mar-23,229.08
31-Mar-23,225.92
01-Apr-23,219.977
02-Apr-23,211.149
03-Apr-23,218.772
04-Apr-23,224.814
05-Apr-23,227.107
06-Apr-23,232.77
07-Apr-23,233.186
08-Apr-23,231.058
09-Apr-23,226.948
10-Apr-23,232.264
11-Apr-23,236.05
12-Apr-23,240.808
13-Apr-23,243.762
14-Apr-23,245.632
15-Apr-23,241.099
16-Apr-23,242.257
17-Apr-23,244.391
18-Apr-23,246.373
19-Apr-23,246.494
20-Apr-23,247.822
21-Apr-23,241.292
22-Apr-23,228.656
23-Apr-23,211.21
24-Apr-23,220.179
25-Apr-23,228.345
26-Apr-23,227.058
27-Apr-23,232.662
28-Apr-23,234.339
29-Apr-23,222.677
30-Apr-23,210.562
01-May-23,176.121
02-May-23,183.185
03-May-23,188.591
04-May-23,193
05-May-23,193.201
06-May-23,194.805
07-May-23,190.277
08-May-23,200.703
09-May-23,209.127
10-May-23,218.349
11-May-23,219.604
12-May-23,224.523
13-May-23,224.03
14-May-23,226.349

