,Date,Energy Required (MU)
0,02-05-2012,255.639
1,03-05-2012,258.47
2,04-05-2012,261.393
3,05-05-2012,252.866
4,06-05-2012,250.566
5,07-05-2012,258.248
6,08-05-2012,263.541
7,09-05-2012,266.493
8,10-05-2012,254.416
9,11-05-2012,254.027
10,12-05-2012,256.962
11,13-05-2012,238.803
12,14-05-2012,262.773
13,15-05-2012,263.833
14,16-05-2012,259.041
15,17-05-2012,264.371
16,18-05-2012,267.596
17,19-05-2012,262.897
18,20-05-2012,258.687
19,21-05-2012,271.894
20,22-05-2012,279.686
21,23-05-2012,276.753
22,24-05-2012,274.711
23,25-05-2012,271.717
24,26-05-2012,268.904
25,27-05-2012,260.872
26,28-05-2012,267.995
27,29-05-2012,273.322
28,30-05-2012,275.958
29,31-05-2012,274.938
30,01-06-2012,274.57
31,02-06-2012,270.43
32,03-06-2012,271.587
33,04-06-2012,271.41
34,05-06-2012,275.584
35,06-06-2012,273.103
36,07-06-2012,277.301
37,08-06-2012,270.416
38,09-06-2012,263.011
39,10-06-2012,248.256
40,11-06-2012,264.548
41,12-06-2012,263.724
42,13-06-2012,261.45
43,14-06-2012,263.232
44,15-06-2012,263.546
45,16-06-2012,263.173
46,17-06-2012,231.763
47,18-06-2012,206.827
48,19-06-2012,208.616
49,20-06-2012,213.936
50,21-06-2012,225.71
51,22-06-2012,234.109
52,23-06-2012,238.243
53,24-06-2012,238.323
54,25-06-2012,250.453
55,26-06-2012,241.245
56,27-06-2012,244.139
57,28-06-2012,250.724
58,29-06-2012,252.314
59,30-06-2012,248.001
60,01-07-2012,235.487
61,02-07-2012,239.8
62,03-07-2012,246.982
63,04-07-2012,252.951
64,05-07-2012,255.555
65,06-07-2012,263.798
66,07-07-2012,261.607
67,08-07-2012,253.109
68,09-07-2012,250.139
69,10-07-2012,253.08
70,11-07-2012,261.763
71,12-07-2012,267.463
72,13-07-2012,265.562
73,14-07-2012,258.094
74,15-07-2012,243.596
75,16-07-2012,240.852
76,17-07-2012,247.36
77,18-07-2012,242.756
78,19-07-2012,244.338
79,20-07-2012,237.74
80,21-07-2012,225.796
81,22-07-2012,221.755
82,23-07-2012,248.055
83,24-07-2012,255.048
84,25-07-2012,250.132
85,26-07-2012,250.057
86,27-07-2012,251.197
87,28-07-2012,251.607
88,29-07-2012,245.03
89,30-07-2012,245.524
90,31-07-2012,248.4
91,01-08-2012,249.731
92,02-08-2012,257.956
93,03-08-2012,249.759
94,04-08-2012,242.677
95,05-08-2012,243.155
96,06-08-2012,245.171
97,07-08-2012,252.85
98,08-08-2012,261.428
99,09-08-2012,267.184
100,10-08-2012,257.62
101,11-08-2012,260.056
102,12-08-2012,252.052
103,13-08-2012,259.74
104,14-08-2012,261.979
105,15-08-2012,269.205
106,16-08-2012,265.068
107,17-08-2012,269.036
108,18-08-2012,270.861
109,19-08-2012,275.102
110,20-08-2012,275.194
111,21-08-2012,273.259
112,22-08-2012,288.103
113,23-08-2012,275.506
114,24-08-2012,278.422
115,25-08-2012,264.524
116,26-08-2012,254.524
117,27-08-2012,254.655
118,28-08-2012,263.698
119,29-08-2012,271.734
120,30-08-2012,254.745
121,31-08-2012,258.881
122,01-09-2012,264.186
123,02-09-2012,261.139
124,03-09-2012,248.594
125,04-09-2012,223.712
126,05-09-2012,242.34
127,06-09-2012,258.918
128,07-09-2012,272.627
129,08-09-2012,274.887
130,09-09-2012,267.524
131,10-09-2012,266.129
132,11-09-2012,263.589
133,12-09-2012,276.469
134,13-09-2012,278.723
135,14-09-2012,284.052
136,15-09-2012,278.658
137,16-09-2012,281.872
138,17-09-2012,290.602
139,18-09-2012,289.242
140,19-09-2012,297.645
141,20-09-2012,290.989
142,21-09-2012,285.607
143,22-09-2012,279.107
144,23-09-2012,277.539
145,24-09-2012,283.601
146,25-09-2012,293.288
147,26-09-2012,295.09
148,27-09-2012,297.827
149,28-09-2012,301.301
150,29-09-2012,290.17
151,30-09-2012,266.38
152,01-10-2012,256.165
153,02-10-2012,238.841
154,03-10-2012,245.088
155,04-10-2012,253.763
156,05-10-2012,268.947
157,06-10-2012,261.784
158,07-10-2012,269.055
159,08-10-2012,277.607
160,09-10-2012,282.899
161,10-10-2012,289.623
162,11-10-2012,292.423
163,12-10-2012,295.866
164,13-10-2012,292.207
165,14-10-2012,286.304
166,15-10-2012,296.628
167,16-10-2012,295.817
168,17-10-2012,295.842
169,18-10-2012,296.828
170,19-10-2012,289.924
171,20-10-2012,269.542
172,21-10-2012,256.16
173,22-10-2012,260.897
174,23-10-2012,264.045
175,24-10-2012,268.583
176,25-10-2012,268.699
177,26-10-2012,279.708
178,27-10-2012,280.531
179,28-10-2012,276.521
180,29-10-2012,286.088
181,30-10-2012,284.889
182,31-10-2012,261.202
183,01-11-2012,225.027
184,02-11-2012,218.671
185,03-11-2012,224.272
186,04-11-2012,221.15
187,05-11-2012,238.247
188,06-11-2012,243.112
189,07-11-2012,254.117
190,08-11-2012,259.915
191,09-11-2012,253.824
192,10-11-2012,250.158
193,11-11-2012,248.034
194,12-11-2012,250.63
195,13-11-2012,244.138
196,14-11-2012,245.667
197,15-11-2012,255.141
198,16-11-2012,254.037
199,17-11-2012,246.192
200,18-11-2012,243.124
201,19-11-2012,251.483
202,20-11-2012,261.658
203,21-11-2012,266.683
204,22-11-2012,265.798
205,23-11-2012,261.232
206,24-11-2012,258.05
207,25-11-2012,252.93
208,26-11-2012,263.304
209,27-11-2012,265.326
210,28-11-2012,264.946
211,29-11-2012,265.601
212,30-11-2012,260.667
213,01-12-2012,258.596
214,02-12-2012,252.034
215,03-12-2012,255.971
216,04-12-2012,254.189
217,05-12-2012,254.359
218,06-12-2012,265.628
219,07-12-2012,268.281
220,08-12-2012,266.481
221,09-12-2012,264.017
222,10-12-2012,271.497
223,11-12-2012,270.29
224,12-12-2012,278.057
225,13-12-2012,278.73
226,14-12-2012,279.91
227,15-12-2012,273.956
228,16-12-2012,264.25
229,17-12-2012,271.461
230,18-12-2012,272.271
231,19-12-2012,277.586
232,20-12-2012,276.937
233,21-12-2012,277.636
234,22-12-2012,273.389
235,23-12-2012,268.634
236,24-12-2012,277.768
237,25-12-2012,278.88
238,26-12-2012,275.193
239,27-12-2012,277.375
240,28-12-2012,279.058
241,29-12-2012,266.802
242,30-12-2012,264.601
243,31-12-2012,276.377
244,01-01-2013,280.443
245,02-01-2013,283.278
246,03-01-2013,290.606
247,04-01-2013,294.943
248,05-01-2013,289.781
249,06-01-2013,283.396
250,07-01-2013,299.253
251,08-01-2013,298.281
252,09-01-2013,300.285
253,10-01-2013,289.664
254,11-01-2013,283.997
255,12-01-2013,280.996
256,13-01-2013,270.524
257,14-01-2013,269.287
258,15-01-2013,265.434
259,16-01-2013,283.552
260,17-01-2013,295.738
261,18-01-2013,294.733
262,19-01-2013,293.653
263,20-01-2013,280.116
264,21-01-2013,293.638
265,22-01-2013,289.682
266,23-01-2013,299.951
267,24-01-2013,302.7
268,25-01-2013,300.807
269,26-01-2013,285.064
270,27-01-2013,277.674
271,28-01-2013,290.087
272,29-01-2013,284.68
273,30-01-2013,290.921
274,31-01-2013,294.138
275,01-02-2013,294.505
276,02-02-2013,292.64
277,03-02-2013,285.813
278,04-02-2013,296.051
279,05-02-2013,299.169
280,06-02-2013,305.237
281,07-02-2013,310.678
282,08-02-2013,295.756
283,09-02-2013,286.025
284,10-02-2013,278.706
285,11-02-2013,292.489
286,12-02-2013,302.944
287,13-02-2013,302.945
288,14-02-2013,302.913
289,15-02-2013,299.793
290,16-02-2013,260.956
291,17-02-2013,235.004
292,18-02-2013,253.994
293,19-02-2013,261.91
294,20-02-2013,264.738
295,21-02-2013,272.977
296,22-02-2013,283.93
297,23-02-2013,279.19
298,24-02-2013,277.396
299,25-02-2013,292.801
300,26-02-2013,297.631
301,27-02-2013,306.106
302,28-02-2013,311.767
303,01-03-2013,309.741
304,02-03-2013,304.091
305,03-03-2013,296.68
306,04-03-2013,298.518
307,05-03-2013,302.5
308,06-03-2013,309.808
309,07-03-2013,305.449
310,08-03-2013,306.7
311,09-03-2013,309.408
312,10-03-2013,301.807
313,11-03-2013,309.072
314,12-03-2013,303.0
315,13-03-2013,312.844
316,14-03-2013,312.482
317,15-03-2013,310.617
318,16-03-2013,306.298
319,17-03-2013,299.963
320,18-03-2013,310.333
321,19-03-2013,314.247
322,20-03-2013,313.174
323,21-03-2013,317.364
324,22-03-2013,308.042
325,23-03-2013,306.984
326,24-03-2013,300.95
327,25-03-2013,313.087
328,26-03-2013,318.828
329,27-03-2013,304.362
330,28-03-2013,312.547
331,29-03-2013,318.531
332,30-03-2013,320.284
333,31-03-2013,312.914
334,01-04-2013,307.665
335,02-04-2013,293.242
336,03-04-2013,295.132
337,04-04-2013,307.147
338,05-04-2013,301.393
339,06-04-2013,302.33
340,07-04-2013,303.835
341,08-04-2013,308.829
342,09-04-2013,308.733
343,10-04-2013,310.668
344,11-04-2013,309.195
345,12-04-2013,304.594
346,13-04-2013,295.217
347,14-04-2013,287.956
348,15-04-2013,299.11
349,16-04-2013,297.416
350,17-04-2013,303.427
351,18-04-2013,309.298
352,19-04-2013,304.41
353,20-04-2013,273.368
354,21-04-2013,262.081
355,22-04-2013,268.187
356,23-04-2013,269.174
357,24-04-2013,277.684
358,25-04-2013,282.463
359,26-04-2013,276.273
360,27-04-2013,279.228
361,28-04-2013,272.512
362,29-04-2013,285.689
363,30-04-2013,286.819
364,01-05-2013,276.469
365,02-05-2013,284.347
366,03-05-2013,288.398
367,04-05-2013,287.367
368,05-05-2013,273.332
369,06-05-2013,288.814
370,07-05-2013,288.622
371,08-05-2013,291.352
372,09-05-2013,295.113
373,10-05-2013,296.333
374,11-05-2013,289.896
375,12-05-2013,267.573
376,13-05-2013,275.502
377,14-05-2013,278.342
378,15-05-2013,278.105
379,16-05-2013,288.798
380,17-05-2013,289.956
381,18-05-2013,285.895
382,19-05-2013,277.067
383,20-05-2013,285.135
384,21-05-2013,284.05
385,22-05-2013,294.092
386,23-05-2013,294.445
387,24-05-2013,293.38
388,25-05-2013,286.826
389,26-05-2013,270.409
390,27-05-2013,270.014
391,28-05-2013,275.987
392,29-05-2013,269.818
393,30-05-2013,266.196
394,31-05-2013,271.158
395,01-06-2013,258.391
396,02-06-2013,246.974
397,03-06-2013,258.15
398,04-06-2013,253.63
399,05-06-2013,258.312
400,06-06-2013,253.34
401,07-06-2013,251.738
402,08-06-2013,236.286
403,09-06-2013,233.106
404,10-06-2013,244.75
405,11-06-2013,246.794
406,12-06-2013,242.327
407,13-06-2013,240.778
408,14-06-2013,230.972
409,15-06-2013,233.921
410,16-06-2013,238.644
411,17-06-2013,255.874
412,18-06-2013,262.211
413,19-06-2013,268.992
414,20-06-2013,272.031
415,21-06-2013,265.811
416,22-06-2013,254.016
417,23-06-2013,245.882
418,24-06-2013,244.944
419,25-06-2013,237.695
420,26-06-2013,246.04
421,27-06-2013,254.075
422,28-06-2013,261.742
423,29-06-2013,264.98
424,30-06-2013,256.512
425,01-07-2013,258.65
426,02-07-2013,269.193
427,03-07-2013,269.131
428,04-07-2013,263.195
429,05-07-2013,260.967
430,06-07-2013,265.51
431,07-07-2013,252.41
432,08-07-2013,257.785
433,09-07-2013,253.063
434,10-07-2013,252.961
435,11-07-2013,239.006
436,12-07-2013,230.017
437,13-07-2013,238.439
438,14-07-2013,238.542
439,15-07-2013,248.208
440,16-07-2013,246.414
441,17-07-2013,236.758
442,18-07-2013,237.776
443,19-07-2013,223.588
444,20-07-2013,224.201
445,21-07-2013,226.224
446,22-07-2013,224.8
447,23-07-2013,215.097
448,24-07-2013,226.911
449,25-07-2013,236.556
450,26-07-2013,244.125
451,27-07-2013,248.259
452,28-07-2013,245.97
453,29-07-2013,252.095
454,30-07-2013,256.215
455,31-07-2013,228.782
456,01-08-2013,223.583
457,02-08-2013,234.67
458,03-08-2013,248.023
459,04-08-2013,248.365
460,05-08-2013,245.411
461,06-08-2013,240.367
462,07-08-2013,246.271
463,08-08-2013,256.604
464,09-08-2013,257.619
465,10-08-2013,259.358
466,11-08-2013,258.602
467,12-08-2013,249.554
468,13-08-2013,242.279
469,14-08-2013,248.257
470,15-08-2013,227.58
471,16-08-2013,222.948
472,17-08-2013,221.484
473,18-08-2013,220.596
474,19-08-2013,230.334
475,20-08-2013,237.913
476,21-08-2013,244.57
477,22-08-2013,246.284
478,23-08-2013,256.129
479,24-08-2013,263.284
480,25-08-2013,261.968
481,26-08-2013,266.382
482,27-08-2013,264.151
483,28-08-2013,265.313
484,29-08-2013,264.029
485,30-08-2013,269.587
486,31-08-2013,265.882
487,01-09-2013,254.357
488,02-09-2013,261.397
489,03-09-2013,260.484
490,04-09-2013,258.208
491,05-09-2013,264.081
492,06-09-2013,269.015
493,07-09-2013,259.72
494,08-09-2013,240.654
495,09-09-2013,231.566
496,10-09-2013,242.883
497,11-09-2013,241.185
498,12-09-2013,245.81
499,13-09-2013,251.071
500,14-09-2013,251.241
501,15-09-2013,243.572
502,16-09-2013,244.149
503,17-09-2013,238.122
504,18-09-2013,234.86
505,19-09-2013,239.504
506,20-09-2013,236.024
507,21-09-2013,228.779
508,22-09-2013,231.299
509,23-09-2013,246.47
510,24-09-2013,260.683
511,25-09-2013,264.892
512,26-09-2013,269.923
513,27-09-2013,274.737
514,28-09-2013,271.747
515,29-09-2013,258.383
516,30-09-2013,267.219
517,01-10-2013,271.723
518,02-10-2013,253.858
519,03-10-2013,238.506
520,04-10-2013,235.76
521,05-10-2013,246.275
522,06-10-2013,245.701
523,07-10-2013,234.599
524,08-10-2013,239.964
525,09-10-2013,228.067
526,10-10-2013,234.916
527,11-10-2013,232.718
528,12-10-2013,236.251
529,13-10-2013,230.479
530,14-10-2013,236.581
531,15-10-2013,251.322
532,16-10-2013,258.182
533,17-10-2013,268.936
534,18-10-2013,271.299
535,19-10-2013,268.972
536,20-10-2013,256.34
537,21-10-2013,253.382
538,22-10-2013,233.7
539,23-10-2013,219.593
540,24-10-2013,205.787
541,25-10-2013,197.63
542,26-10-2013,195.351
543,27-10-2013,192.085
544,28-10-2013,207.8
545,29-10-2013,216.37
546,30-10-2013,222.517
547,31-10-2013,225.315
548,01-11-2013,226.65
549,02-11-2013,227.229
550,03-11-2013,209.863
551,04-11-2013,219.616
552,05-11-2013,227.303
553,06-11-2013,231.065
554,07-11-2013,234.075
555,08-11-2013,235.413
556,09-11-2013,233.678
557,10-11-2013,228.572
558,11-11-2013,232.807
559,12-11-2013,235.105
560,13-11-2013,234.234
561,14-11-2013,234.549
562,15-11-2013,231.638
563,16-11-2013,225.288
564,17-11-2013,216.396
565,18-11-2013,224.878
566,19-11-2013,234.553
567,20-11-2013,235.924
568,21-11-2013,236.068
569,22-11-2013,224.098
570,23-11-2013,221.309
571,24-11-2013,215.313
572,25-11-2013,223.221
573,26-11-2013,228.837
574,27-11-2013,229.042
575,28-11-2013,221.33
576,29-11-2013,216.976
577,30-11-2013,224.566
578,01-12-2013,223.684
579,02-12-2013,233.025
580,03-12-2013,233.045
581,04-12-2013,231.953
582,05-12-2013,227.53
583,06-12-2013,231.704
584,07-12-2013,229.878
585,08-12-2013,224.587
586,09-12-2013,228.952
587,10-12-2013,233.439
588,11-12-2013,240.424
589,12-12-2013,241.975
590,13-12-2013,241.921
591,14-12-2013,235.398
592,15-12-2013,231.455
593,16-12-2013,241.185
594,17-12-2013,245.08
595,18-12-2013,250.038
596,19-12-2013,246.673
597,20-12-2013,251.607
598,21-12-2013,250.312
599,22-12-2013,245.123
600,23-12-2013,249.12
601,24-12-2013,252.68
602,25-12-2013,251.394
603,26-12-2013,253.603
604,27-12-2013,255.448
605,28-12-2013,254.405
606,29-12-2013,244.822
607,30-12-2013,246.71
608,31-12-2013,252.998
609,01-01-2014,245.651
610,02-01-2014,254.005
611,03-01-2014,260.335
612,04-01-2014,259.758
613,05-01-2014,254.92
614,06-01-2014,261.424
615,07-01-2014,266.721
616,08-01-2014,271.435
617,09-01-2014,272.216
618,10-01-2014,275.29
619,11-01-2014,272.366
620,12-01-2014,270.828
621,13-01-2014,271.086
622,14-01-2014,260.963
623,15-01-2014,256.877
624,16-01-2014,263.985
625,17-01-2014,267.776
626,18-01-2014,270.339
627,19-01-2014,266.321
628,20-01-2014,273.298
629,21-01-2014,276.56
630,22-01-2014,276.225
631,23-01-2014,279.061
632,24-01-2014,278.724
633,25-01-2014,279.579
634,26-01-2014,271.162
635,27-01-2014,274.834
636,28-01-2014,278.275
637,29-01-2014,280.127
638,30-01-2014,280.964
639,31-01-2014,282.324
640,01-02-2014,285.391
641,02-02-2014,273.84
642,03-02-2014,278.609
643,04-02-2014,284.331
644,05-02-2014,282.812
645,06-02-2014,283.647
646,07-02-2014,285.163
647,08-02-2014,287.461
648,09-02-2014,280.21
649,10-02-2014,285.203
650,11-02-2014,291.292
651,12-02-2014,290.096
652,13-02-2014,295.069
653,14-02-2014,293.926
654,15-02-2014,290.202
655,16-02-2014,274.351
656,17-02-2014,284.217
657,18-02-2014,287.656
658,19-02-2014,288.594
659,20-02-2014,289.516
660,21-02-2014,291.873
661,22-02-2014,299.852
662,23-02-2014,288.731
663,24-02-2014,290.356
664,25-02-2014,294.922
665,26-02-2014,296.136
666,27-02-2014,301.012
667,28-02-2014,287.719
668,01-03-2014,282.532
669,02-03-2014,267.456
670,03-03-2014,265.07
671,04-03-2014,259.144
672,05-03-2014,261.183
673,06-03-2014,260.981
674,07-03-2014,267.03
675,08-03-2014,267.493
676,09-03-2014,259.215
677,10-03-2014,270.494
678,11-03-2014,275.996
679,12-03-2014,283.867
680,13-03-2014,288.212
681,14-03-2014,293.732
682,15-03-2014,297.185
683,16-03-2014,289.59
684,17-03-2014,291.39
685,18-03-2014,300.898
686,19-03-2014,311.847
687,20-03-2014,314.001
688,21-03-2014,317.0
689,22-03-2014,311.364
690,23-03-2014,305.802
691,24-03-2014,311.994
692,25-03-2014,313.964
693,26-03-2014,315.594
694,27-03-2014,311.789
695,28-03-2014,315.838
696,29-03-2014,318.803
697,30-03-2014,309.136
698,31-03-2014,311.226
699,01-04-2014,311.999
700,02-04-2014,312.627
701,03-04-2014,315.8
702,04-04-2014,319.756
703,05-04-2014,313.401
704,06-04-2014,301.392
705,07-04-2014,317.031
706,08-04-2014,315.831
707,09-04-2014,303.884
708,10-04-2014,297.952
709,11-04-2014,309.081
710,12-04-2014,307.787
711,13-04-2014,297.222
712,14-04-2014,298.172
713,15-04-2014,301.12
714,16-04-2014,302.155
715,17-04-2014,306.009
716,18-04-2014,298.543
717,19-04-2014,295.263
718,20-04-2014,276.718
719,21-04-2014,288.011
720,22-04-2014,292.807
721,23-04-2014,297.23
722,24-04-2014,301.889
723,25-04-2014,301.53
724,26-04-2014,298.103
725,27-04-2014,289.215
726,28-04-2014,297.009
727,29-04-2014,298.184
728,30-04-2014,278.037
729,01-05-2014,273.753
730,02-05-2014,284.457
731,03-05-2014,279.09
732,04-05-2014,263.467
733,05-05-2014,263.909
734,06-05-2014,267.995
735,07-05-2014,258.018
736,08-05-2014,254.507
737,09-05-2014,228.674
738,10-05-2014,223.726
739,11-05-2014,238.518
740,12-05-2014,252.31
741,13-05-2014,261.342
742,14-05-2014,259.416
743,15-05-2014,258.782
744,16-05-2014,265.852
745,17-05-2014,263.943
746,18-05-2014,257.426
747,19-05-2014,258.017
748,20-05-2014,249.959
749,21-05-2014,262.255
750,22-05-2014,263.084
751,23-05-2014,269.497
752,24-05-2014,269.999
753,25-05-2014,253.743
754,26-05-2014,259.136
755,27-05-2014,261.308
756,28-05-2014,263.349
757,29-05-2014,266.868
758,30-05-2014,271.233
759,31-05-2014,275.557
760,01-06-2014,264.038
761,03-06-2014,127.584
762,04-06-2014,138.957
763,05-06-2014,142.82
764,06-06-2014,139.293
765,07-06-2014,142.51
766,08-06-2014,139.322
767,09-06-2014,0.0
768,10-06-2014,134.245
769,11-06-2014,135.555
770,12-06-2014,142.228
771,13-06-2014,145.273
772,14-06-2014,143.522
773,15-06-2014,144.095
774,01-08-2014,141.028
775,02-08-2014,142.063
776,03-08-2014,138.358
777,04-08-2014,145.666
778,05-08-2014,144.572
779,06-08-2014,146.475
780,07-08-2014,148.283
781,08-08-2014,149.451
782,09-08-2014,147.043
783,10-08-2014,144.088
784,11-08-2014,150.264
785,12-08-2014,147.233
786,13-08-2014,147.493
787,14-08-2014,147.677
788,15-08-2014,146.453
789,16-08-2014,143.84
790,17-08-2014,141.732
791,18-08-2014,138.76
792,19-08-2014,142.579
793,20-08-2014,146.602
794,21-08-2014,148.361
795,22-08-2014,150.606
796,23-08-2014,147.848
797,24-08-2014,144.52
798,25-08-2014,135.732
799,26-08-2014,132.95
800,27-08-2014,122.098
801,28-08-2014,116.488
802,29-08-2014,115.079
803,30-08-2014,120.435
804,31-08-2014,121.22
805,01-09-2014,125.366
806,02-09-2014,132.05
807,03-09-2014,139.797
808,04-09-2014,137.23
809,05-09-2014,136.599
810,06-09-2014,127.182
811,07-09-2014,124.07
812,08-09-2014,131.404
813,09-09-2014,135.172
814,10-09-2014,141.953
815,11-09-2014,143.549
816,12-09-2014,143.805
817,13-09-2014,140.986
818,14-09-2014,138.576
819,15-09-2014,136.165
820,16-09-2014,129.721
821,17-09-2014,126.887
822,18-09-2014,127.209
823,19-09-2014,130.663
824,20-09-2014,130.947
825,21-09-2014,129.048
826,22-09-2014,135.691
827,23-09-2014,140.84
828,24-09-2014,138.844
829,25-09-2014,135.701
830,26-09-2014,137.583
831,27-09-2014,137.2
832,28-09-2014,136.161
833,29-09-2014,139.494
834,30-09-2014,146.259
835,01-10-2014,145.32
836,02-10-2014,142.218
837,03-10-2014,140.185
838,04-10-2014,144.09
839,05-10-2014,144.412
840,06-10-2014,140.554
841,07-10-2014,139.035
842,08-10-2014,139.059
843,09-10-2014,138.604
844,10-10-2014,138.805
845,11-10-2014,133.545
846,12-10-2014,127.391
847,13-10-2014,133.205
848,14-10-2014,144.665
849,15-10-2014,140.754
850,16-10-2014,141.881
851,17-10-2014,143.586
852,18-10-2014,141.943
853,19-10-2014,134.874
854,20-10-2014,135.684
855,21-10-2014,136.912
856,22-10-2014,135.678
857,23-10-2014,136.774
858,24-10-2014,129.173
859,25-10-2014,133.558
860,26-10-2014,119.156
861,27-10-2014,113.589
862,28-10-2014,116.829
863,29-10-2014,125.157
864,30-10-2014,123.042
865,31-10-2014,127.874
866,01-11-2014,131.94
867,02-11-2014,124.646
868,03-11-2014,127.423
869,04-11-2014,131.31
870,05-11-2014,126.148
871,06-11-2014,126.16
872,07-11-2014,128.19
873,08-11-2014,133.111
874,09-11-2014,127.603
875,10-11-2014,127.703
876,11-11-2014,129.706
877,12-11-2014,130.68
878,13-11-2014,120.293
879,14-11-2014,119.702
880,15-11-2014,124.538
881,16-11-2014,124.764
882,17-11-2014,129.102
883,18-11-2014,128.927
884,19-11-2014,128.287
885,20-11-2014,131.179
886,21-11-2014,129.789
887,22-11-2014,130.525
888,23-11-2014,131.259
889,24-11-2014,133.523
890,25-11-2014,130.569
891,26-11-2014,131.842
892,27-11-2014,132.188
893,28-11-2014,129.295
894,29-11-2014,131.702
895,30-11-2014,129.064
896,01-12-2014,130.619
897,02-12-2014,133.162
898,03-12-2014,133.122
899,04-12-2014,132.37
900,05-12-2014,135.116
901,06-12-2014,135.04
902,07-12-2014,131.625
903,08-12-2014,135.316
904,09-12-2014,142.463
905,10-12-2014,137.85
906,11-12-2014,134.325
907,12-12-2014,129.483
908,13-12-2014,129.275
909,14-12-2014,127.302
910,15-12-2014,132.002
911,16-12-2014,136.515
912,17-12-2014,134.063
913,18-12-2014,131.396
914,19-12-2014,129.977
915,20-12-2014,130.025
916,21-12-2014,127.58
917,22-12-2014,132.411
918,23-12-2014,128.951
919,24-12-2014,133.339
920,25-12-2014,131.273
921,26-12-2014,129.452
922,27-12-2014,129.097
923,28-12-2014,129.839
924,29-12-2014,125.577
925,30-12-2014,125.001
926,31-12-2014,130.112
927,01-01-2015,131.501
928,02-01-2015,135.684
929,03-01-2015,136.575
930,04-01-2015,136.887
931,05-01-2015,138.566
932,06-01-2015,138.846
933,07-01-2015,137.209
934,08-01-2015,137.859
935,09-01-2015,135.199
936,10-01-2015,136.159
937,11-01-2015,131.173
938,12-01-2015,132.813
939,13-01-2015,136.996
940,14-01-2015,134.263
941,15-01-2015,127.22
942,16-01-2015,125.107
943,17-01-2015,128.624
944,18-01-2015,127.796
945,19-01-2015,131.75
946,20-01-2015,134.978
947,21-01-2015,134.27
948,22-01-2015,136.556
949,23-01-2015,139.711
950,24-01-2015,137.127
951,25-01-2015,137.041
952,26-01-2015,134.741
953,27-01-2015,137.412
954,28-01-2015,140.114
955,29-01-2015,139.509
956,30-01-2015,140.529
957,31-01-2015,141.08
958,01-02-2015,138.054
959,02-02-2015,137.458
960,03-02-2015,138.233
961,04-02-2015,137.456
962,05-02-2015,139.153
963,06-02-2015,141.097
964,07-02-2015,143.155
965,08-02-2015,140.576
966,09-02-2015,141.981
967,10-02-2015,145.415
968,11-02-2015,143.569
969,12-02-2015,141.342
970,13-02-2015,143.897
971,14-02-2015,143.569
972,15-02-2015,143.287
973,16-02-2015,144.157
974,17-02-2015,144.689
975,18-02-2015,142.985
976,19-02-2015,144.295
977,20-02-2015,144.899
978,21-02-2015,146.56
979,22-02-2015,142.224
980,23-02-2015,142.862
981,24-02-2015,145.562
982,25-02-2015,147.369
983,26-02-2015,145.355
984,27-02-2015,147.719
985,28-02-2015,143.115
986,01-03-2015,135.678
987,02-03-2015,138.554
988,03-03-2015,140.93
989,04-03-2015,137.705
990,05-03-2015,141.742
991,06-03-2015,138.003
992,07-03-2015,142.528
993,08-03-2015,137.835
994,09-03-2015,143.264
995,10-03-2015,143.867
996,11-03-2015,144.102
997,12-03-2015,145.864
998,13-03-2015,145.696
999,14-03-2015,146.319
1000,15-03-2015,146.459
1001,16-03-2015,146.561
1002,17-03-2015,146.562
1003,18-03-2015,148.693
1004,19-03-2015,150.347
1005,20-03-2015,146.931
1006,21-03-2015,148.065
1007,22-03-2015,144.244
1008,23-03-2015,148.87
1009,24-03-2015,152.523
1010,25-03-2015,151.865
1011,26-03-2015,153.935
1012,27-03-2015,150.218
1013,28-03-2015,151.759
1014,29-03-2015,148.308
1015,30-03-2015,147.447
1016,31-03-2015,151.626
1017,01-04-2015,150.534
1018,02-04-2015,150.106
1019,03-04-2015,151.75
1020,04-04-2015,154.208
1021,05-04-2015,149.9
1022,06-04-2015,149.927
1023,07-04-2015,150.586
1024,08-04-2015,152.258
1025,09-04-2015,150.226
1026,10-04-2015,152.859
1027,11-04-2015,149.998
1028,12-04-2015,134.697
1029,13-04-2015,127.984
1030,14-04-2015,123.314
1031,15-04-2015,121.825
1032,16-04-2015,128.134
1033,17-04-2015,130.062
1034,18-04-2015,133.747
1035,19-04-2015,134.288
1036,20-04-2015,140.756
1037,21-04-2015,144.152
1038,22-04-2015,143.492
1039,23-04-2015,148.863
1040,24-04-2015,127.482
1041,25-04-2015,130.772
1042,26-04-2015,131.757
1043,27-04-2015,138.127
1044,28-04-2015,142.221
1045,29-04-2015,137.288
1046,30-04-2015,139.798
1047,01-05-2015,138.81
1048,02-05-2015,140.708
1049,03-05-2015,135.442
1050,04-05-2015,142.267
1051,05-05-2015,143.027
1052,06-05-2015,144.527
1053,07-05-2015,143.482
1054,08-05-2015,147.541
1055,09-05-2015,145.36
1056,10-05-2015,145.945
1057,11-05-2015,147.12
1058,12-05-2015,149.995
1059,13-05-2015,149.541
1060,14-05-2015,147.958
1061,15-05-2015,143.674
1062,16-05-2015,137.562
1063,17-05-2015,131.098
1064,18-05-2015,137.64
1065,19-05-2015,147.114
1066,20-05-2015,144.683
1067,21-05-2015,148.523
1068,22-05-2015,153.956
1069,23-05-2015,153.657
1070,24-05-2015,149.573
1071,25-05-2015,151.147
1072,26-05-2015,153.955
1073,27-05-2015,155.322
1074,28-05-2015,143.336
1075,29-05-2015,147.235
1076,30-05-2015,146.455
1077,31-05-2015,143.522
1078,01-06-2015,135.238
1079,02-06-2015,132.163
1080,03-06-2015,127.344
1081,04-06-2015,137.787
1082,05-06-2015,134.276
1083,06-06-2015,126.068
1084,07-06-2015,127.775
1085,08-06-2015,127.775
1086,09-06-2015,125.428
1087,10-06-2015,128.297
1088,11-06-2015,133.912
1089,12-06-2015,128.599
1090,13-06-2015,130.013
1091,14-06-2015,125.361
1092,15-06-2015,130.363
1093,16-06-2015,128.3
1094,17-06-2015,129.216
1095,18-06-2015,123.601
1096,19-06-2015,117.876
1097,20-06-2015,123.461
1098,21-06-2015,113.38
1099,22-06-2015,117.364
1100,23-06-2015,129.519
1101,24-06-2015,137.718
1102,25-06-2015,138.826
1103,26-06-2015,143.483
1104,27-06-2015,142.188
1105,28-06-2015,139.174
1106,29-06-2015,142.311
1107,30-06-2015,142.535
1108,01-07-2015,142.785
1109,02-07-2015,145.43
1110,03-07-2015,146.361
1111,04-07-2015,147.768
1112,05-07-2015,145.732
1113,06-07-2015,148.052
1114,07-07-2015,151.357
1115,08-07-2015,153.714
1116,09-07-2015,151.473
1117,10-07-2015,156.444
1118,11-07-2015,150.83
1119,12-07-2015,156.437
1120,13-07-2015,152.358
1121,14-07-2015,153.224
1122,15-07-2015,146.056
1123,16-07-2015,145.569
1124,17-07-2015,147.716
1125,18-07-2015,147.167
1126,19-07-2015,142.68
1127,20-07-2015,138.942
1128,21-07-2015,144.478
1129,22-07-2015,141.191
1130,23-07-2015,138.872
1131,24-07-2015,143.381
1132,25-07-2015,145.516
1133,26-07-2015,143.432
1134,27-07-2015,145.514
1135,28-07-2015,148.222
1136,29-07-2015,147.739
1137,30-07-2015,150.801
1138,31-07-2015,149.823
1139,01-08-2015,143.454
1140,02-08-2015,140.803
1141,03-08-2015,140.525
1142,04-08-2015,139.386
1143,05-08-2015,140.138
1144,06-08-2015,138.301
1145,07-08-2015,134.579
1146,08-08-2015,137.671
1147,09-08-2015,141.061
1148,10-08-2015,142.002
1149,11-08-2015,141.04
1150,12-08-2015,136.866
1151,13-08-2015,137.934
1152,14-08-2015,139.66
1153,15-08-2015,144.277
1154,16-08-2015,136.35
1155,17-08-2015,136.245
1156,18-08-2015,141.551
1157,19-08-2015,145.989
1158,20-08-2015,143.126
1159,21-08-2015,129.806
1160,22-08-2015,127.359
1161,23-08-2015,129.393
1162,24-08-2015,132.3
1163,25-08-2015,138.849
1164,26-08-2015,140.121
1165,27-08-2015,137.85
1166,28-08-2015,136.231
1167,29-08-2015,136.955
1168,30-08-2015,137.165
1169,31-08-2015,139.68
1170,01-09-2015,138.886
1171,02-09-2015,141.656
1172,03-09-2015,140.376
1173,04-09-2015,138.235
1174,05-09-2015,140.535
1175,06-09-2015,125.397
1176,07-09-2015,118.753
1177,08-09-2015,120.012
1178,09-09-2015,127.085
1179,10-09-2015,121.412
1180,11-09-2015,124.211
1181,12-09-2015,126.882
1182,13-09-2015,124.758
1183,14-09-2015,124.389
1184,15-09-2015,125.786
1185,16-09-2015,126.061
1186,17-09-2015,126.79
1187,18-09-2015,134.233
1188,19-09-2015,133.8
1189,20-09-2015,127.203
1190,21-09-2015,128.978
1191,22-09-2015,135.134
1192,23-09-2015,143.431
1193,24-09-2015,138.146
1194,25-09-2015,138.763
1195,26-09-2015,131.044
1196,27-09-2015,123.465
1197,28-09-2015,132.354
1198,29-09-2015,133.116
1199,30-09-2015,133.915
1200,01-10-2015,125.772
1201,02-10-2015,125.461
1202,03-10-2015,124.703
1203,04-10-2015,111.684
1204,05-10-2015,122.975
1205,06-10-2015,129.658
1206,07-10-2015,130.501
1207,08-10-2015,129.863
1208,09-10-2015,134.202
1209,10-10-2015,135.189
1210,11-10-2015,135.058
1211,12-10-2015,141.591
1212,13-10-2015,142.973
1213,14-10-2015,144.757
1214,15-10-2015,144.488
1215,16-10-2015,146.012
1216,17-10-2015,149.665
1217,18-10-2015,147.98
1218,19-10-2015,151.843
1219,20-10-2015,152.231
1220,21-10-2015,152.832
1221,22-10-2015,148.127
1222,23-10-2015,149.694
1223,24-10-2015,151.939
1224,25-10-2015,148.539
1225,26-10-2015,148.984
1226,27-10-2015,149.324
1227,28-10-2015,147.471
1228,29-10-2015,151.462
1229,30-10-2015,147.305
1230,31-10-2015,148.774
1231,01-11-2015,142.664
1232,02-11-2015,139.837
1233,03-11-2015,140.954
1234,04-11-2015,142.143
1235,05-11-2015,144.452
1236,06-11-2015,147.998
1237,07-11-2015,150.049
1238,08-11-2015,140.393
1239,09-11-2015,127.271
1240,10-11-2015,113.103
1241,11-11-2015,113.667
1242,12-11-2015,119.394
1243,13-11-2015,126.547
1244,14-11-2015,125.109
1245,15-11-2015,119.285
1246,16-11-2015,113.781
1247,17-11-2015,96.64
1248,18-11-2015,101.433
1249,19-11-2015,106.154
1250,20-11-2015,107.556
1251,21-11-2015,108.831
1252,22-11-2015,105.474
1253,23-11-2015,113.553
1254,24-11-2015,116.404
1255,25-11-2015,117.585
1256,26-11-2015,116.89
1257,27-11-2015,123.19
1258,28-11-2015,120.415
1259,29-11-2015,116.754
1260,30-11-2015,113.416
1261,01-12-2015,111.52
1262,02-12-2015,114.403
1263,03-12-2015,123.081
1264,04-12-2015,120.634
1265,05-12-2015,121.053
1266,06-12-2015,113.826
1267,07-12-2015,119.149
1268,08-12-2015,120.418
1269,09-12-2015,121.379
1270,10-12-2015,122.33
1271,11-12-2015,123.879
1272,12-12-2015,123.443
1273,13-12-2015,122.515
1274,14-12-2015,128.948
1275,15-12-2015,135.726
1276,16-12-2015,134.117
1277,17-12-2015,130.559
1278,18-12-2015,131.319
1279,19-12-2015,132.244
1280,20-12-2015,131.131
1281,21-12-2015,130.083
1282,22-12-2015,132.552
1283,23-12-2015,135.132
1284,24-12-2015,135.545
1285,25-12-2015,132.079
1286,26-12-2015,129.637
1287,27-12-2015,122.888
1288,28-12-2015,126.667
1289,29-12-2015,129.613
1290,30-12-2015,131.113
1291,31-12-2015,135.176
1292,01-01-2016,132.151
1293,02-01-2016,129.398
1294,03-01-2016,128.672
1295,04-01-2016,129.309
1296,05-01-2016,140.611
1297,06-01-2016,136.571
1298,07-01-2016,135.24
1299,08-01-2016,136.239
1300,09-01-2016,138.155
1301,10-01-2016,127.466
1302,11-01-2016,134.782
1303,12-01-2016,135.946
1304,13-01-2016,136.332
1305,14-01-2016,131.787
1306,15-01-2016,124.183
1307,16-01-2016,120.477
1308,17-01-2016,120.311
1309,18-01-2016,126.592
1310,19-01-2016,127.068
1311,20-01-2016,126.851
1312,21-01-2016,132.507
1313,22-01-2016,125.821
1314,23-01-2016,127.297
1315,24-01-2016,119.911
1316,25-01-2016,130.998
1317,26-01-2016,131.219
1318,27-01-2016,133.984
1319,28-01-2016,139.446
1320,29-01-2016,143.139
1321,30-01-2016,140.629
1322,31-01-2016,134.04
1323,01-02-2016,137.351
1324,02-02-2016,141.51
1325,03-02-2016,143.015
1326,04-02-2016,143.508
1327,05-02-2016,136.858
1328,06-02-2016,137.666
1329,07-02-2016,135.27
1330,08-02-2016,147.155
1331,09-02-2016,144.964
1332,10-02-2016,149.452
1333,11-02-2016,147.76
1334,12-02-2016,149.036
1335,13-02-2016,145.678
1336,14-02-2016,140.861
1337,15-02-2016,145.714
1338,16-02-2016,143.648
1339,17-02-2016,147.748
1340,18-02-2016,148.575
1341,19-02-2016,146.155
1342,20-02-2016,147.772
1343,21-02-2016,140.06
1344,22-02-2016,148.895
1345,23-02-2016,153.142
1346,24-02-2016,154.555
1347,25-02-2016,152.733
1348,26-02-2016,154.529
1349,27-02-2016,152.877
1350,28-02-2016,148.929
1351,29-02-2016,149.066
1352,01-03-2016,150.788
1353,02-03-2016,151.573
1354,03-03-2016,152.599
1355,04-03-2016,152.161
1356,05-03-2016,153.471
1357,06-03-2016,153.527
1358,07-03-2016,151.618
1359,08-03-2016,151.381
1360,09-03-2016,152.925
1361,10-03-2016,154.246
1362,11-03-2016,155.173
1363,12-03-2016,153.846
1364,13-03-2016,151.544
1365,14-03-2016,151.494
1366,15-03-2016,152.588
1367,16-03-2016,155.754
1368,17-03-2016,156.421
1369,18-03-2016,156.98
1370,19-03-2016,159.097
1371,20-03-2016,156.826
1372,21-03-2016,159.605
1373,22-03-2016,160.494
1374,23-03-2016,162.09
1375,24-03-2016,160.444
1376,25-03-2016,157.859
1377,26-03-2016,156.477
1378,27-03-2016,150.731
1379,28-03-2016,151.781
1380,29-03-2016,153.358
1381,30-03-2016,154.165
1382,31-03-2016,156.271
1383,01-04-2016,153.277
1384,02-04-2016,154.258
1385,03-04-2016,152.332
1386,04-04-2016,155.461
1387,05-04-2016,156.285
1388,06-04-2016,153.891
1389,07-04-2016,155.65
1390,08-04-2016,154.041
1391,09-04-2016,151.188
1392,10-04-2016,149.265
1393,11-04-2016,155.945
1394,12-04-2016,156.555
1395,13-04-2016,158.692
1396,14-04-2016,161.583
1397,15-04-2016,160.934
1398,16-04-2016,157.512
1399,17-04-2016,152.216
1400,18-04-2016,154.707
1401,19-04-2016,156.67
1402,20-04-2016,158.272
1403,21-04-2016,157.434
1404,22-04-2016,156.185
1405,23-04-2016,159.057
1406,24-04-2016,152.917
1407,25-04-2016,155.528
1408,26-04-2016,158.825
1409,27-04-2016,158.73
1410,28-04-2016,161.993
1411,29-04-2016,158.97
1412,30-04-2016,158.943
1413,01-05-2016,152.957
1414,02-05-2016,155.484
1415,03-05-2016,155.198
1416,05-05-2016,143.355
1417,06-05-2016,130.693
1418,07-05-2016,140.88
1419,09-05-2016,146.465
1420,10-05-2016,150.69
1421,11-05-2016,151.306
1422,12-05-2016,148.542
1423,15-05-2016,150.442
1424,17-05-2016,144.656
1425,18-05-2016,119.903
1426,19-05-2016,101.272
1427,21-05-2016,126.839
1428,22-05-2016,134.984
1429,25-05-2016,153.63
1430,26-05-2016,153.767
1431,27-05-2016,151.796
1432,28-05-2016,147.86
1433,29-05-2016,132.934
1434,30-05-2016,143.627
1435,01-06-2016,148.154
1436,02-06-2016,129.565
1437,03-06-2016,137.426
1438,04-06-2016,125.653
1439,05-06-2016,127.356
1440,06-06-2016,130.863
1441,07-06-2016,127.699
1442,08-06-2016,119.645
1443,10-06-2016,131.684
1444,11-06-2016,132.749
1445,12-06-2016,136.818
1446,14-06-2016,146.28
1447,15-06-2016,147.751
1448,16-06-2016,154.511
1449,17-06-2016,148.595
1450,18-06-2016,138.808
1451,19-06-2016,132.848
1452,20-06-2016,128.195
1453,21-06-2016,131.233
1454,22-06-2016,133.449
1455,23-06-2016,134.653
1456,25-06-2016,130.33
1457,26-06-2016,124.118
1458,30-06-2016,115.705
1459,01-07-2016,121.444
1460,02-07-2016,125.991
1461,03-07-2016,128.815
1462,04-07-2016,137.819
1463,05-07-2016,138.138
1464,06-07-2016,140.716
1465,07-07-2016,139.583
1466,08-07-2016,136.379
1467,09-07-2016,131.531
1468,10-07-2016,132.231
1469,11-07-2016,134.668
1470,12-07-2016,144.37
1471,13-07-2016,150.125
1472,14-07-2016,155.026
1473,15-07-2016,157.913
1474,18-07-2016,142.752
1475,19-07-2016,138.449
1476,20-07-2016,136.395
1477,21-07-2016,137.895
1478,23-07-2016,139.817
1479,24-07-2016,134.061
1480,26-07-2016,132.938
1481,27-07-2016,129.318
1482,28-07-2016,129.281
1483,29-07-2016,129.309
1484,31-07-2016,123.812
1485,02-08-2016,124.048
1486,03-08-2016,127.988
1487,04-08-2016,130.603
1488,05-08-2016,136.286
1489,06-08-2016,141.457
1490,09-08-2016,157.995
1491,10-08-2016,160.522
1492,11-08-2016,165.4
1493,13-08-2016,166.285
1494,14-08-2016,163.685
1495,15-08-2016,161.569
1496,16-08-2016,160.462
1497,17-08-2016,162.007
1498,18-08-2016,169.252
1499,19-08-2016,175.844
1500,20-08-2016,176.125
1501,21-08-2016,174.114
1502,22-08-2016,177.515
1503,23-08-2016,178.146
1504,24-08-2016,173.692
1505,25-08-2016,167.457
1506,26-08-2016,162.736
1507,27-08-2016,155.478
1508,28-08-2016,151.502
1509,29-08-2016,168.689
1510,30-08-2016,154.32
1511,31-08-2016,149.632
1512,02-09-2016,151.856
1513,03-09-2016,152.132
1514,04-09-2016,153.245
1515,05-09-2016,151.527
1516,06-09-2016,158.545
1517,07-09-2016,159.692
1518,08-09-2016,169.271
1519,09-09-2016,171.676
1520,10-09-2016,162.371
1521,11-09-2016,150.219
1522,12-09-2016,148.334
1523,13-09-2016,144.144
1524,14-09-2016,140.982
1525,16-09-2016,140.609
1526,17-09-2016,143.058
1527,18-09-2016,146.619
1528,19-09-2016,153.558
1529,20-09-2016,151.933
1530,21-09-2016,138.029
1531,22-09-2016,131.21
1532,23-09-2016,133.292
1533,24-09-2016,134.701
1534,25-09-2016,135.018
1535,26-09-2016,137.748
1536,27-09-2016,141.614
1537,28-09-2016,142.826
1538,29-09-2016,140.956
1539,30-09-2016,143.804
1540,01-10-2016,141.452
1541,02-10-2016,138.705
1542,03-10-2016,143.727
1543,04-10-2016,148.492
1544,05-10-2016,149.673
1545,06-10-2016,155.224
1546,07-10-2016,158.087
1547,08-10-2016,153.884
1548,09-10-2016,146.79
1549,10-10-2016,145.694
1550,11-10-2016,143.377
1551,12-10-2016,150.465
1552,13-10-2016,155.399
1553,14-10-2016,157.924
1554,15-10-2016,157.26
1555,16-10-2016,157.545
1556,17-10-2016,160.986
1557,18-10-2016,163.008
1558,19-10-2016,165.275
1559,20-10-2016,163.486
1560,21-10-2016,162.356
1561,22-10-2016,162.963
1562,23-10-2016,161.444
1563,24-10-2016,162.803
1564,25-10-2016,163.838
1565,26-10-2016,162.795
1566,27-10-2016,163.114
1567,28-10-2016,163.033
1568,29-10-2016,166.022
1569,30-10-2016,156.328
1570,31-10-2016,156.69
1571,01-11-2016,159.381
1572,02-11-2016,160.492
1573,03-11-2016,157.057
1574,04-11-2016,160.39
1575,05-11-2016,163.733
1576,06-11-2016,162.752
1577,07-11-2016,157.064
1578,08-11-2016,161.305
1579,09-11-2016,158.737
1580,10-11-2016,156.87
1581,11-11-2016,152.623
1582,12-11-2016,157.678
1583,13-11-2016,155.091
1584,14-11-2016,158.009
1585,15-11-2016,160.781
1586,16-11-2016,160.496
1587,17-11-2016,157.272
1588,19-11-2016,152.992
1589,20-11-2016,150.747
1590,21-11-2016,153.044
1591,22-11-2016,152.812
1592,23-11-2016,153.038
1593,24-11-2016,152.1
1594,25-11-2016,153.281
1595,26-11-2016,151.727
1596,27-11-2016,148.755
1597,28-11-2016,151.709
1598,29-11-2016,152.487
1599,30-11-2016,151.033
1600,01-12-2016,146.346
1601,02-12-2016,139.994
1602,03-12-2016,138.282
1603,04-12-2016,136.441
1604,05-12-2016,138.053
1605,06-12-2016,138.857
1606,07-12-2016,138.236
1607,08-12-2016,140.825
1608,09-12-2016,139.567
1609,10-12-2016,138.241
1610,11-12-2016,133.805
1611,12-12-2016,122.284
1612,13-12-2016,117.194
1613,14-12-2016,125.75
1614,15-12-2016,132.44
1615,16-12-2016,133.105
1616,17-12-2016,133.952
1617,18-12-2016,131.718
1618,19-12-2016,135.225
1619,20-12-2016,138.281
1620,21-12-2016,140.844
1621,22-12-2016,139.856
1622,23-12-2016,141.584
1623,24-12-2016,141.419
1624,25-12-2016,138.651
1625,26-12-2016,142.215
1626,27-12-2016,145.586
1627,28-12-2016,147.613
1628,29-12-2016,145.281
1629,30-12-2016,145.295
1630,31-12-2016,148.037
1631,01-01-2017,139.852
1632,02-01-2017,144.05
1633,03-01-2017,147.658
1634,04-01-2017,150.169
1635,05-01-2017,149.811
1636,06-01-2017,149.702
1637,07-01-2017,148.871
1638,08-01-2017,147.117
1639,09-01-2017,149.127
1640,10-01-2017,150.803
1641,11-01-2017,152.121
1642,12-01-2017,152.433
1643,13-01-2017,148.5
1644,14-01-2017,138.936
1645,15-01-2017,131.577
1646,16-01-2017,138.504
1647,17-01-2017,142.048
1648,18-01-2017,144.107
1649,19-01-2017,146.446
1650,20-01-2017,148.074
1651,21-01-2017,147.936
1652,22-01-2017,144.166
1653,23-01-2017,146.248
1654,24-01-2017,147.617
1655,25-01-2017,151.171
1656,26-01-2017,147.176
1657,27-01-2017,145.948
1658,28-01-2017,146.385
1659,29-01-2017,146.638
1660,30-01-2017,151.666
1661,31-01-2017,154.684
1662,01-02-2017,153.954
1663,02-02-2017,154.397
1664,03-02-2017,155.223
1665,04-02-2017,156.757
1666,05-02-2017,154.942
1667,06-02-2017,155.938
1668,07-02-2017,157.711
1669,08-02-2017,159.243
1670,09-02-2017,157.85
1671,10-02-2017,157.953
1672,11-02-2017,154.037
1673,12-02-2017,153.527
1674,13-02-2017,155.537
1675,14-02-2017,157.862
1676,15-02-2017,158.142
1677,16-02-2017,157.556
1678,17-02-2017,156.471
1679,18-02-2017,157.015
1680,19-02-2017,156.648
1681,20-02-2017,159.007
1682,21-02-2017,160.319
1683,22-02-2017,162.28
1684,23-02-2017,165.04
1685,24-02-2017,164.277
1686,25-02-2017,164.2
1687,26-02-2017,160.442
1688,27-02-2017,162.555
1689,28-02-2017,161.351
1690,01-03-2017,161.415
1691,02-03-2017,161.402
1692,03-03-2017,160.988
1693,04-03-2017,162.481
1694,05-03-2017,160.804
1695,06-03-2017,165.74
1696,07-03-2017,164.106
1697,08-03-2017,162.252
1698,09-03-2017,161.4
1699,10-03-2017,160.225
1700,11-03-2017,156.915
1701,14-03-2017,161.175
1702,15-03-2017,162.137
1703,16-03-2017,162.762
1704,17-03-2017,163.713
1705,18-03-2017,164.685
1706,19-03-2017,157.444
1707,20-03-2017,161.901
1708,21-03-2017,165.116
1709,22-03-2017,166.126
1710,23-03-2017,165.12
1711,24-03-2017,166.806
1712,25-03-2017,165.162
1713,26-03-2017,163.847
1714,27-03-2017,164.944
1715,28-03-2017,167.133
1716,29-03-2017,165.784
1717,30-03-2017,164.479
1718,31-03-2017,166.886
1719,01-04-2017,165.237
1720,02-04-2017,158.91
1721,03-04-2017,160.83
1722,06-04-2017,164.178
1723,07-04-2017,165.675
1724,08-04-2017,165.471
1725,09-04-2017,165.682
1726,10-04-2017,166.261
1727,11-04-2017,168.794
1728,14-04-2017,165.767
1729,16-04-2017,163.614
1730,18-04-2017,170.24
1731,21-04-2017,163.913
1732,22-04-2017,165.738
1733,26-04-2017,170.019
1734,27-04-2017,169.756
1735,30-04-2017,157.015
1736,01-05-2017,147.112
1737,02-05-2017,155.126
1738,03-05-2017,162.271
1739,04-05-2017,165.257
1740,05-05-2017,167.542
1741,06-05-2017,166.746
1742,07-05-2017,153.05
1743,08-05-2017,156.378
1744,09-05-2017,162.374
1745,10-05-2017,154.057
1746,11-05-2017,161.278
1747,12-05-2017,165.027
1748,13-05-2017,163.849
1749,14-05-2017,162.914
1750,15-05-2017,168.756
1751,16-05-2017,175.998
1752,17-05-2017,174.171
1753,18-05-2017,172.471
1754,19-05-2017,173.047
1755,20-05-2017,171.461
1756,21-05-2017,166.228
1757,22-05-2017,168.623
1758,23-05-2017,170.641
1759,24-05-2017,171.958
1760,25-05-2017,175.04
1761,26-05-2017,169.017
1762,27-05-2017,149.289
1763,28-05-2017,153.94
1764,29-05-2017,160.408
1765,30-05-2017,167.048
1766,31-05-2017,172.427
1767,01-06-2017,168.964
1768,02-06-2017,171.089
1769,03-06-2017,171.409
1770,04-06-2017,162.437
1771,05-06-2017,162.116
1772,06-06-2017,151.796
1773,07-06-2017,137.526
1774,08-06-2017,133.978
1775,09-06-2017,141.76
1776,10-06-2017,143.92
1777,11-06-2017,145.85
1778,12-06-2017,150.931
1779,13-06-2017,155.528
1780,14-06-2017,152.812
1781,15-06-2017,148.422
1782,16-06-2017,137.202
1783,17-06-2017,143.641
1784,18-06-2017,145.637
1785,19-06-2017,143.758
1786,20-06-2017,145.47
1787,21-06-2017,146.023
1788,22-06-2017,151.526
1789,23-06-2017,149.628
1790,24-06-2017,140.074
1791,25-06-2017,131.534
1792,26-06-2017,134.174
1793,27-06-2017,138.05
1794,28-06-2017,142.256
1795,29-06-2017,146.025
1796,30-06-2017,150.057
1797,01-07-2017,145.53
1798,02-07-2017,144.737
1799,03-07-2017,148.866
1800,04-07-2017,150.579
1801,05-07-2017,158.899
1802,06-07-2017,158.473
1803,07-07-2017,153.339
1804,08-07-2017,147.822
1805,09-07-2017,152.125
1806,10-07-2017,154.066
1807,11-07-2017,153.668
1808,12-07-2017,146.24
1809,13-07-2017,145.329
1810,14-07-2017,139.744
1811,15-07-2017,141.917
1812,16-07-2017,136.157
1813,17-07-2017,135.947
1814,18-07-2017,145.637
1815,19-07-2017,133.271
1816,20-07-2017,139.358
1817,21-07-2017,154.645
1818,22-07-2017,159.351
1819,23-07-2017,162.207
1820,24-07-2017,164.98
1821,25-07-2017,164.762
1822,26-07-2017,167.084
1823,27-07-2017,169.981
1824,28-07-2017,166.719
1825,29-07-2017,163.439
1826,30-07-2017,162.367
1827,31-07-2017,162.379
1828,01-08-2017,159.156
1829,02-08-2017,155.851
1830,03-08-2017,160.35
1831,04-08-2017,165.067
1832,05-08-2017,156.003
1833,06-08-2017,158.268
1834,07-08-2017,162.67
1835,08-08-2017,154.644
1836,09-08-2017,155.743
1837,10-08-2017,152.882
1838,11-08-2017,153.605
1839,12-08-2017,147.538
1840,13-08-2017,145.486
1841,14-08-2017,150.388
1842,15-08-2017,154.251
1843,16-08-2017,156.912
1844,17-08-2017,149.553
1845,18-08-2017,144.433
1846,19-08-2017,139.967
1847,20-08-2017,136.54
1848,21-08-2017,146.014
1849,22-08-2017,150.089
1850,23-08-2017,151.416
1851,24-08-2017,146.666
1852,25-08-2017,135.97
1853,26-08-2017,137.486
1854,27-08-2017,136.934
1855,28-08-2017,137.845
1856,29-08-2017,134.243
1857,30-08-2017,150.054
1858,31-08-2017,153.084
1859,01-09-2017,154.109
1860,02-09-2017,154.469
1861,03-09-2017,149.878
1862,04-09-2017,150.827
1863,05-09-2017,148.988
1864,06-09-2017,147.38
1865,07-09-2017,145.934
1866,08-09-2017,146.789
1867,09-09-2017,146.818
1868,10-09-2017,148.375
1869,11-09-2017,154.271
1870,12-09-2017,154.293
1871,13-09-2017,158.303
1872,14-09-2017,157.968
1873,15-09-2017,150.708
1874,16-09-2017,150.693
1875,17-09-2017,138.945
1876,18-09-2017,143.894
1877,19-09-2017,152.975
1878,20-09-2017,157.184
1879,21-09-2017,162.69
1880,22-09-2017,160.774
1881,23-09-2017,168.237
1882,24-09-2017,162.589
1883,25-09-2017,154.468
1884,26-09-2017,153.174
1885,27-09-2017,151.312
1886,28-09-2017,148.004
1887,29-09-2017,145.462
1888,30-09-2017,140.391
1889,01-10-2017,137.993
1890,02-10-2017,133.068
1891,03-10-2017,141.405
1892,04-10-2017,143.267
1893,05-10-2017,137.08
1894,06-10-2017,140.606
1895,07-10-2017,142.695
1896,08-10-2017,141.344
1897,09-10-2017,146.343
1898,10-10-2017,144.044
1899,11-10-2017,141.573
1900,12-10-2017,143.58
1901,13-10-2017,145.168
1902,14-10-2017,145.566
1903,15-10-2017,144.425
1904,16-10-2017,142.537
1905,17-10-2017,147.946
1906,18-10-2017,146.102
1907,19-10-2017,141.04
1908,20-10-2017,148.311
1909,21-10-2017,152.775
1910,22-10-2017,154.088
1911,23-10-2017,161.587
1912,24-10-2017,164.035
1913,25-10-2017,165.992
1914,26-10-2017,164.667
1915,27-10-2017,162.387
1916,28-10-2017,161.377
1917,29-10-2017,161.309
1918,30-10-2017,158.074
1919,31-10-2017,160.299
1920,01-11-2017,158.742
1921,02-11-2017,159.334
1922,03-11-2017,160.42
1923,04-11-2017,154.878
1924,05-11-2017,149.808
1925,06-11-2017,149.943
1926,07-11-2017,152.56
1927,08-11-2017,155.057
1928,09-11-2017,160.027
1929,10-11-2017,160.659
1930,11-11-2017,156.2
1931,12-11-2017,154.032
1932,13-11-2017,158.149
1933,14-11-2017,162.914
1934,15-11-2017,157.678
1935,16-11-2017,163.413
1936,17-11-2017,166.02
1937,18-11-2017,167.405
1938,19-11-2017,164.611
1939,20-11-2017,167.228
1940,21-11-2017,167.144
1941,22-11-2017,169.442
1942,23-11-2017,170.941
1943,24-11-2017,167.951
1944,25-11-2017,164.79
1945,26-11-2017,159.814
1946,27-11-2017,161.998
1947,28-11-2017,159.353
1948,29-11-2017,161.649
1949,30-11-2017,156.489
1950,01-12-2017,152.649
1951,02-12-2017,154.829
1952,03-12-2017,146.442
1953,04-12-2017,152.941
1954,05-12-2017,156.588
1955,06-12-2017,159.759
1956,07-12-2017,153.601
1957,08-12-2017,155.592
1958,09-12-2017,155.767
1959,10-12-2017,155.63
1960,11-12-2017,158.798
1961,12-12-2017,160.458
1962,13-12-2017,167.668
1963,14-12-2017,164.728
1964,15-12-2017,163.523
1965,16-12-2017,159.898
1966,17-12-2017,155.706
1967,18-12-2017,157.719
1968,19-12-2017,157.308
1969,20-12-2017,155.475
1970,21-12-2017,160.352
1971,22-12-2017,159.611
1972,23-12-2017,159.725
1973,24-12-2017,156.493
1974,25-12-2017,157.946
1975,26-12-2017,160.649
1976,27-12-2017,160.422
1977,28-12-2017,159.427
1978,29-12-2017,163.109
1979,30-12-2017,163.991
1980,31-12-2017,161.495
1981,01-01-2018,158.065
1982,02-01-2018,159.567
1983,03-01-2018,162.367
1984,04-01-2018,161.689
1985,05-01-2018,161.544
1986,06-01-2018,161.478
1987,07-01-2018,159.145
1988,08-01-2018,160.318
1989,09-01-2018,161.846
1990,10-01-2018,162.806
1991,11-01-2018,163.754
1992,12-01-2018,166.276
1993,13-01-2018,167.282
1994,14-01-2018,162.86
1995,15-01-2018,154.195
1996,16-01-2018,151.175
1997,17-01-2018,157.51
1998,18-01-2018,161.682
1999,19-01-2018,163.938
2000,20-01-2018,164.038
2001,21-01-2018,160.432
2002,22-01-2018,162.496
2003,23-01-2018,165.258
2004,24-01-2018,166.444
2005,25-01-2018,166.785
2006,26-01-2018,165.116
2007,27-01-2018,166.506
2008,28-01-2018,164.158
2009,29-01-2018,166.144
2010,30-01-2018,168.645
2011,31-01-2018,167.583
2012,01-02-2018,164.171
2013,02-02-2018,164.94
2014,03-02-2018,165.951
2015,04-02-2018,161.388
2016,05-02-2018,165.328
2017,06-02-2018,166.308
2018,07-02-2018,167.434
2019,08-02-2018,166.948
2020,09-02-2018,170.403
2021,10-02-2018,170.713
2022,11-02-2018,168.625
2023,12-02-2018,171.281
2024,13-02-2018,171.017
2025,14-02-2018,168.21
2026,15-02-2018,170.539
2027,16-02-2018,171.24
2028,17-02-2018,173.757
2029,18-02-2018,172.087
2030,19-02-2018,173.688
2031,20-02-2018,174.917
2032,21-02-2018,175.298
2033,22-02-2018,178.431
2034,23-02-2018,178.146
2035,24-02-2018,174.014
2036,25-02-2018,169.614
2037,26-02-2018,171.667
2038,27-02-2018,176.134
2039,28-02-2018,178.342
2040,01-03-2018,176.221
2041,02-03-2018,169.653
2042,03-03-2018,174.534
2043,04-03-2018,172.524
2044,05-03-2018,175.103
2045,06-03-2018,177.666
2046,07-03-2018,177.773
2047,08-03-2018,178.622
2048,09-03-2018,180.234
2049,10-03-2018,180.478
2050,11-03-2018,175.745
2051,12-03-2018,178.833
2052,13-03-2018,180.038
2053,14-03-2018,181.768
2054,15-03-2018,181.833
2055,16-03-2018,179.036
2056,17-03-2018,156.37
2057,18-03-2018,158.431
2058,19-03-2018,163.135
2059,20-03-2018,170.757
2060,21-03-2018,175.654
2061,22-03-2018,178.843
2062,23-03-2018,182.734
2063,24-03-2018,184.1
2064,25-03-2018,180.23
2065,26-03-2018,180.996
2066,27-03-2018,180.033
2067,28-03-2018,183.786
2068,29-03-2018,184.981
2069,30-03-2018,180.104
2070,31-03-2018,174.443
2071,01-04-2018,167.208
2072,02-04-2018,161.1
2073,03-04-2018,170.177
2074,04-04-2018,171.326
2075,05-04-2018,171.323
2076,06-04-2018,175.833
2077,07-04-2018,174.487
2078,08-04-2018,166.747
2079,09-04-2018,175.149
2080,10-04-2018,177.401
2081,11-04-2018,180.037
2082,12-04-2018,181.462
2083,13-04-2018,181.353
2084,14-04-2018,181.509
2085,15-04-2018,180.853
2086,16-04-2018,182.728
2087,17-04-2018,183.487
2088,18-04-2018,182.913
2089,19-04-2018,181.868
2090,20-04-2018,181.909
2091,21-04-2018,182.49
2092,22-04-2018,179.92
2093,23-04-2018,176.424
2094,24-04-2018,174.118
2095,25-04-2018,173.316
2096,26-04-2018,180.392
2097,27-04-2018,180.863
2098,28-04-2018,182.864
2099,29-04-2018,178.503
2100,30-04-2018,181.144
2101,01-05-2018,160.527
2102,02-05-2018,166.018
2103,03-05-2018,145.036
2104,04-05-2018,146.818
2105,05-05-2018,163.246
2106,06-05-2018,164.749
2107,07-05-2018,172.395
2108,08-05-2018,176.422
2109,09-05-2018,178.073
2110,10-05-2018,176.685
2111,11-05-2018,176.599
2112,12-05-2018,172.161
2113,13-05-2018,164.014
2114,14-05-2018,165.773
2115,15-05-2018,165.302
2116,16-05-2018,174.247
2117,17-05-2018,177.47
2118,18-05-2018,176.873
2119,19-05-2018,177.322
2120,20-05-2018,171.129
2121,21-05-2018,176.633
2122,22-05-2018,178.664
2123,23-05-2018,176.854
2124,24-05-2018,176.176
2125,25-05-2018,178.944
2126,26-05-2018,179.475
2127,27-05-2018,176.503
2128,28-05-2018,182.647
2129,29-05-2018,184.305
2130,30-05-2018,186.296
2131,31-05-2018,180.184
2132,01-06-2018,177.187
2133,02-06-2018,161.897
2134,03-06-2018,160.236
2135,04-06-2018,164.434
2136,05-06-2018,168.105
2137,06-06-2018,160.37
2138,07-06-2018,154.28
2139,08-06-2018,150.67
2140,09-06-2018,149.398
2141,10-06-2018,147.628
2142,11-06-2018,151.901
2143,12-06-2018,151.249
2144,13-06-2018,157.599
2145,14-06-2018,168.142
2146,15-06-2018,171.119
2147,16-06-2018,169.055
2148,17-06-2018,167.996
2149,18-06-2018,171.75
2150,19-06-2018,179.693
2151,20-06-2018,184.537
2152,21-06-2018,183.207
2153,22-06-2018,179.807
2154,23-06-2018,175.295
2155,24-06-2018,171.88
2156,25-06-2018,173.8
2157,26-06-2018,174.833
2158,27-06-2018,168.232
2159,28-06-2018,158.374
2160,29-06-2018,163.89
2161,30-06-2018,161.821
2162,01-07-2018,155.173
2163,02-07-2018,158.426
2164,03-07-2018,150.987
2165,04-07-2018,158.477
2166,05-07-2018,162.087
2167,06-07-2018,162.195
2168,07-07-2018,153.112
2169,08-07-2018,146.803
2170,09-07-2018,150.654
2171,10-07-2018,150.8
2172,11-07-2018,148.698
2173,12-07-2018,142.266
2174,13-07-2018,147.233
2175,14-07-2018,145.894
2176,15-07-2018,142.952
2177,16-07-2018,144.175
2178,17-07-2018,153.074
2179,18-07-2018,160.548
2180,19-07-2018,166.686
2181,20-07-2018,163.141
2182,21-07-2018,160.737
2183,22-07-2018,158.763
2184,23-07-2018,167.594
2185,24-07-2018,172.81
2186,25-07-2018,176.174
2187,26-07-2018,179.322
2188,27-07-2018,176.662
2189,28-07-2018,175.957
2190,29-07-2018,173.033
2191,30-07-2018,181.674
2192,31-07-2018,182.926
2193,01-08-2018,181.167
2194,02-08-2018,176.1
2195,03-08-2018,177.021
2196,04-08-2018,177.293
2197,05-08-2018,174.574
2198,06-08-2018,174.389
2199,07-08-2018,171.421
2200,08-08-2018,168.024
2201,09-08-2018,170.46
2202,10-08-2018,170.383
2203,11-08-2018,153.172
2204,12-08-2018,150.273
2205,13-08-2018,151.961
2206,14-08-2018,151.685
2207,15-08-2018,144.586
2208,16-08-2018,146.35
2209,17-08-2018,154.305
2210,18-08-2018,156.907
2211,19-08-2018,152.42
2212,20-08-2018,153.186
2213,21-08-2018,158.967
2214,22-08-2018,169.428
2215,23-08-2018,177.195
2216,24-08-2018,176.79
2217,25-08-2018,174.169
2218,26-08-2018,170.679
2219,27-08-2018,168.895
2220,28-08-2018,169.291
2221,29-08-2018,172.939
2222,30-08-2018,179.583
2223,31-08-2018,179.816
2224,01-09-2018,177.431
2225,02-09-2018,177.982
2226,03-09-2018,184.249
2227,04-09-2018,186.78
2228,05-09-2018,187.788
2229,06-09-2018,186.915
2230,07-09-2018,187.7
2231,08-09-2018,184.193
2232,09-09-2018,190.198
2233,10-09-2018,192.933
2234,11-09-2018,190.225
2235,12-09-2018,181.784
2236,13-09-2018,178.148
2237,14-09-2018,180.624
2238,15-09-2018,181.464
2239,16-09-2018,172.261
2240,17-09-2018,160.167
2241,18-09-2018,158.01
2242,19-09-2018,160.452
2243,20-09-2018,161.314
2244,21-09-2018,152.844
2245,22-09-2018,155.897
2246,23-09-2018,167.326
2247,24-09-2018,173.341
2248,25-09-2018,175.828
2249,26-09-2018,170.085
2250,27-09-2018,168.685
2251,28-09-2018,174.519
2252,29-09-2018,179.261
2253,30-09-2018,181.876
2254,01-10-2018,184.444
2255,02-10-2018,183.849
2256,03-10-2018,187.223
2257,04-10-2018,183.091
2258,05-10-2018,176.176
2259,06-10-2018,177.845
2260,07-10-2018,181.201
2261,08-10-2018,186.708
2262,09-10-2018,187.208
2263,10-10-2018,181.195
2264,11-10-2018,181.612
2265,12-10-2018,187.014
2266,13-10-2018,186.117
2267,14-10-2018,187.448
2268,15-10-2018,186.937
2269,16-10-2018,181.862
2270,17-10-2018,176.245
2271,18-10-2018,163.378
2272,19-10-2018,163.548
2273,20-10-2018,169.033
2274,21-10-2018,173.111
2275,22-10-2018,181.241
2276,23-10-2018,182.744
2277,24-10-2018,187.366
2278,25-10-2018,189.719
2279,26-10-2018,187.374
2280,27-10-2018,184.272
2281,28-10-2018,179.72
2282,29-10-2018,182.923
2283,30-10-2018,183.529
2284,31-10-2018,189.186
2285,01-11-2018,179.719
2286,02-11-2018,175.192
2287,03-11-2018,176.66
2288,04-11-2018,178.121
2289,05-11-2018,183.584
2290,06-11-2018,186.203
2291,07-11-2018,175.6
2292,08-11-2018,178.318
2293,09-11-2018,185.379
2294,10-11-2018,184.326
2295,11-11-2018,184.027
2296,12-11-2018,183.117
2297,13-11-2018,181.28
2298,14-11-2018,181.159
2299,15-11-2018,178.395
2300,16-11-2018,172.7
2301,17-11-2018,171.05
2302,18-11-2018,166.275
2303,19-11-2018,173.312
2304,20-11-2018,175.762
2305,21-11-2018,169.558
2306,22-11-2018,159.484
2307,23-11-2018,160.073
2308,24-11-2018,161.508
2309,25-11-2018,158.888
2310,26-11-2018,160.515
2311,27-11-2018,161.411
2312,28-11-2018,164.935
2313,29-11-2018,167.18
2314,30-11-2018,168.076
2315,01-12-2018,165.39
2316,02-12-2018,161.745
2317,03-12-2018,163.796
2318,04-12-2018,160.655
2319,05-12-2018,159.963
2320,06-12-2018,163.199
2321,07-12-2018,163.865
2322,08-12-2018,164.937
2323,09-12-2018,163.307
2324,10-12-2018,164.375
2325,11-12-2018,166.52
2326,12-12-2018,167.145
2327,13-12-2018,168.499
2328,14-12-2018,164.161
2329,15-12-2018,159.171
2330,16-12-2018,148.77
2331,17-12-2018,125.976
2332,18-12-2018,139.797
2333,19-12-2018,147.365
2334,20-12-2018,151.092
2335,21-12-2018,152.039
2336,22-12-2018,153.044
2337,23-12-2018,151.246
2338,24-12-2018,156.066
2339,25-12-2018,157.175
2340,26-12-2018,160.428
2341,27-12-2018,162.938
2342,28-12-2018,161.778
2343,29-12-2018,162.543
2344,30-12-2018,155.992
2345,31-12-2018,158.614
2346,01-01-2019,152.233
2347,02-01-2019,155.343
2348,03-01-2019,157.659
2349,04-01-2019,159.317
2350,05-01-2019,159.691
2351,06-01-2019,155.84
2352,07-01-2019,157.784
2353,08-01-2019,159.756
2354,09-01-2019,158.347
2355,10-01-2019,159.229
2356,11-01-2019,161.829
2357,12-01-2019,159.272
2358,13-01-2019,159.59
2359,14-01-2019,155.815
2360,15-01-2019,148.881
2361,16-01-2019,145.451
2362,17-01-2019,154.302
2363,18-01-2019,159.514
2364,19-01-2019,161.293
2365,20-01-2019,159.316
2366,21-01-2019,161.219
2367,22-01-2019,163.235
2368,23-01-2019,164.03
2369,24-01-2019,165.005
2370,25-01-2019,167.177
2371,26-01-2019,165.945
2372,27-01-2019,160.626
2373,28-01-2019,146.782
2374,29-01-2019,144.809
2375,30-01-2019,147.951
2376,31-01-2019,151.36
2377,01-02-2019,154.77
2378,02-02-2019,156.924
2379,03-02-2019,156.769
2380,04-02-2019,157.661
2381,05-02-2019,161.77
2382,06-02-2019,160.634
2383,07-02-2019,164.332
2384,08-02-2019,168.349
2385,09-02-2019,167.531
2386,10-02-2019,163.197
2387,11-02-2019,166.168
2388,12-02-2019,167.773
2389,13-02-2019,169.679
2390,14-02-2019,170.19
2391,15-02-2019,170.306
2392,16-02-2019,172.512
2393,17-02-2019,177.645
2394,18-02-2019,185.066
2395,19-02-2019,189.135
2396,20-02-2019,187.44
2397,21-02-2019,188.122
2398,22-02-2019,186.76
2399,23-02-2019,186.314
2400,24-02-2019,185.359
2401,25-02-2019,187.438
2402,26-02-2019,187.523
2403,27-02-2019,191.06
2404,28-02-2019,190.384
2405,01-03-2019,185.544
2406,02-03-2019,185.557
2407,03-03-2019,184.053
2408,04-03-2019,185.963
2409,05-03-2019,187.764
2410,06-03-2019,191.198
2411,07-03-2019,196.395
2412,08-03-2019,195.393
2413,09-03-2019,194.728
2414,10-03-2019,192.685
2415,11-03-2019,193.608
2416,12-03-2019,194.598
2417,13-03-2019,194.673
2418,14-03-2019,192.334
2419,15-03-2019,193.76
2420,16-03-2019,192.213
2421,17-03-2019,188.127
2422,18-03-2019,188.381
2423,19-03-2019,192.274
2424,20-03-2019,194.082
2425,21-03-2019,189.578
2426,22-03-2019,193.001
2427,23-03-2019,195.789
2428,24-03-2019,192.445
2429,25-03-2019,194.639
2430,26-03-2019,193.883
2431,27-03-2019,194.892
2432,28-03-2019,195.927
2433,29-03-2019,196.71
2434,30-03-2019,197.702
2435,31-03-2019,194.284
2436,01-04-2019,191.807
2437,02-04-2019,192.385
2438,03-04-2019,192.793
2439,04-04-2019,192.489
2440,05-04-2019,193.745
2441,06-04-2019,183.925
2442,07-04-2019,178.697
2443,08-04-2019,187.222
2444,09-04-2019,189.745
2445,10-04-2019,191.181
2446,11-04-2019,170.755
2447,12-04-2019,188.739
2448,13-04-2019,187.49
2449,14-04-2019,189.833
2450,15-04-2019,188.557
2451,16-04-2019,190.802
2452,17-04-2019,190.982
2453,18-04-2019,192.063
2454,19-04-2019,189.975
2455,20-04-2019,184.568
2456,21-04-2019,175.289
2457,22-04-2019,175.477
2458,23-04-2019,174.617
2459,24-04-2019,183.786
2460,25-04-2019,184.567
2461,26-04-2019,187.176
2462,27-04-2019,189.016
2463,28-04-2019,187.611
2464,29-04-2019,189.72
2465,30-04-2019,189.57
2466,01-05-2019,171.423
2467,02-05-2019,167.992
2468,03-05-2019,177.042
2469,04-05-2019,184.484
2470,05-05-2019,186.812
2471,06-05-2019,193.651
2472,07-05-2019,192.368
2473,08-05-2019,192.608
2474,09-05-2019,196.692
2475,10-05-2019,199.929
2476,11-05-2019,194.092
2477,12-05-2019,191.855
2478,13-05-2019,188.615
2479,14-05-2019,191.469
2480,15-05-2019,191.56
2481,16-05-2019,193.124
2482,17-05-2019,192.066
2483,18-05-2019,194.671
2484,19-05-2019,193.28
2485,20-05-2019,188.988
2486,21-05-2019,196.754
2487,22-05-2019,198.156
2488,23-05-2019,197.992
2489,24-05-2019,195.688
2490,25-05-2019,197.035
2491,26-05-2019,195.761
2492,27-05-2019,193.437
2493,28-05-2019,197.121
2494,29-05-2019,192.191
2495,30-05-2019,178.58
2496,31-05-2019,192.039
2497,01-06-2019,190.971
2498,02-06-2019,189.49
2499,03-06-2019,172.045
2500,04-06-2019,178.962
2501,05-06-2019,188.676
2502,06-06-2019,181.808
2503,07-06-2019,183.849
2504,08-06-2019,184.524
2505,09-06-2019,186.498
2506,10-06-2019,177.946
2507,11-06-2019,186.989
2508,12-06-2019,191.492
2509,13-06-2019,193.991
2510,14-06-2019,194.219
2511,15-06-2019,198.287
2512,16-06-2019,193.822
2513,17-06-2019,188.742
2514,18-06-2019,191.161
2515,19-06-2019,198.185
2516,20-06-2019,190.213
2517,21-06-2019,182.614
2518,22-06-2019,178.171
2519,23-06-2019,166.255
2520,24-06-2019,172.49
2521,25-06-2019,173.785
2522,26-06-2019,173.995
2523,27-06-2019,173.375
2524,28-06-2019,178.68
2525,29-06-2019,179.545
2526,30-06-2019,172.131
2527,01-07-2019,167.529
2528,02-07-2019,167.338
2529,03-07-2019,169.427
2530,04-07-2019,175.453
2531,05-07-2019,172.882
2532,06-07-2019,172.941
2533,07-07-2019,171.949
2534,08-07-2019,179.429
2535,09-07-2019,181.45
2536,10-07-2019,181.64
2537,11-07-2019,179.516
2538,12-07-2019,184.988
2539,13-07-2019,180.342
2540,14-07-2019,168.342
2541,15-07-2019,171.026
2542,16-07-2019,175.925
2543,17-07-2019,179.927
2544,18-07-2019,175.951
2545,19-07-2019,168.663
2546,20-07-2019,162.08
2547,21-07-2019,163.053
2548,22-07-2019,163.728
2549,23-07-2019,162.79
2550,24-07-2019,170.719
2551,25-07-2019,170.137
2552,26-07-2019,153.804
2553,27-07-2019,151.814
2554,28-07-2019,148.26
2555,29-07-2019,151.5
2556,30-07-2019,156.643
2557,31-07-2019,164.58
2558,01-08-2019,159.63
2559,02-08-2019,148.578
2560,03-08-2019,148.312
2561,04-08-2019,151.038
2562,05-08-2019,152.34
2563,06-08-2019,148.796
2564,07-08-2019,147.119
2565,08-08-2019,149.52
2566,09-08-2019,162.221
2567,10-08-2019,168.264
2568,11-08-2019,177.21
2569,12-08-2019,181.3
2570,13-08-2019,180.03
2571,14-08-2019,179.805
2572,15-08-2019,174.248
2573,16-08-2019,180.554
2574,17-08-2019,171.311
2575,18-08-2019,161.926
2576,19-08-2019,161.492
2577,20-08-2019,159.864
2578,21-08-2019,158.926
2579,22-08-2019,158.216
2580,23-08-2019,160.95
2581,24-08-2019,164.295
2582,25-08-2019,162.624
2583,26-08-2019,171.647
2584,27-08-2019,180.625
2585,28-08-2019,185.263
2586,29-08-2019,191.776
2587,30-08-2019,189.525
2588,31-08-2019,180.459
2589,01-09-2019,165.513
2590,02-09-2019,154.763
2591,03-09-2019,154.045
2592,04-09-2019,155.777
2593,05-09-2019,161.684
2594,06-09-2019,164.864
2595,07-09-2019,165.409
2596,08-09-2019,165.052
2597,09-09-2019,174.167
2598,10-09-2019,182.294
2599,11-09-2019,181.585
2600,12-09-2019,178.418
2601,13-09-2019,180.084
2602,14-09-2019,176.186
2603,15-09-2019,171.86
2604,16-09-2019,168.381
2605,17-09-2019,159.27
2606,18-09-2019,156.302
2607,19-09-2019,152.036
2608,20-09-2019,150.025
2609,21-09-2019,155.158
2610,22-09-2019,156.083
2611,23-09-2019,160.275
2612,24-09-2019,153.592
2613,25-09-2019,150.825
2614,26-09-2019,145.448
2615,27-09-2019,147.109
2616,28-09-2019,151.228
2617,29-09-2019,158.021
2618,30-09-2019,160.358
2619,01-10-2019,167.314
2620,02-10-2019,164.969
2621,03-10-2019,165.319
2622,04-10-2019,163.11
2623,05-10-2019,161.235
2624,06-10-2019,159.766
2625,07-10-2019,158.87
2626,08-10-2019,153.838
2627,09-10-2019,156.597
2628,10-10-2019,157.378
2629,11-10-2019,159.372
2630,12-10-2019,158.965
2631,13-10-2019,160.276
2632,14-10-2019,163.198
2633,15-10-2019,162.211
2634,16-10-2019,154.545
2635,17-10-2019,150.684
2636,18-10-2019,153.472
2637,19-10-2019,152.434
2638,20-10-2019,150.204
2639,21-10-2019,150.382
2640,22-10-2019,143.943
2641,23-10-2019,139.838
2642,24-10-2019,142.967
2643,25-10-2019,148.477
2644,26-10-2019,150.207
2645,27-10-2019,144.799
2646,28-10-2019,148.835
2647,29-10-2019,153.406
2648,30-10-2019,145.775
2649,31-10-2019,146.991
2650,01-11-2019,151.678
2651,02-11-2019,155.719
2652,03-11-2019,156.255
2653,04-11-2019,160.416
2654,05-11-2019,165.201
2655,06-11-2019,170.094
2656,07-11-2019,169.714
2657,08-11-2019,167.532
2658,09-11-2019,163.879
2659,10-11-2019,163.989
2660,11-11-2019,170.974
2661,12-11-2019,172.676
2662,13-11-2019,172.585
2663,14-11-2019,168.729
2664,15-11-2019,162.22
2665,16-11-2019,165.725
2666,17-11-2019,166.367
2667,18-11-2019,172.378
2668,19-11-2019,170.025
2669,20-11-2019,164.189
2670,21-11-2019,165.373
2671,22-11-2019,166.636
2672,23-11-2019,166.697
2673,24-11-2019,163.696
2674,25-11-2019,166.396
2675,26-11-2019,165.319
2676,27-11-2019,165.438
2677,28-11-2019,161.715
2678,29-11-2019,162.485
2679,30-11-2019,164.238
2680,01-12-2019,147.731
2681,02-12-2019,147.031
2682,03-12-2019,147.448
2683,04-12-2019,148.941
2684,05-12-2019,152.093
2685,06-12-2019,151.159
2686,07-12-2019,150.829
2687,08-12-2019,146.665
2688,09-12-2019,151.679
2689,10-12-2019,156.158
2690,11-12-2019,155.75
2691,12-12-2019,156.704
2692,13-12-2019,157.666
2693,14-12-2019,151.897
2694,15-12-2019,153.539
2695,16-12-2019,158.685
2696,17-12-2019,158.784
2697,18-12-2019,159.736
2698,19-12-2019,162.829
2699,20-12-2019,163.519
2700,21-12-2019,163.525
2701,22-12-2019,159.672
2702,23-12-2019,163.205
2703,24-12-2019,164.842
2704,25-12-2019,162.317
2705,26-12-2019,165.246
2706,27-12-2019,168.852
2707,28-12-2019,165.558
2708,29-12-2019,160.324
2709,30-12-2019,162.033
2710,31-12-2019,166.471
2711,01-01-2020,162.349
2712,02-01-2020,163.283
2713,03-01-2020,167.924
2714,04-01-2020,161.41
2715,05-01-2020,157.231
2716,06-01-2020,157.892
2717,07-01-2020,157.673
2718,08-01-2020,160.263
2719,09-01-2020,165.329
2720,10-01-2020,167.25
2721,11-01-2020,166.739
2722,12-01-2020,167.467
2723,13-01-2020,168.23
2724,14-01-2020,163.908
2725,15-01-2020,153.117
2726,16-01-2020,150.345
2727,17-01-2020,162.325
2728,18-01-2020,166.415
2729,19-01-2020,168.03
2730,20-01-2020,174.199
2731,21-01-2020,176.642
2732,22-01-2020,179.97
2733,23-01-2020,179.718
2734,24-01-2020,179.273
2735,25-01-2020,179.591
2736,26-01-2020,176.114
2737,27-01-2020,181.02
2738,28-01-2020,184.851
2739,29-01-2020,187.446
2740,30-01-2020,189.946
2741,31-01-2020,187.256
2742,01-02-2020,185.098
2743,02-02-2020,179.413
2744,03-02-2020,181.36
2745,04-02-2020,179.144
2746,05-02-2020,181.958
2747,06-02-2020,184.004
2748,07-02-2020,184.74
2749,08-02-2020,184.306
2750,09-02-2020,178.279
2751,10-02-2020,176.42
2752,11-02-2020,180.264
2753,12-02-2020,182.507
2754,13-02-2020,184.721
2755,14-02-2020,185.84
2756,15-02-2020,187.451
2757,16-02-2020,185.45
2758,17-02-2020,189.242
2759,18-02-2020,192.144
2760,19-02-2020,191.976
2761,20-02-2020,190.74
2762,21-02-2020,188.296
2763,22-02-2020,188.231
2764,23-02-2020,186.005
2765,24-02-2020,190.387
2766,25-02-2020,192.53
2767,26-02-2020,194.733
2768,27-02-2020,194.994
2769,28-02-2020,193.807
2770,29-02-2020,193.859
2771,01-03-2020,189.406
2772,02-03-2020,191.181
2773,03-03-2020,193.688
2774,04-03-2020,195.829
2775,05-03-2020,194.884
2776,06-03-2020,187.812
2777,07-03-2020,182.584
2778,08-03-2020,179.29
2779,09-03-2020,183.356
2780,10-03-2020,184.293
2781,11-03-2020,188.774
2782,12-03-2020,190.658
2783,13-03-2020,195.807
2784,14-03-2020,193.326
2785,15-03-2020,191.293
2786,16-03-2020,196.007
2787,17-03-2020,198.868
2788,18-03-2020,199.67
2789,19-03-2020,198.549
2790,20-03-2020,193.348
2791,21-03-2020,190.425
2792,22-03-2020,174.454
2793,23-03-2020,178.094
2794,24-03-2020,170.52
2795,25-03-2020,158.341
2796,26-03-2020,154.451
2797,27-03-2020,154.829
2798,28-03-2020,155.56
2799,29-03-2020,155.777
2800,30-03-2020,156.844
2801,31-03-2020,159.928
2802,01-04-2020,160.416
2803,02-04-2020,162.268
2804,03-04-2020,161.499
2805,04-04-2020,159.509
2806,05-04-2020,158.838
2807,06-04-2020,160.495
2808,07-04-2020,158.16
2809,08-04-2020,152.711
2810,09-04-2020,126.957
2811,10-04-2020,135.946
2812,11-04-2020,145.571
2813,12-04-2020,151.082
2814,13-04-2020,154.809
2815,14-04-2020,156.4
2816,15-04-2020,158.914
2817,16-04-2020,161.347
2818,17-04-2020,163.527
2819,18-04-2020,164.769
2820,19-04-2020,165.232
2821,20-04-2020,167.276
2822,21-04-2020,166.784
2823,22-04-2020,167.463
2824,23-04-2020,168.887
2825,24-04-2020,165.803
2826,25-04-2020,155.599
2827,26-04-2020,145.491
2828,27-04-2020,147.608
2829,28-04-2020,153.011
2830,29-04-2020,139.044
2831,30-04-2020,145.993
2832,01-05-2020,149.695
2833,02-05-2020,155.939
2834,03-05-2020,161.766
2835,04-05-2020,165.223
2836,05-05-2020,168.427
2837,06-05-2020,168.359
2838,07-05-2020,169.783
2839,08-05-2020,172.405
2840,09-05-2020,175.477
2841,10-05-2020,173.631
2842,11-05-2020,178.482
2843,12-05-2020,177.411
2844,13-05-2020,178.859
2845,14-05-2020,176.24
2846,15-05-2020,182.603
2847,16-05-2020,183.144
2848,17-05-2020,176.359
2849,18-05-2020,171.235
2850,19-05-2020,159.972
2851,20-05-2020,171.84
2852,21-05-2020,184.19
2853,22-05-2020,188.531
2854,23-05-2020,193.036
2855,24-05-2020,191.773
2856,25-05-2020,189.577
2857,26-05-2020,191.607
2858,27-05-2020,191.072
2859,28-05-2020,192.597
2860,29-05-2020,188.876
2861,30-05-2020,182.423
2862,31-05-2020,181.89
2863,01-06-2020,175.281
2864,02-06-2020,170.14
2865,03-06-2020,171.931
2866,04-06-2020,170.902
2867,05-06-2020,178.317
2868,06-06-2020,182.748
2869,07-06-2020,178.523
2870,08-06-2020,179.202
2871,09-06-2020,173.703
2872,10-06-2020,161.904
2873,11-06-2020,139.959
2874,12-06-2020,139.701
2875,13-06-2020,146.602
2876,14-06-2020,156.949
2877,15-06-2020,166.807
2878,16-06-2020,167.035
2879,17-06-2020,164.292
2880,18-06-2020,165.058
2881,19-06-2020,166.835
2882,20-06-2020,170.267
2883,21-06-2020,168.413
2884,22-06-2020,166.957
2885,23-06-2020,173.804
2886,24-06-2020,175.608
2887,25-06-2020,170.469
2888,26-06-2020,171.3
2889,27-06-2020,173.57
2890,28-06-2020,168.919
2891,29-06-2020,167.849
2892,30-06-2020,158.039
2893,01-07-2020,157.01
2894,02-07-2020,155.688
2895,03-07-2020,153.228
2896,04-07-2020,151.691
2897,05-07-2020,140.957
2898,06-07-2020,148.437
2899,07-07-2020,161.707
2900,08-07-2020,167.432
2901,09-07-2020,151.452
2902,10-07-2020,150.402
2903,11-07-2020,148.866
2904,12-07-2020,149.571
2905,13-07-2020,152.899
2906,14-07-2020,151.123
2907,15-07-2020,151.123
2908,16-07-2020,138.848
2909,17-07-2020,145.783
2910,18-07-2020,147.836
2911,19-07-2020,147.667
2912,20-07-2020,150.392
2913,21-07-2020,152.885
2914,22-07-2020,159.706
2915,23-07-2020,154.239
2916,24-07-2020,151.788
2917,25-07-2020,151.415
2918,26-07-2020,151.128
2919,27-07-2020,160.463
2920,28-07-2020,167.256
2921,29-07-2020,163.448
2922,30-07-2020,167.047
2923,31-07-2020,170.448
2924,01-08-2020,160.978
2925,02-08-2020,154.868
2926,03-08-2020,156.936
2927,04-08-2020,147.904
2928,05-08-2020,145.926
2929,06-08-2020,155.727
2930,07-08-2020,167.563
2931,08-08-2020,170.982
2932,09-08-2020,168.69
2933,10-08-2020,158.644
2934,11-08-2020,165.974
2935,12-08-2020,163.215
2936,13-08-2020,160.154
2937,14-08-2020,157.766
2938,15-08-2020,144.634
2939,16-08-2020,142.5
2940,17-08-2020,150.717
2941,18-08-2020,160.673
2942,19-08-2020,164.113
2943,20-08-2020,163.207
2944,21-08-2020,162.812
2945,22-08-2020,162.822
2946,23-08-2020,160.127
2947,24-08-2020,163.474
2948,25-08-2020,170.65
2949,26-08-2020,171.49
2950,27-08-2020,168.275
2951,28-08-2020,176.606
2952,29-08-2020,184.215
2953,30-08-2020,185.424
2954,31-08-2020,183.333
2955,01-09-2020,178.243
2956,02-09-2020,171.6
2957,03-09-2020,172.61
2958,04-09-2020,178.002
2959,05-09-2020,182.685
2960,06-09-2020,184.615
2961,07-09-2020,191.515
2962,08-09-2020,188.42
2963,09-09-2020,189.961
2964,10-09-2020,189.103
2965,11-09-2020,182.745
2966,12-09-2020,171.479
2967,13-09-2020,146.407
2968,14-09-2020,143.38
2969,15-09-2020,150.459
2970,16-09-2020,152.887
2971,17-09-2020,157.362
2972,18-09-2020,161.873
2973,19-09-2020,151.047
2974,20-09-2020,143.527
2975,21-09-2020,146.984
2976,22-09-2020,157.302
2977,23-09-2020,165.873
2978,24-09-2020,174.436
2979,25-09-2020,175.284
2980,26-09-2020,146.835
2981,27-09-2020,147.504
2982,28-09-2020,162.736
2983,29-09-2020,164.085
2984,30-09-2020,150.564
2985,01-10-2020,147.913
2986,02-10-2020,153.376
2987,03-10-2020,155.231
2988,04-10-2020,155.266
2989,05-10-2020,164.591
2990,06-10-2020,171.603
2991,07-10-2020,172.86
2992,08-10-2020,181.343
2993,09-10-2020,178.997
2994,10-10-2020,166.467
2995,11-10-2020,145.691
2996,12-10-2020,145.392
2997,13-10-2020,134.499
2998,14-10-2020,145.268
2999,15-10-2020,150.935
3000,16-10-2020,157.081
3001,17-10-2020,158.125
3002,18-10-2020,158.704
3003,19-10-2020,159.718
3004,20-10-2020,154.971
3005,21-10-2020,151.579
3006,22-10-2020,153.967
3007,23-10-2020,155.202
3008,24-10-2020,162.13
3009,25-10-2020,158.295
3010,26-10-2020,165.064
3011,27-10-2020,171.226
3012,28-10-2020,172.104
3013,29-10-2020,170.757
3014,30-10-2020,174.926
3015,31-10-2020,178.885
3016,01-11-2020,177.378
3017,02-11-2020,185.361
3018,03-11-2020,190.813
3019,04-11-2020,183.685
3020,05-11-2020,182.712
3021,06-11-2020,178.948
3022,07-11-2020,174.103
3023,08-11-2020,168.92
3024,09-11-2020,170.36
3025,10-11-2020,170.888
3026,11-11-2020,173.101
3027,12-11-2020,163.506
3028,13-11-2020,157.344
3029,14-11-2020,157.322
3030,15-11-2020,151.888
3031,16-11-2020,153.392
3032,17-11-2020,157.749
3033,18-11-2020,162.735
3034,19-11-2020,167.407
3035,20-11-2020,171.265
3036,21-11-2020,169.905
3037,22-11-2020,167.701
3038,23-11-2020,170.329
3039,24-11-2020,166.756
3040,25-11-2020,155.047
3041,26-11-2020,122.289
3042,27-11-2020,116.425
3043,28-11-2020,127.705
3044,29-11-2020,130.764
3045,30-11-2020,135.534
3046,01-12-2020,139.57
3047,02-12-2020,147.129
3048,03-12-2020,144.783
3049,04-12-2020,146.805
3050,05-12-2020,148.488
3051,06-12-2020,145.897
3052,07-12-2020,147.578
3053,08-12-2020,147.842
3054,09-12-2020,148.17
3055,10-12-2020,149.401
3056,11-12-2020,152.503
3057,12-12-2020,151.495
3058,13-12-2020,152.488
3059,14-12-2020,156.129
3060,15-12-2020,157.636
3061,16-12-2020,159.731
3062,17-12-2020,159.505
3063,18-12-2020,163.197
3064,19-12-2020,162.111
3065,20-12-2020,154.765
3066,21-12-2020,158.524
3067,22-12-2020,161.476
3068,23-12-2020,163.689
3069,24-12-2020,164.706
3070,25-12-2020,164.072
3071,26-12-2020,163.972
3072,27-12-2020,162.212
3073,28-12-2020,166.979
3074,29-12-2020,166.463
3075,30-12-2020,165.789
3076,31-12-2020,162.614
3077,01-01-2021,157.856
3078,02-01-2021,163.034
3079,03-01-2021,157.587
3080,04-01-2021,163.545
3081,05-01-2021,166.158
3082,06-01-2021,164.308
3083,07-01-2021,156.495
3084,08-01-2021,162.578
3085,09-01-2021,159.575
3086,10-01-2021,162.897
3087,11-01-2021,169.102
3088,12-01-2021,170.621
3089,13-01-2021,166.338
3090,14-01-2021,157.53
3091,15-01-2021,157.945
3092,16-01-2021,163.519
3093,17-01-2021,167.971
3094,18-01-2021,173.444
3095,19-01-2021,179.581
3096,20-01-2021,181.201
3097,21-01-2021,185.549
3098,22-01-2021,184.781
3099,23-01-2021,183.929
3100,24-01-2021,182.232
3101,25-01-2021,183.754
3102,26-01-2021,183.19
3103,27-01-2021,187.125
3104,28-01-2021,185.153
3105,29-01-2021,185.861
3106,30-01-2021,188.043
3107,31-01-2021,181.991
3108,01-02-2021,184.067
3109,02-02-2021,183.701
3110,03-02-2021,183.476
3111,04-02-2021,185.265
3112,05-02-2021,187.494
3113,06-02-2021,187.101
3114,07-02-2021,181.82
3115,08-02-2021,187.493
3116,09-02-2021,187.722
3117,10-02-2021,190.476
3118,11-02-2021,188.877
3119,12-02-2021,191.096
3120,13-02-2021,187.304
3121,14-02-2021,186.718
3122,15-02-2021,192.494
3123,16-02-2021,194.505
3124,17-02-2021,193.438
3125,18-02-2021,193.707
3126,19-02-2021,191.388
3127,20-02-2021,176.973
3128,21-02-2021,166.015
3129,22-02-2021,175.986
3130,23-02-2021,185.855
3131,24-02-2021,191.864
3132,25-02-2021,196.695
3133,26-02-2021,201.872
3134,27-02-2021,206.092
3135,28-02-2021,202.647
3136,01-03-2021,205.061
3137,02-03-2021,207.874
3138,03-03-2021,204.618
3139,04-03-2021,204.637
3140,05-03-2021,210.303
3141,06-03-2021,209.74
3142,07-03-2021,208.365
3143,08-03-2021,210.243
3144,09-03-2021,212.968
3145,10-03-2021,212.174
3146,11-03-2021,211.353
3147,12-03-2021,206.803
3148,13-03-2021,205.298
3149,14-03-2021,209.271
3150,15-03-2021,213.016
3151,16-03-2021,217.741
3152,17-03-2021,216.073
3153,18-03-2021,214.938
3154,19-03-2021,210.983
3155,20-03-2021,210.658
3156,21-03-2021,209.745
3157,22-03-2021,216.062
3158,23-03-2021,217.174
3159,24-03-2021,216.841
3160,25-03-2021,218.398
3161,26-03-2021,219.334
3162,27-03-2021,220.613
3163,28-03-2021,218.63
3164,29-03-2021,220.015
3165,30-03-2021,221.152
3166,31-03-2021,225.504
3167,01-04-2021,226.218
3168,02-04-2021,233.988
3169,03-04-2021,231.412
3170,04-04-2021,221.249
3171,05-04-2021,225.779
3172,06-04-2021,219.282
3173,07-04-2021,221.445
3174,08-04-2021,218.302
3175,09-04-2021,217.787
3176,10-04-2021,213.011
3177,11-04-2021,213.943
3178,12-04-2021,216.227
3179,13-04-2021,210.795
3180,14-04-2021,205.022
3181,15-04-2021,177.434
3182,16-04-2021,196.256
3183,17-04-2021,202.729
3184,18-04-2021,205.951
3185,19-04-2021,209.751
3186,20-04-2021,207.714
3187,21-04-2021,208.239
3188,22-04-2021,204.91
3189,23-04-2021,192.944
3190,24-04-2021,193.44
3191,25-04-2021,195.736
3192,26-04-2021,204.24
3193,27-04-2021,204.83
3194,28-04-2021,206.093
3195,29-04-2021,205.909
3196,30-04-2021,202.832
3197,01-05-2021,195.006
3198,02-05-2021,196.597
3199,03-05-2021,201.195
3200,04-05-2021,202.855
3201,05-05-2021,200.58
3202,06-05-2021,200.282
3203,07-05-2021,202.051
3204,08-05-2021,201.488
3205,09-05-2021,201.238
3206,10-05-2021,207.206
3207,11-05-2021,195.417
3208,12-05-2021,178.838
3209,13-05-2021,188.203
3210,14-05-2021,187.737
3211,15-05-2021,186.801
3212,16-05-2021,182.712
3213,17-05-2021,189.108
3214,18-05-2021,193.168
3215,19-05-2021,196.338
3216,20-05-2021,184.817
3217,21-05-2021,170.552
3218,22-05-2021,160.326
3219,23-05-2021,161.008
3220,24-05-2021,168.072
3221,25-05-2021,172.456
3222,26-05-2021,173.118
3223,27-05-2021,181.87
3224,28-05-2021,196.359
3225,29-05-2021,203.429
3226,30-05-2021,201.494
3227,31-05-2021,204.241
3228,01-06-2021,199.615
3229,02-06-2021,194.267
3230,03-06-2021,172.229
3231,04-06-2021,174.788
3232,05-06-2021,175.528
3233,06-06-2021,173.891
3234,07-06-2021,181.209
3235,08-06-2021,186.715
3236,09-06-2021,187.408
3237,10-06-2021,182.663
3238,11-06-2021,173.052
3239,12-06-2021,170.794
3240,13-06-2021,170.446
3241,14-06-2021,175.092
3242,15-06-2021,179.768
3243,16-06-2021,185.825
3244,17-06-2021,182.413
3245,18-06-2021,184.79
3246,19-06-2021,186.644
3247,20-06-2021,187.759
3248,21-06-2021,198.248
3249,22-06-2021,203.296
3250,23-06-2021,197.393
3251,24-06-2021,189.193
3252,25-06-2021,192.276
3253,26-06-2021,195.282
3254,27-06-2021,177.235
3255,28-06-2021,179.624
3256,29-06-2021,195.254
3257,30-06-2021,199.25
3258,01-07-2021,191.109
3259,02-07-2021,179.588
3260,03-07-2021,175.877
3261,04-07-2021,172.499
3262,05-07-2021,172.286
3263,06-07-2021,183.705
3264,07-07-2021,182.438
3265,08-07-2021,174.211
3266,09-07-2021,170.263
3267,10-07-2021,166.147
3268,11-07-2021,160.768
3269,12-07-2021,163.68
3270,13-07-2021,164.361
3271,14-07-2021,159.522
3272,15-07-2021,154.06
3273,16-07-2021,160.034
3274,17-07-2021,162.907
3275,18-07-2021,157.832
3276,19-07-2021,161.689
3277,20-07-2021,163.937
3278,21-07-2021,156.614
3279,22-07-2021,141.906
3280,23-07-2021,148.515
3281,24-07-2021,159.773
3282,25-07-2021,168.862
3283,26-07-2021,175.768
3284,27-07-2021,186.702
3285,28-07-2021,192.372
3286,29-07-2021,194.669
3287,30-07-2021,196.297
3288,31-07-2021,196.598
3289,01-08-2021,194.365
3290,02-08-2021,205.86
3291,03-08-2021,209.53
3292,04-08-2021,213.805
3293,05-08-2021,216.414
3294,06-08-2021,216.551
3295,07-08-2021,219.126
3296,08-08-2021,214.649
3297,09-08-2021,216.895
3298,10-08-2021,201.205
3299,11-08-2021,206.138
3300,12-08-2021,212.175
3301,13-08-2021,204.334
3302,14-08-2021,194.17
3303,15-08-2021,187.23
3304,16-08-2021,185.127
3305,17-08-2021,180.747
3306,18-08-2021,188.635
3307,19-08-2021,195.48
3308,20-08-2021,195.818
3309,21-08-2021,187.833
3310,22-08-2021,182.362
3311,23-08-2021,189.102
3312,24-08-2021,196.352
3313,25-08-2021,194.0
3314,26-08-2021,191.047
3315,27-08-2021,191.653
3316,28-08-2021,177.747
3317,29-08-2021,171.842
3318,30-08-2021,173.301
3319,31-08-2021,178.18
3320,01-09-2021,181.449
3321,02-09-2021,179.98
3322,03-09-2021,177.12
3323,04-09-2021,178.585
3324,05-09-2021,172.05
3325,06-09-2021,165.625
3326,07-09-2021,168.725
3327,08-09-2021,176.778
3328,09-09-2021,186.519
3329,10-09-2021,186.586
3330,11-09-2021,183.608
3331,12-09-2021,187.64
3332,13-09-2021,194.055
3333,14-09-2021,198.789
3334,15-09-2021,205.149
3335,16-09-2021,211.795
3336,17-09-2021,212.37
3337,18-09-2021,210.901
3338,19-09-2021,204.992
3339,20-09-2021,201.816
3340,21-09-2021,205.745
3341,22-09-2021,197.145
3342,23-09-2021,198.593
3343,24-09-2021,196.755
3344,25-09-2021,194.623
3345,26-09-2021,182.787
3346,27-09-2021,164.348
3347,28-09-2021,181.967
3348,29-09-2021,187.749
3349,30-09-2021,189.445
3350,01-10-2021,189.609
3351,02-10-2021,188.136
3352,03-10-2021,191.059
3353,04-10-2021,197.942
3354,05-10-2021,195.654
3355,06-10-2021,182.785
3356,07-10-2021,182.204
3357,08-10-2021,182.879
3358,09-10-2021,176.058
3359,10-10-2021,176.61
3360,11-10-2021,183.894
3361,12-10-2021,186.138
3362,13-10-2021,187.354
3363,14-10-2021,191.877
3364,15-10-2021,185.529
3365,16-10-2021,182.026
3366,17-10-2021,183.237
3367,18-10-2021,191.894
3368,19-10-2021,202.311
3369,20-10-2021,201.652
3370,21-10-2021,198.723
3371,22-10-2021,199.248
3372,23-10-2021,197.801
3373,24-10-2021,182.71
3374,25-10-2021,187.497
3375,26-10-2021,190.234
3376,27-10-2021,194.878
3377,28-10-2021,196.151
3378,29-10-2021,184.971
3379,30-10-2021,176.119
3380,31-10-2021,172.122
3381,01-11-2021,167.158
3382,02-11-2021,163.573
3383,03-11-2021,160.907
3384,04-11-2021,151.037
3385,05-11-2021,156.208
3386,06-11-2021,162.615
3387,07-11-2021,159.975
3388,08-11-2021,162.986
3389,09-11-2021,166.005
3390,10-11-2021,168.607
3391,11-11-2021,153.563
3392,12-11-2021,150.872
3393,13-11-2021,151.693
3394,14-11-2021,152.052
3395,15-11-2021,156.769
3396,16-11-2021,156.749
3397,17-11-2021,155.024
3398,18-11-2021,148.907
3399,19-11-2021,141.222
3400,20-11-2021,142.975
3401,21-11-2021,140.158
3402,22-11-2021,147.784
3403,23-11-2021,154.243
3404,24-11-2021,154.966
3405,25-11-2021,155.437
3406,26-11-2021,155.452
3407,27-11-2021,153.21
3408,28-11-2021,143.128
3409,29-11-2021,142.25
3410,30-11-2021,143.703
3411,01-12-2021,144.974
3412,02-12-2021,148.086
3413,03-12-2021,148.716
3414,04-12-2021,150.157
3415,05-12-2021,152.179
3416,06-12-2021,162.468
3417,07-12-2021,165.653
3418,08-12-2021,165.617
3419,09-12-2021,160.45
3420,10-12-2021,158.9
3421,11-12-2021,157.802
3422,12-12-2021,158.182
3423,13-12-2021,162.096
3424,14-12-2021,164.72
3425,15-12-2021,166.913
3426,16-12-2021,166.863
3427,17-12-2021,166.168
3428,18-12-2021,163.312
3429,19-12-2021,160.354
3430,20-12-2021,165.721
3431,21-12-2021,167.296
3432,22-12-2021,169.091
3433,23-12-2021,170.106
3434,24-12-2021,172.432
3435,25-12-2021,171.008
3436,26-12-2021,167.438
3437,27-12-2021,174.988
3438,28-12-2021,178.52
3439,29-12-2021,179.0
3440,30-12-2021,174.629
3441,31-12-2021,175.173
3442,01-01-2022,170.279
3443,02-01-2022,169.337
3444,03-01-2022,176.248
3445,04-01-2022,177.042
3446,05-01-2022,179.004
3447,06-01-2022,182.527
3448,07-01-2022,182.842
3449,08-01-2022,180.854
3450,09-01-2022,181.62
3451,10-01-2022,185.732
3452,11-01-2022,188.469
3453,12-01-2022,186.936
3454,13-01-2022,175.402
3455,14-01-2022,166.179
3456,15-01-2022,157.263
3457,16-01-2022,152.366
3458,17-01-2022,163.611
3459,18-01-2022,171.292
3460,19-01-2022,174.549
3461,20-01-2022,178.488
3462,21-01-2022,182.704
3463,22-01-2022,187.529
3464,23-01-2022,186.397
3465,24-01-2022,188.296
3466,25-01-2022,189.602
3467,26-01-2022,185.1
3468,27-01-2022,184.012
3469,28-01-2022,186.266
3470,29-01-2022,186.524
3471,30-01-2022,183.754
3472,31-01-2022,187.793
3473,01-02-2022,190.455
3474,02-02-2022,193.296
3475,03-02-2022,170.542
3476,04-02-2022,171.694
3477,05-02-2022,193.612
3478,06-02-2022,199.216
3479,07-02-2022,199.637
3480,08-02-2022,199.145
3481,09-02-2022,202.465
3482,10-02-2022,200.863
3483,11-02-2022,199.149
3484,12-02-2022,190.424
3485,13-02-2022,197.074
3486,14-02-2022,193.833
3487,15-02-2022,189.507
3488,16-02-2022,202.56
3489,17-02-2022,202.573
3490,18-02-2022,203.497
3491,19-02-2022,201.228
3492,20-02-2022,199.677
3493,21-02-2022,206.81
3494,22-02-2022,206.991
3495,23-02-2022,212.38
3496,24-02-2022,212.513
3497,25-02-2022,210.132
3498,26-02-2022,210.04
3499,27-02-2022,205.698
3500,28-02-2022,208.6
3501,01-03-2022,207.729
3502,02-03-2022,207.327
3503,03-03-2022,211.838
3504,04-03-2022,209.823
3505,05-03-2022,213.154
3506,06-03-2022,210.961
3507,07-03-2022,214.919
3508,08-03-2022,219.771
3509,09-03-2022,222.207
3510,10-03-2022,224.693
3511,11-03-2022,221.866
3512,12-03-2022,215.606
3513,13-03-2022,217.679
3514,14-03-2022,222.718
3515,15-03-2022,224.385
3516,16-03-2022,225.603
3517,17-03-2022,228.429
3518,18-03-2022,224.898
3519,19-03-2022,225.819
3520,20-03-2022,221.836
3521,21-03-2022,224.384
3522,22-03-2022,217.083
3523,23-03-2022,220.426
3524,24-03-2022,226.445
3525,25-03-2022,223.556
3526,26-03-2022,228.428
3527,27-03-2022,230.219
3528,28-03-2022,233.404
3529,29-03-2022,221.076
3530,30-03-2022,215.213
3531,31-03-2022,220.964
3532,01-04-2022,234.147
3533,02-04-2022,228.577
3534,03-04-2022,213.952
3535,04-04-2022,220.201
3536,05-04-2022,218.173
3537,06-04-2022,205.606
3538,07-04-2022,212.756
3539,08-04-2022,238.433
3540,09-04-2022,211.278
3541,10-04-2022,207.053
3542,11-04-2022,209.139
3543,12-04-2022,208.275
3544,13-04-2022,208.694
3545,14-04-2022,212.814
3546,15-04-2022,211.404
3547,16-04-2022,210.472
3548,17-04-2022,200.442
3549,18-04-2022,203.275
3550,19-04-2022,205.401
3551,20-04-2022,201.673
3552,21-04-2022,208.288
3553,22-04-2022,209.035
3554,23-04-2022,208.079
3555,24-04-2022,207.624
3556,25-04-2022,211.622
3557,26-04-2022,212.593
3558,27-04-2022,216.986
3559,28-04-2022,216.573
3560,01-05-2022,207.221
3561,02-05-2022,208.125
3562,03-05-2022,203.764
3563,04-05-2022,200.808
3564,05-05-2022,200.44
3565,06-05-2022,194.987
3566,07-05-2022,194.213
3567,08-05-2022,189.93
3568,09-05-2022,186.973
3569,10-05-2022,166.683
3570,11-05-2022,151.431
3571,12-05-2022,161.3
3572,13-05-2022,172.866
3573,14-05-2022,180.524
3574,15-05-2022,187.467
3575,16-05-2022,192.656
3576,17-05-2022,195.266
3577,18-05-2022,195.766
3578,19-05-2022,192.17
3579,20-05-2022,190.367
3580,21-05-2022,193.186
3581,22-05-2022,190.232
3582,23-05-2022,207.114
3583,24-05-2022,215.353
3584,25-05-2022,197.701
3585,26-05-2022,210.671
3586,27-05-2022,205.195
3587,28-05-2022,215.111
3588,29-05-2022,216.804
3589,30-05-2022,222.808
3590,31-05-2022,224.081
3591,01-06-2022,225.299
3592,02-06-2022,229.615
3593,03-06-2022,226.452
3594,04-06-2022,229.033
3595,05-06-2022,224.957
3596,06-06-2022,184.913
3597,07-06-2022,201.964
3598,08-06-2022,214.268
3599,09-06-2022,223.448
3600,10-06-2022,225.048
3601,11-06-2022,221.151
3602,12-06-2022,219.807
3603,13-06-2022,214.945
3604,14-06-2022,219.524
3605,15-06-2022,205.88
3606,16-06-2022,205.266
3607,17-06-2022,200.928
3608,18-06-2022,197.285
3609,19-06-2022,191.404
3610,20-06-2022,191.712
3611,21-06-2022,188.045
3612,22-06-2022,186.736
3613,23-06-2022,189.864
3614,24-06-2022,193.89
3615,25-06-2022,189.398
3616,26-06-2022,188.896
3617,27-06-2022,191.512
3618,28-06-2022,187.953
3619,29-06-2022,194.796
3620,30-06-2022,196.084
3621,01-07-2022,193.138
3622,02-07-2022,194.872
3623,03-07-2022,187.982
3624,04-07-2022,192.656
3625,05-07-2022,191.059
3626,06-07-2022,177.96
3627,07-07-2022,180.579
3628,08-07-2022,172.263
3629,09-07-2022,162.754
3630,10-07-2022,155.786
3631,11-07-2022,163.211
3632,12-07-2022,158.788
3633,13-07-2022,166.299
3634,14-07-2022,172.084
3635,15-07-2022,183.08
3636,16-07-2022,191.198
3637,17-07-2022,183.471
3638,18-07-2022,178.531
3639,19-07-2022,188.924
3640,20-07-2022,198.561
3641,21-07-2022,198.101
3642,22-07-2022,190.145
3643,23-07-2022,186.284
3644,24-07-2022,184.281
3645,25-07-2022,194.804
3646,26-07-2022,185.693
3647,27-07-2022,187.42
3648,28-07-2022,192.991
3649,29-07-2022,202.384
3650,30-07-2022,203.747
3651,31-07-2022,197.887
3652,01-08-2022,196.276
3653,02-08-2022,191.01
3654,03-08-2022,185.22
3655,04-08-2022,187.212
3656,05-08-2022,182.977
3657,06-08-2022,170.652
3658,07-08-2022,168.034
3659,08-08-2022,168.976
3660,09-08-2022,170.741
3661,10-08-2022,181.773
3662,11-08-2022,187.884
3663,12-08-2022,200.595
3664,13-08-2022,200.138
3665,14-08-2022,192.801
3666,15-08-2022,191.747
3667,16-08-2022,201.456
3668,17-08-2022,209.617
3669,18-08-2022,211.228
3670,19-08-2022,208.201
3671,20-08-2022,211.353
3672,21-08-2022,214.767
3673,22-08-2022,220.75
3674,23-08-2022,228.82
3675,24-08-2022,219.094
3676,25-08-2022,208.283
3677,26-08-2022,201.359
3678,27-08-2022,199.736
3679,28-08-2022,191.531
3680,29-08-2022,192.809
3681,30-08-2022,195.162
3682,31-08-2022,195.759
3683,01-09-2022,199.458
3684,02-09-2022,198.26
3685,03-09-2022,207.323
3686,04-09-2022,205.882
3687,05-09-2022,207.651
3688,06-09-2022,205.518
3689,07-09-2022,196.269
3690,08-09-2022,180.461
3691,09-09-2022,178.45
3692,10-09-2022,170.945
3693,11-09-2022,167.361
3694,12-09-2022,180.337
3695,13-09-2022,189.708
3696,14-09-2022,195.494
3697,15-09-2022,198.761
3698,16-09-2022,203.789
3699,17-09-2022,209.957
3700,18-09-2022,209.381
3701,19-09-2022,199.778
3702,20-09-2022,201.709
3703,21-09-2022,208.851
3704,22-09-2022,210.346
3705,23-09-2022,212.112
3706,24-09-2022,217.17
3707,25-09-2022,217.309
3708,26-09-2022,210.529
3709,27-09-2022,212.072
3710,28-09-2022,209.186
3711,29-09-2022,197.694
3712,30-09-2022,186.736
3713,01-10-2022,174.387
3714,02-10-2022,172.807
3715,03-10-2022,183.1
3716,04-10-2022,186.145
3717,05-10-2022,176.894
3718,06-10-2022,167.275
3719,07-10-2022,170.299
3720,08-10-2022,171.204
3721,09-10-2022,168.787
3722,10-10-2022,166.303
3723,11-10-2022,170.9
3724,12-10-2022,175.839
3725,13-10-2022,177.415
3726,14-10-2022,173.981
3727,15-10-2022,169.666
3728,16-10-2022,167.932
3729,17-10-2022,173.345
3730,18-10-2022,178.702
3731,19-10-2022,178.663
3732,20-10-2022,178.151
3733,21-10-2022,182.568
3734,22-10-2022,177.855
3735,23-10-2022,177.233
3736,24-10-2022,171.539
3737,25-10-2022,180.773
3738,26-10-2022,189.676
3739,27-10-2022,196.105
3740,28-10-2022,193.088
3741,29-10-2022,191.725
3742,30-10-2022,188.393
3743,31-10-2022,192.241
3744,01-11-2022,179.687
3745,02-11-2022,179.163
3746,03-11-2022,181.49
3747,04-11-2022,183.747
3748,05-11-2022,187.485
3749,06-11-2022,184.844
3750,07-11-2022,188.478
3751,08-11-2022,192.103
3752,09-11-2022,192.103
3753,10-11-2022,187.703
3754,11-11-2022,185.557
3755,12-11-2022,174.022
3756,13-11-2022,176.914
3757,14-11-2022,180.729
3758,15-11-2022,181.577
3759,16-11-2022,180.727
3760,17-11-2022,184.254
3761,18-11-2022,183.998
3762,19-11-2022,183.857
3763,20-11-2022,180.651
3764,21-11-2022,175.932
3765,22-11-2022,178.249
3766,23-11-2022,174.408
3767,24-11-2022,178.439
3768,25-11-2022,181.657
3769,26-11-2022,183.961
3770,27-11-2022,181.18
3771,28-11-2022,183.654
3772,29-11-2022,184.314
3773,30-11-2022,187.827
3774,01-12-2022,191.102
3775,02-12-2022,190.57
3776,03-12-2022,193.419
3777,04-12-2022,190.68
3778,05-12-2022,193.448
3779,06-12-2022,189.141
3780,07-12-2022,182.936
3781,08-12-2022,182.903
3782,09-12-2022,169.856
3783,10-12-2022,147.973
3784,11-12-2022,147.162
3785,12-12-2022,155.633
3786,13-12-2022,159.37
3787,14-12-2022,165.282
3788,15-12-2022,166.569
3789,16-12-2022,173.049
3790,17-12-2022,176.253
3791,18-12-2022,170.536
3792,19-12-2022,173.602
3793,20-12-2022,178.14
3794,21-12-2022,181.194
3795,22-12-2022,182.736
3796,23-12-2022,182.342
3797,24-12-2022,183.887
3798,25-12-2022,175.601
3799,26-12-2022,178.967
3800,27-12-2022,186.764
3801,28-12-2022,192.365
3802,29-12-2022,198.161
3803,30-12-2022,200.159
3804,31-12-2022,199.527
3805,01-01-2023,190.392
3806,02-01-2023,195.232
3807,03-01-2023,198.0
3808,04-01-2023,197.724
3809,05-01-2023,196.798
3810,06-01-2023,197.021
3811,07-01-2023,196.334
3812,08-01-2023,188.911
3813,09-01-2023,189.521
3814,10-01-2023,194.868
3815,11-01-2023,195.95
3816,12-01-2023,198.749
3817,13-01-2023,199.384
3818,14-01-2023,192.035
3819,15-01-2023,181.054
3820,16-01-2023,178.914
3821,17-01-2023,187.419
3822,18-01-2023,195.544
3823,19-01-2023,199.964
3824,20-01-2023,201.676
3825,21-01-2023,201.657
3826,22-01-2023,200.05
3827,23-01-2023,200.538
3828,24-01-2023,203.903
3829,25-01-2023,203.001
3830,26-01-2023,201.513
3831,27-01-2023,203.797
3832,28-01-2023,204.912
3833,29-01-2023,204.234
3834,30-01-2023,207.767
3835,31-01-2023,210.199
3836,01-02-2023,207.712
3837,02-02-2023,209.769
3838,03-02-2023,211.722
3839,04-02-2023,211.761
3840,05-02-2023,207.655
3841,06-02-2023,213.374
3842,07-02-2023,216.879
3843,08-02-2023,218.648
3844,09-02-2023,219.314
3845,10-02-2023,219.265
3846,11-02-2023,216.385
3847,12-02-2023,218.31
3848,13-02-2023,219.532
3849,14-02-2023,222.658
3850,15-02-2023,221.857
3851,16-02-2023,221.462
3852,17-02-2023,224.968
3853,18-02-2023,222.45
3854,19-02-2023,217.207
3855,20-02-2023,223.811
3856,21-02-2023,227.452
3857,22-02-2023,227.769
3858,23-02-2023,227.813
3859,24-02-2023,230.927
3860,25-02-2023,230.976
3861,26-02-2023,225.538
3862,27-02-2023,229.406
3863,28-02-2023,229.801
3864,01-03-2023,226.683
3865,02-03-2023,225.132
3866,03-03-2023,228.119
3867,04-03-2023,227.94
3868,05-03-2023,223.329
3869,06-03-2023,229.392
3870,07-03-2023,230.771
3871,08-03-2023,221.699
3872,09-03-2023,223.335
3873,10-03-2023,225.656
3874,11-03-2023,222.195
3875,12-03-2023,222.697
3876,13-03-2023,228.068
3877,14-03-2023,231.338
3878,15-03-2023,232.726
3879,16-03-2023,229.955
3880,17-03-2023,196.106
3881,18-03-2023,189.675
3882,19-03-2023,166.977
3883,20-03-2023,182.93
3884,21-03-2023,194.048
3885,22-03-2023,197.094
3886,23-03-2023,199.158
3887,24-03-2023,207.773
3888,25-03-2023,211.358
3889,26-03-2023,209.992
3890,27-03-2023,218.322
3891,28-03-2023,224.839
3892,29-03-2023,228.867
3893,30-03-2023,229.08
3894,31-03-2023,225.92
3895,01-04-2023,219.977
3896,02-04-2023,211.149
3897,03-04-2023,218.772
3898,04-04-2023,224.814
3899,05-04-2023,227.107
3900,06-04-2023,232.77
3901,07-04-2023,233.186
3902,08-04-2023,231.058
3903,09-04-2023,226.948
3904,10-04-2023,232.264
3905,11-04-2023,236.05
3906,12-04-2023,240.808
3907,13-04-2023,243.762
3908,14-04-2023,245.632
3909,15-04-2023,241.099
3910,16-04-2023,242.257
3911,17-04-2023,244.391
3912,18-04-2023,246.373
3913,19-04-2023,246.494
3914,20-04-2023,247.822
3915,21-04-2023,241.292
3916,22-04-2023,228.656
3917,23-04-2023,211.21
3918,24-04-2023,220.179
3919,25-04-2023,228.345
3920,26-04-2023,227.058
3921,27-04-2023,232.662
3922,28-04-2023,234.339
3923,29-04-2023,222.677
3924,30-04-2023,210.562
3925,01-05-2023,176.121
3926,02-05-2023,183.185
3927,03-05-2023,188.591
3928,04-05-2023,193.0
3929,05-05-2023,193.201
3930,06-05-2023,194.805
3931,07-05-2023,190.277
3932,08-05-2023,200.703
3933,09-05-2023,209.127
3934,10-05-2023,218.349
3935,11-05-2023,219.604
3936,12-05-2023,224.523
3937,13-05-2023,224.03
3938,14-05-2023,226.349
