,DateTime,Total
0,2019-01-01,14.07012138181692
1,2019-01-02,14.778794704685762
2,2019-01-03,15.8633656904395
3,2019-01-04,16.49233461706079
4,2019-01-05,16.951641481852846
5,2019-01-06,17.074950225736877
6,2019-01-07,16.51356540461652
7,2019-01-08,16.29708066661503
8,2019-01-09,15.65050555350959
9,2019-01-10,16.814815743780557
10,2019-01-11,17.815176035737405
11,2019-01-12,17.756839343873658
12,2019-01-13,17.931046661956834
13,2019-01-14,17.547094284050793
14,2019-01-15,16.884539652352224
15,2019-01-16,17.768563883905077
16,2019-01-17,18.025775539478943
17,2019-01-18,18.40063550285525
18,2019-01-19,18.10334179476086
19,2019-01-20,17.788326925763645
20,2019-01-21,17.29408541722514
21,2019-01-22,17.50904626439901
22,2019-01-23,18.057745494651872
23,2019-01-24,18.60434778273436
24,2019-01-25,19.93749390442661
25,2019-01-26,21.29899781559625
26,2019-01-27,21.190801572878577
27,2019-01-28,20.32454035524401
28,2019-01-29,18.02863942044113
29,2019-01-30,16.762875843854808
30,2019-01-31,17.805121407072484
31,2019-02-01,18.14846943244464
32,2019-02-02,18.231071301291983
33,2019-02-03,18.8055615156809
34,2019-02-04,19.05553487630097
35,2019-02-05,19.190507453762507
36,2019-02-06,19.12239532154404
37,2019-02-07,18.998179404560844
38,2019-02-08,20.761360463981525
39,2019-02-09,21.638978346477483
40,2019-02-10,21.026448643307532
41,2019-02-11,21.94620054303602
42,2019-02-12,20.584391400728844
43,2019-02-13,20.14129544924793
44,2019-02-14,19.182467918952245
45,2019-02-15,20.383139216589324
46,2019-02-16,20.9914894239609
47,2019-02-17,22.097960002132027
48,2019-02-18,22.51180208256862
49,2019-02-19,23.52111324408665
50,2019-02-20,22.85139861349746
51,2019-02-21,21.73035244596557
52,2019-02-22,20.377596827557188
53,2019-02-23,20.85321174503839
54,2019-02-24,20.984962572715396
55,2019-02-25,21.655230538620685
56,2019-02-26,22.53446108030326
57,2019-02-27,23.13416580104681
58,2019-02-28,23.22136808963557
59,2019-03-01,23.714411046737425
60,2019-03-02,23.680654980110816
61,2019-03-03,23.20090219153204
62,2019-03-04,23.771345502062537
63,2019-03-05,24.058814258149766
64,2019-03-06,24.634693642223368
65,2019-03-07,23.821273213941733
66,2019-03-08,24.49031665970177
67,2019-03-09,24.540681854663404
68,2019-03-10,24.242919794629344
69,2019-03-11,24.30882886659571
70,2019-03-12,23.51473875285187
71,2019-03-13,23.412061250849437
72,2019-03-14,22.53288287874323
73,2019-03-15,22.922653425073104
74,2019-03-16,22.449427029968827
75,2019-03-17,22.760655284656107
76,2019-03-18,21.962328322468466
77,2019-03-19,23.149715563629165
78,2019-03-20,24.110705453156992
79,2019-03-21,24.49935832340437
80,2019-03-22,24.165998176635263
81,2019-03-23,24.388728086985168
82,2019-03-24,24.824462594796117
83,2019-03-25,24.507112751717067
84,2019-03-26,24.08353756621542
85,2019-03-27,23.94064739965899
86,2019-03-28,24.02465920629427
87,2019-03-29,24.989454789646206
88,2019-03-30,25.075205735524747
89,2019-03-31,25.11753722851376
90,2019-04-01,25.592237269100973
91,2019-04-02,24.72438747551849
92,2019-04-03,25.19632411158841
93,2019-04-04,24.84195772139768
94,2019-04-05,24.734858551132085
95,2019-04-06,25.222044490056813
96,2019-04-07,24.712114030266743
97,2019-04-08,25.719021823592666
98,2019-04-09,26.240936142038308
99,2019-04-10,26.294354947049243
100,2019-04-11,25.37895122968244
101,2019-04-12,25.613465241533454
102,2019-04-13,25.226238541407856
103,2019-04-14,25.544581945529792
104,2019-04-15,25.290269347679853
105,2019-04-16,25.06731226283902
106,2019-04-17,25.26034689094521
107,2019-04-18,26.214962269709112
108,2019-04-19,25.743239265067263
109,2019-04-20,26.82323599935978
110,2019-04-21,25.79751650255289
111,2019-04-22,26.107587940032506
112,2019-04-23,25.06880686764821
113,2019-04-24,25.682358148255272
114,2019-04-25,25.708366543870277
115,2019-04-26,26.49599735723223
116,2019-04-27,27.34509157408074
117,2019-04-28,27.26640340555001
118,2019-04-29,27.57521497448322
119,2019-04-30,27.357905346672528
120,2019-05-01,27.56024900360428
121,2019-05-02,26.93074654959872
122,2019-05-03,27.053584985427776
123,2019-05-04,27.214976440336773
124,2019-05-05,27.55459529170773
125,2019-05-06,27.870878558476196
126,2019-05-07,28.113004154987408
127,2019-05-08,28.870288684267894
128,2019-05-09,28.44711144192521
129,2019-05-10,28.44571784448252
130,2019-05-11,28.82004204573111
131,2019-05-12,27.929390480922788
132,2019-05-13,27.96019199840693
133,2019-05-14,27.95864890444981
134,2019-05-15,28.136874312650637
135,2019-05-16,27.32520055123536
136,2019-05-17,27.91483681253617
137,2019-05-18,27.986941918906656
138,2019-05-19,28.13489618377928
139,2019-05-20,28.04455739243793
140,2019-05-21,28.041039794306613
141,2019-05-22,27.67462725093536
142,2019-05-23,28.29175399478672
143,2019-05-24,28.263642399803217
144,2019-05-25,28.32175899410394
145,2019-05-26,29.046856555750743
146,2019-05-27,28.23755739020909
147,2019-05-28,28.000933034812988
148,2019-05-29,28.434951038604645
149,2019-05-30,26.258243346236444
150,2019-05-31,28.524364799711314
151,2019-06-01,28.54122258039836
152,2019-06-02,28.832209137532807
153,2019-06-03,27.73600866018425
154,2019-06-04,26.56040527354414
155,2019-06-05,28.44186525873088
156,2019-06-06,28.437003451750694
157,2019-06-07,26.788799337209312
158,2019-06-08,27.70409474490991
159,2019-06-09,28.50024064210981
160,2019-06-10,28.00931871304324
161,2019-06-11,28.172500399217864
162,2019-06-12,28.45861707943512
163,2019-06-13,29.011883088908423
164,2019-06-14,28.856261080408142
165,2019-06-15,28.96607444717823
166,2019-06-16,29.19657354662093
167,2019-06-17,28.675255562045777
168,2019-06-18,27.64624504061849
169,2019-06-19,28.85482303508528
170,2019-06-20,28.39827412413855
171,2019-06-21,26.54125272827887
172,2019-06-22,27.01961954995432
173,2019-06-23,25.958351731215508
174,2019-06-24,25.997706949603245
175,2019-06-25,25.68491739781541
176,2019-06-26,26.61440098869057
177,2019-06-27,26.304825366239992
178,2019-06-28,27.58062707447517
179,2019-06-29,27.76343356014933
180,2019-06-30,27.62698673104103
181,2019-07-01,25.77960298483839
182,2019-07-02,26.00643189244086
183,2019-07-03,26.672671908853648
184,2019-07-04,27.31494484063337
185,2019-07-05,26.96333144271993
186,2019-07-06,26.67402727009337
187,2019-07-07,27.51135339899256
188,2019-07-08,26.641595842717187
189,2019-07-09,27.33223739264771
190,2019-07-10,27.25668896958057
191,2019-07-11,26.538293216688963
192,2019-07-12,26.125072824548955
193,2019-07-13,26.90623815250521
194,2019-07-14,24.695121981943718
195,2019-07-15,25.091682806621357
196,2019-07-16,25.57647320750127
197,2019-07-17,26.60113985960681
198,2019-07-18,26.52961507915233
199,2019-07-19,25.246851284520165
200,2019-07-20,24.950281560461573
201,2019-07-21,25.6449866300692
202,2019-07-22,26.054761110236388
203,2019-07-23,25.407793664193157
204,2019-07-24,25.602981073604617
205,2019-07-25,25.866989881592723
206,2019-07-26,25.00980802433539
207,2019-07-27,24.100019327906644
208,2019-07-28,25.184195620262063
209,2019-07-29,24.789608731775644
210,2019-07-30,25.097459658014092
211,2019-07-31,25.229534112760323
212,2019-08-01,25.240545597830373
213,2019-08-02,24.257342959724017
214,2019-08-03,24.38237365222998
215,2019-08-04,25.257281803518914
216,2019-08-05,25.92850586328915
217,2019-08-06,24.64032513842959
218,2019-08-07,24.83323487952221
219,2019-08-08,24.93827425163871
220,2019-08-09,25.261848148116098
221,2019-08-10,25.852543753409577
222,2019-08-11,26.312200012267738
223,2019-08-12,26.73897427515961
224,2019-08-13,26.22234250962388
225,2019-08-14,25.6893510880891
226,2019-08-15,25.520427949242382
227,2019-08-16,26.04060195205295
228,2019-08-17,25.17269989235573
229,2019-08-18,25.34533316301912
230,2019-08-19,25.092814845032564
231,2019-08-20,25.219605083174336
232,2019-08-21,25.48821177819477
233,2019-08-22,24.24225082610773
234,2019-08-23,24.929695356685198
235,2019-08-24,25.039739555339864
236,2019-08-25,25.032045602247727
237,2019-08-26,25.49331626663189
238,2019-08-27,25.86835002088864
239,2019-08-28,26.26604880101716
240,2019-08-29,25.71969718739001
241,2019-08-30,26.06667853444498
242,2019-08-31,24.960553806052744
243,2019-09-01,24.590802098955184
244,2019-09-02,24.213980285687832
245,2019-09-03,24.280641876451654
246,2019-09-04,24.537120753822474
247,2019-09-05,24.905331402889107
248,2019-09-06,25.283469496978352
249,2019-09-07,25.353385172435143
250,2019-09-08,25.88803205468281
251,2019-09-09,25.90776169340981
252,2019-09-10,26.110598709025258
253,2019-09-11,25.849871037152365
254,2019-09-12,24.745486793444723
255,2019-09-13,25.04231727712482
256,2019-09-14,24.46803691997671
257,2019-09-15,24.85321533899764
258,2019-09-16,25.50674812033316
259,2019-09-17,24.978040793820703
260,2019-09-18,24.29271360090195
261,2019-09-19,24.663361137230652
262,2019-09-20,24.487107000366493
263,2019-09-21,25.06768855331453
264,2019-09-22,25.25111067598023
265,2019-09-23,25.15896309320476
266,2019-09-24,24.533460101109004
267,2019-09-25,24.31939939293454
268,2019-09-26,23.89080269315385
269,2019-09-27,24.278867748283037
270,2019-09-28,24.42217883856467
271,2019-09-29,24.855184446310894
272,2019-09-30,24.794529381937537
273,2019-10-01,24.719740085904427
274,2019-10-02,24.99892068325171
275,2019-10-03,24.85943465491489
276,2019-10-04,24.202738296892186
277,2019-10-05,24.31829635825266
278,2019-10-06,24.57588962952317
279,2019-10-07,24.47100011808253
280,2019-10-08,24.04340584117817
281,2019-10-09,24.35115834787933
282,2019-10-10,24.287810891389764
283,2019-10-11,24.38644940558148
284,2019-10-12,24.50829142067955
285,2019-10-13,24.75935101623347
286,2019-10-14,24.72810317499641
287,2019-10-15,24.88904342950457
288,2019-10-16,24.41985912246943
289,2019-10-17,23.713343759369984
290,2019-10-18,23.814582313882653
291,2019-10-19,23.71127301676033
292,2019-10-20,23.848396826586985
293,2019-10-21,23.83202233077752
294,2019-10-22,23.04216627280408
295,2019-10-23,23.17667285257394
296,2019-10-24,23.227550941267545
297,2019-10-25,23.895325391852587
298,2019-10-26,23.918394689392443
299,2019-10-27,24.095156892308744
300,2019-10-28,24.257976669298927
301,2019-10-29,24.37790417761475
302,2019-10-30,23.830846004103904
303,2019-10-31,23.43981909908165
304,2019-11-01,23.566189104923044
305,2019-11-02,23.916724563308247
306,2019-11-03,23.670940907447555
307,2019-11-04,22.93520167596429
308,2019-11-05,22.829815569831613
309,2019-11-06,23.057915237816022
310,2019-11-07,22.759086628399064
311,2019-11-08,22.471628974713976
312,2019-11-09,21.881277308500135
313,2019-11-10,22.18188706481549
314,2019-11-11,22.59364810681283
315,2019-11-12,22.80666951836318
316,2019-11-13,22.630637458141532
317,2019-11-14,22.32299825178071
318,2019-11-15,22.33139292930277
319,2019-11-16,22.43502578858342
320,2019-11-17,22.341977355763817
321,2019-11-18,23.33407312596781
322,2019-11-19,23.00100414973096
323,2019-11-20,22.85354525086033
324,2019-11-21,22.038050330280925
325,2019-11-22,21.246357722351757
326,2019-11-23,20.807270549617684
327,2019-11-24,20.544713957057677
328,2019-11-25,20.69780352734998
329,2019-11-26,20.333571900160138
330,2019-11-27,21.33913304469051
331,2019-11-28,22.097534273485444
332,2019-11-29,21.7210360932094
333,2019-11-30,21.988888804399767
334,2019-12-01,22.40255691931309
335,2019-12-02,23.036275886096
336,2019-12-03,22.676240555204924
337,2019-12-04,21.62451286632824
338,2019-12-05,20.494012151051724
339,2019-12-06,19.8342368607176
340,2019-12-07,19.01331720670534
341,2019-12-08,20.768170831253244
342,2019-12-09,20.64648986454456
343,2019-12-10,20.27202411368817
344,2019-12-11,20.324762664221183
345,2019-12-12,20.006048468303664
346,2019-12-13,19.950011207817543
347,2019-12-14,21.599214029165424
348,2019-12-15,20.450405007276533
349,2019-12-16,20.444101688657625
350,2019-12-17,20.441340639019675
351,2019-12-18,20.226968249789877
352,2019-12-19,20.56644962614864
353,2019-12-20,20.39614688723988
354,2019-12-21,20.705819083747983
355,2019-12-22,19.967343949475552
356,2019-12-23,19.64988208172549
357,2019-12-24,20.24604150225133
358,2019-12-25,20.150944125219684
359,2019-12-26,20.0524380601926
360,2019-12-27,21.05661395679545
361,2019-12-28,20.31100915778204
362,2019-12-29,18.964057731275208
363,2019-12-30,18.80109523449191
364,2019-12-31,19.4952902027384
365,2020-01-01,20.23954740536727
366,2020-01-02,21.4083073300302
367,2020-01-03,21.584499405877988
368,2020-01-04,21.84376421627365
369,2020-01-05,21.885239159252464
370,2020-01-06,21.759979884902712
371,2020-01-07,21.152822350143285
372,2020-01-08,19.99331112890222
373,2020-01-09,19.504721040621703
374,2020-01-10,19.974025548033275
375,2020-01-11,20.007949921165363
376,2020-01-12,19.3748213549114
377,2020-01-13,17.856564665248275
378,2020-01-14,18.070834470438925
379,2020-01-15,17.727204501721456
380,2020-01-16,18.21084648574274
381,2020-01-17,19.191377201093893
382,2020-01-18,20.83694298859213
383,2020-01-19,20.981502460752612
384,2020-01-20,20.26328597813026
385,2020-01-21,20.198207881396677
386,2020-01-22,20.102276049844697
387,2020-01-23,20.149861249042157
388,2020-01-24,19.44197596737734
389,2020-01-25,19.278561912030515
390,2020-01-26,19.339173266342847
391,2020-01-27,19.77046551687782
392,2020-01-28,20.56102089622264
393,2020-01-29,21.446767056749287
394,2020-01-30,21.518118526945557
395,2020-01-31,21.401168148289564
396,2020-02-01,21.544668428261065
397,2020-02-02,21.18823247299009
398,2020-02-03,20.541105864937084
399,2020-02-04,20.888299629478805
400,2020-02-05,20.975415302926606
401,2020-02-06,20.25346053069164
402,2020-02-07,21.288449550216544
403,2020-02-08,21.57465838496696
404,2020-02-09,21.59780184303508
405,2020-02-10,21.02209862723361
406,2020-02-11,20.853146522433004
407,2020-02-12,20.839889288160546
408,2020-02-13,20.19550835385184
409,2020-02-14,19.74132954622277
410,2020-02-15,19.340922579059043
411,2020-02-16,19.98472269311149
412,2020-02-17,19.617160498731373
413,2020-02-18,19.975958633026607
414,2020-02-19,20.644543097616054
415,2020-02-20,20.18654560545485
416,2020-02-21,20.238953643554623
417,2020-02-22,19.683459044173336
418,2020-02-23,20.03506365171968
419,2020-02-24,20.82393054584377
420,2020-02-25,21.550392058916607
421,2020-02-26,22.08326753950961
422,2020-02-27,22.237615688234857
423,2020-02-28,21.703178271376416
424,2020-02-29,21.47871656081153
425,2020-03-01,21.71543379972725
426,2020-03-02,21.74313028854197
427,2020-03-03,21.425864267151898
428,2020-03-04,22.34099413742892
429,2020-03-05,22.39513595118844
430,2020-03-06,23.768431581848425
431,2020-03-07,24.43165216785985
432,2020-03-08,23.773526133802665
433,2020-03-09,22.954812183451704
434,2020-03-10,23.0343786782591
435,2020-03-11,23.490829912903493
436,2020-03-12,23.512959974427755
437,2020-03-13,23.57402979716276
438,2020-03-14,22.465113433566927
439,2020-03-15,22.389255094479942
440,2020-03-16,22.906316158146517
441,2020-03-17,23.10646802048079
442,2020-03-18,22.844755425700807
443,2020-03-19,23.504307256474195
444,2020-03-20,23.950800448736604
445,2020-03-21,23.615149712434285
446,2020-03-22,24.10519127141534
447,2020-03-23,23.90383915514977
448,2020-03-24,23.114855407736904
449,2020-03-25,23.55118188333789
450,2020-03-26,23.39804161409309
451,2020-03-27,23.47766824310938
452,2020-03-28,22.94827883934124
453,2020-03-29,23.914450342258203
454,2020-03-30,23.7209250619428
455,2020-03-31,23.850080402905043
456,2020-04-01,24.16576285903659
457,2020-04-02,24.8482338520255
458,2020-04-03,24.99086691449031
459,2020-04-04,24.375625830072256
460,2020-04-05,24.845622375062003
461,2020-04-06,25.943924080180828
462,2020-04-07,25.76527676856636
463,2020-04-08,25.84269298157278
464,2020-04-09,24.500627053568387
465,2020-04-10,22.46940503459151
466,2020-04-11,24.332176072199736
467,2020-04-12,24.32836353883106
468,2020-04-13,24.364160728282503
469,2020-04-14,24.259328432456535
470,2020-04-15,24.52493108265313
471,2020-04-16,24.574906449137192
472,2020-04-17,25.711703956061243
473,2020-04-18,26.244018605102468
474,2020-04-19,25.93762603308901
475,2020-04-20,25.669010370349756
476,2020-04-21,25.163499942743837
477,2020-04-22,26.231854541975853
478,2020-04-23,26.58303671194757
479,2020-04-24,27.162943733047392
480,2020-04-25,27.452625096561547
481,2020-04-26,24.260751363689632
482,2020-04-27,25.280216291455808
483,2020-04-28,25.61392604899552
484,2020-04-29,25.169058662907275
485,2020-04-30,25.244729768611336
486,2020-05-01,26.41021828129629
487,2020-05-02,26.0494852833652
488,2020-05-03,27.070851924933624
489,2020-05-04,26.810805319639947
490,2020-05-05,27.37060102716592
491,2020-05-06,27.209026754818098
492,2020-05-07,26.8218422961971
493,2020-05-08,27.1408221941179
494,2020-05-09,27.07545163020332
495,2020-05-10,26.25922694260001
496,2020-05-11,26.854289522790616
497,2020-05-12,26.219925239917792
498,2020-05-13,25.81318955032546
499,2020-05-14,26.59317032699514
500,2020-05-15,26.300872721447096
501,2020-05-16,27.125891032626097
502,2020-05-17,27.178505463074856
503,2020-05-18,26.868955043629946
504,2020-05-19,26.448994967312583
505,2020-05-20,27.21335503049891
506,2020-05-21,28.10808838764359
507,2020-05-22,28.046974174266428
508,2020-05-23,28.4893658143493
509,2020-05-24,28.70108422535848
510,2020-05-25,28.62155944599119
511,2020-05-26,28.32790663538414
512,2020-05-27,28.580624222750423
513,2020-05-28,28.641092437895328
514,2020-05-29,28.90729486339787
515,2020-05-30,27.354254666022825
516,2020-05-31,28.05754469500994
517,2020-06-01,27.354118211560596
518,2020-06-02,26.780449061796368
519,2020-06-03,26.245311048086837
520,2020-06-04,27.448852957993385
521,2020-06-05,27.014550536936444
522,2020-06-06,27.49082738362138
523,2020-06-07,27.79138706664496
524,2020-06-08,27.708370859984203
525,2020-06-09,27.51538908320943
526,2020-06-10,26.09429034054572
527,2020-06-11,24.270580468765974
528,2020-06-12,24.39932594464107
529,2020-06-13,25.22124542609212
530,2020-06-14,26.96780820972911
531,2020-06-15,26.86149237349273
532,2020-06-16,26.58335758416925
533,2020-06-17,26.2397329517506
534,2020-06-18,25.789815259830178
535,2020-06-19,26.05793681519264
536,2020-06-20,27.10460890471808
537,2020-06-21,26.746714663073885
538,2020-06-22,25.955936655344928
539,2020-06-23,25.601985233634664
540,2020-06-24,26.09312865092999
541,2020-06-25,26.099541098924725
542,2020-06-26,26.185184249914123
543,2020-06-27,26.749231016443247
544,2020-06-28,26.450406396855083
545,2020-06-29,26.19806901248941
546,2020-06-30,25.723974040095857
547,2020-07-01,25.469083229178583
548,2020-07-02,25.836574075936937
549,2020-07-03,25.511972923380693
550,2020-07-04,24.728709385535968
551,2020-07-05,24.652858858107937
552,2020-07-06,24.51972975395943
553,2020-07-07,25.30703820064429
554,2020-07-08,25.890531095104425
555,2020-07-09,24.21653912200349
556,2020-07-10,24.48996507861377
557,2020-07-11,24.72934632850309
558,2020-07-12,25.37493791693518
559,2020-07-13,24.509832495270512
560,2020-07-14,24.557283101287105
561,2020-07-15,24.37849855837735
562,2020-07-16,24.17431882160525
563,2020-07-17,24.771500840650717
564,2020-07-18,24.510876944919627
565,2020-07-19,25.62624090495851
566,2020-07-20,25.462382715371724
567,2020-07-21,25.393062720353853
568,2020-07-22,26.127997164242263
569,2020-07-23,25.759049189701955
570,2020-07-24,24.529606199574847
571,2020-07-25,24.721632495780817
572,2020-07-26,24.970845209619583
573,2020-07-27,25.359580078822543
574,2020-07-28,26.126906887931728
575,2020-07-29,24.688208502375787
576,2020-07-30,25.455237502708403
577,2020-07-31,25.908859250550503
578,2020-08-01,25.217421003883043
579,2020-08-02,24.861681671807137
580,2020-08-03,25.24852092975015
581,2020-08-04,24.680663504801306
582,2020-08-05,24.776042405392484
583,2020-08-06,25.299485438462725
584,2020-08-07,26.39212876245709
585,2020-08-08,26.686120521078347
586,2020-08-09,26.353028688475483
587,2020-08-10,24.427646304962018
588,2020-08-11,24.698258572587516
589,2020-08-12,24.756739572704703
590,2020-08-13,24.49203893206129
591,2020-08-14,23.8556867951088
592,2020-08-15,23.48415940457496
593,2020-08-16,23.75427980904928
594,2020-08-17,24.365093819950268
595,2020-08-18,24.95984607514464
596,2020-08-19,25.046451100435497
597,2020-08-20,24.680404429680262
598,2020-08-21,24.588032627547072
599,2020-08-22,24.751835092840075
600,2020-08-23,24.982513865810063
601,2020-08-24,24.74870911708993
602,2020-08-25,25.382639417927884
603,2020-08-26,25.16675519521982
604,2020-08-27,24.847780475067264
605,2020-08-28,24.75100663829475
606,2020-08-29,25.513089988409988
607,2020-08-30,25.947608054631576
608,2020-08-31,25.37019752147308
609,2020-09-01,26.11604615720052
610,2020-09-02,24.55614003069557
611,2020-09-03,24.81503019351641
612,2020-09-04,25.361997450654226
613,2020-09-05,25.532038045238146
614,2020-09-06,25.809509650089083
615,2020-09-07,25.823479527201933
616,2020-09-08,25.4495416747944
617,2020-09-09,25.78993374298543
618,2020-09-10,25.52842651449992
619,2020-09-11,25.44123677359891
620,2020-09-12,25.10477141312164
621,2020-09-13,24.161929569287807
622,2020-09-14,23.846011259460248
623,2020-09-15,24.174844481877653
624,2020-09-16,24.673685257974483
625,2020-09-17,25.291581725307545
626,2020-09-18,25.21310696912432
627,2020-09-19,24.09993737483105
628,2020-09-20,24.831286742084416
629,2020-09-21,24.257319184566533
630,2020-09-22,25.000035127926772
631,2020-09-23,24.71255711746067
632,2020-09-24,25.288221897100257
633,2020-09-25,25.941586790909287
634,2020-09-26,23.47706416005425
635,2020-09-27,23.963756782875357
636,2020-09-28,24.480407726089357
637,2020-09-29,24.92736301225423
638,2020-09-30,23.41816155229048
639,2020-10-01,23.180692883576096
640,2020-10-02,24.10620825497774
641,2020-10-03,25.280128518542497
642,2020-10-04,25.279729703845657
643,2020-10-05,24.76737993775565
644,2020-10-06,24.671011458634503
645,2020-10-07,24.811875812852648
646,2020-10-08,24.94043374145247
647,2020-10-09,24.99032417788503
648,2020-10-10,25.046506676199275
649,2020-10-11,23.9109453283516
650,2020-10-12,23.509562122268324
651,2020-10-13,23.77493035499188
652,2020-10-14,23.7659976876019
653,2020-10-15,23.9365600662946
654,2020-10-16,24.67988610842406
655,2020-10-17,24.374053334479022
656,2020-10-18,24.539999805356057
657,2020-10-19,24.58996575950352
658,2020-10-20,24.19394019941429
659,2020-10-21,24.33998968659176
660,2020-10-22,24.47716847108116
661,2020-10-23,24.34993988148783
662,2020-10-24,23.59919059917272
663,2020-10-25,24.02460641750571
664,2020-10-26,23.714777790707785
665,2020-10-27,23.32990509643447
666,2020-10-28,23.334963299376188
667,2020-10-29,22.79370178997439
668,2020-10-30,22.41844175828844
669,2020-10-31,22.119114580818323
670,2020-11-01,22.50682754287002
671,2020-11-02,23.13871015847005
672,2020-11-03,23.869570573878832
673,2020-11-04,24.015598623681576
674,2020-11-05,23.28180923183625
675,2020-11-06,23.18078054467589
676,2020-11-07,23.52221143434309
677,2020-11-08,22.62598734078716
678,2020-11-09,20.12985622641581
679,2020-11-10,18.41821852361137
680,2020-11-11,20.14225977276042
681,2020-11-12,22.60213952643948
682,2020-11-13,22.27480420598869
683,2020-11-14,21.66844503774619
684,2020-11-15,22.113601974932426
685,2020-11-16,22.94710720428488
686,2020-11-17,22.318515204589044
687,2020-11-18,22.251874086756438
688,2020-11-19,22.722269994370397
689,2020-11-20,21.941975876654165
690,2020-11-21,20.880621232092818
691,2020-11-22,21.398370068583965
692,2020-11-23,21.846200558597616
693,2020-11-24,21.69947200162817
694,2020-11-25,20.963480445979293
695,2020-11-26,20.54154651882448
696,2020-11-27,19.32869378342742
697,2020-11-28,19.50279852239709
698,2020-11-29,21.092212172253
699,2020-11-30,20.237110159474557
700,2020-12-01,19.47529879919979
701,2020-12-02,19.231385596279253
702,2020-12-03,20.021929776159155
703,2020-12-04,20.62856573313857
704,2020-12-05,20.512496970883184
705,2020-12-06,20.24388113010237
706,2020-12-07,20.807692540152036
707,2020-12-08,20.27456430016304
708,2020-12-09,19.325794687097037
709,2020-12-10,18.49901917954205
710,2020-12-11,18.742410832998
711,2020-12-12,18.0010855565977
712,2020-12-13,18.036839384763432
713,2020-12-14,18.507401667843613
714,2020-12-15,19.172470074403165
715,2020-12-16,20.671971815022182
716,2020-12-17,20.941068480587543
717,2020-12-18,20.80135988207682
718,2020-12-19,20.705034527061738
719,2020-12-20,19.199186081815043
720,2020-12-21,16.777171794171874
721,2020-12-22,15.942846048690944
722,2020-12-23,16.548583987164257
723,2020-12-24,16.677767801543414
724,2020-12-25,17.639019249836466
725,2020-12-26,17.72582565890483
726,2020-12-27,17.737410918482876
727,2020-12-28,17.86429160897784
728,2020-12-29,18.22895433432189
729,2020-12-30,19.158380549286885
730,2020-12-31,20.212952506709232
731,2021-01-01,18.91442111701369
732,2021-01-02,18.350425652377638
733,2021-01-03,18.920975700764803
734,2021-01-04,18.808750309706944
735,2021-01-05,20.125532567035368
736,2021-01-06,21.754651308658275
737,2021-01-07,21.90675334818694
738,2021-01-08,21.370435454950155
739,2021-01-09,20.2984623551597
740,2021-01-10,20.40293114396963
741,2021-01-11,20.46010792960634
742,2021-01-12,19.61336813037205
743,2021-01-13,19.81288593249436
744,2021-01-14,19.87541101617901
745,2021-01-15,20.305989117703124
746,2021-01-16,19.62709971018325
747,2021-01-17,19.465933236446038
748,2021-01-18,19.46278722128261
749,2021-01-19,19.252279695434535
750,2021-01-20,19.216358786375345
751,2021-01-21,19.647439391008245
752,2021-01-22,21.01132349659995
753,2021-01-23,20.68573933183789
754,2021-01-24,19.997838141615127
755,2021-01-25,19.469731474785075
756,2021-01-26,19.34035015821994
757,2021-01-27,19.8618848766701
758,2021-01-28,20.37394288210163
759,2021-01-29,20.748270665927212
760,2021-01-30,20.173808675751896
761,2021-01-31,20.63002759070654
762,2021-02-01,20.51928162864616
763,2021-02-02,19.890302652175325
764,2021-02-03,18.752912288945787
765,2021-02-04,17.68064603647766
766,2021-02-05,17.249261834095478
767,2021-02-06,17.53115832899162
768,2021-02-07,17.7746921955601
769,2021-02-08,18.582973105841617
770,2021-02-09,18.16188247965647
771,2021-02-10,17.87426087306279
772,2021-02-11,18.127449854090155
773,2021-02-12,18.15545862672733
774,2021-02-13,18.230609373871328
775,2021-02-14,17.614166603688112
776,2021-02-15,18.57492570056512
777,2021-02-16,19.331590477887108
778,2021-02-17,19.080090656695152
779,2021-02-18,19.783949848315327
780,2021-02-19,20.850491770503734
781,2021-02-20,20.781315132382453
782,2021-02-21,20.786827166461023
783,2021-02-22,20.316712837397603
784,2021-02-23,19.801606283875717
785,2021-02-24,20.162870674812343
786,2021-02-25,19.824772171401808
787,2021-02-26,19.969576759293943
788,2021-02-27,20.832017316562315
789,2021-02-28,21.598157134369654
790,2021-03-01,21.02202338493367
791,2021-03-02,21.525061898060383
792,2021-03-03,20.607446706441003
793,2021-03-04,19.96124622716213
794,2021-03-05,19.35503615797104
795,2021-03-06,19.594533427689225
796,2021-03-07,21.16436994047868
797,2021-03-08,21.71911480116158
798,2021-03-09,21.622599922298942
799,2021-03-10,21.76808674806096
800,2021-03-11,22.541311071065135
801,2021-03-12,21.736206139650108
802,2021-03-13,20.25532220710371
803,2021-03-14,21.082875990535165
804,2021-03-15,21.673445874358748
805,2021-03-16,22.14252358663934
806,2021-03-17,22.25782787758444
807,2021-03-18,22.304256415902145
808,2021-03-19,21.941086637437497
809,2021-03-20,21.68811512940527
810,2021-03-21,22.305185124985904
811,2021-03-22,23.68322682162301
812,2021-03-23,22.08014944477894
813,2021-03-24,22.38085424458708
814,2021-03-25,22.81888142685577
815,2021-03-26,22.85428684634204
816,2021-03-27,23.539606626045163
817,2021-03-28,23.940441020699232
818,2021-03-29,24.05042237605641
819,2021-03-30,24.73557321846195
820,2021-03-31,25.410056058108577
821,2021-04-01,25.24261948804884
822,2021-04-02,26.06625839176444
823,2021-04-03,26.25488090133386
824,2021-04-04,25.01673030365779
825,2021-04-05,26.018015807699065
826,2021-04-06,24.96078363920182
827,2021-04-07,24.3434288139465
828,2021-04-08,24.699707873150945
829,2021-04-09,24.601970262429152
830,2021-04-10,24.38606018503671
831,2021-04-11,24.50069023427508
832,2021-04-12,25.03349819036335
833,2021-04-13,24.722718609420987
834,2021-04-14,25.21003506773579
835,2021-04-15,22.80187477366507
836,2021-04-16,23.695305666499053
837,2021-04-17,25.203303446304645
838,2021-04-18,25.97613574219717
839,2021-04-19,26.24628948254025
840,2021-04-20,26.49134350338331
841,2021-04-21,26.320885888464037
842,2021-04-22,26.450587267939145
843,2021-04-23,26.007357511452344
844,2021-04-24,24.49878852196948
845,2021-04-25,25.563265389833507
846,2021-04-26,25.794566055474306
847,2021-04-27,25.832672457168307
848,2021-04-28,25.61047732254087
849,2021-04-29,26.42090730646896
850,2021-04-30,25.32116261551734
851,2021-05-01,25.36747193702991
852,2021-05-02,25.66555596749633
853,2021-05-03,25.452691489457152
854,2021-05-04,25.95044079377229
855,2021-05-05,25.67800666623906
856,2021-05-06,25.90735573332413
857,2021-05-07,26.59492622251281
858,2021-05-08,26.46405687752573
859,2021-05-09,26.400030952218145
860,2021-05-10,26.641712390944303
861,2021-05-11,27.330693561934424
862,2021-05-12,24.339020290393623
863,2021-05-13,26.99378044577557
864,2021-05-14,26.962412974367844
865,2021-05-15,27.401699732092528
866,2021-05-16,26.81382996106677
867,2021-05-17,26.81040955133601
868,2021-05-18,27.301527951812115
869,2021-05-19,27.29087251925332
870,2021-05-20,26.41660232186616
871,2021-05-21,26.088912278104104
872,2021-05-22,24.395696476167767
873,2021-05-23,24.60975686174428
874,2021-05-24,26.0456734014211
875,2021-05-25,27.213924339977726
876,2021-05-26,26.207480568033404
877,2021-05-27,27.62944996313628
878,2021-05-28,27.45102350306058
879,2021-05-29,27.666641808490965
880,2021-05-30,27.146363646424906
881,2021-05-31,27.819859074489692
882,2021-06-01,26.936805482101757
883,2021-06-02,27.576616496931354
884,2021-06-03,25.772278072649943
885,2021-06-04,25.0839495498333
886,2021-06-05,25.729463112659275
887,2021-06-06,25.47607246596268
888,2021-06-07,26.322927115114837
889,2021-06-08,26.744476438785654
890,2021-06-09,26.86968200448028
891,2021-06-10,26.170055204108987
892,2021-06-11,25.756368088147
893,2021-06-12,25.99732662285821
894,2021-06-13,25.37349358561468
895,2021-06-14,25.43230537640193
896,2021-06-15,26.35393215195537
897,2021-06-16,26.74401772751944
898,2021-06-17,26.393946664907794
899,2021-06-18,25.78813107008082
900,2021-06-19,26.572308991758103
901,2021-06-20,26.359236796778923
902,2021-06-21,26.554696408011424
903,2021-06-22,26.80296247134014
904,2021-06-23,26.76970201391607
905,2021-06-24,24.43637332697961
906,2021-06-25,25.63218428935363
907,2021-06-26,26.27728227959471
908,2021-06-27,24.966949799226217
909,2021-06-28,24.5971807236816
910,2021-06-29,26.273857779866105
911,2021-06-30,26.849853699794203
912,2021-07-01,25.224714261520276
913,2021-07-02,25.41280830060558
914,2021-07-03,24.0859949987343
915,2021-07-04,25.369613404321623
916,2021-07-05,24.46413329696983
917,2021-07-06,25.200161320926007
918,2021-07-07,26.423923079597696
919,2021-07-08,24.44343597985485
920,2021-07-09,24.748219852442222
921,2021-07-10,25.28176602457905
922,2021-07-11,25.26453785337168
923,2021-07-12,24.9574051097188
924,2021-07-13,24.75848305072756
925,2021-07-14,24.13585393353879
926,2021-07-15,23.671736277407007
927,2021-07-16,24.192758553318576
928,2021-07-17,24.41972472924948
929,2021-07-18,25.070681920046297
930,2021-07-19,24.410433928350923
931,2021-07-20,25.10520414658433
932,2021-07-21,24.265542754091147
933,2021-07-22,23.29272275556965
934,2021-07-23,23.58702481195284
935,2021-07-24,24.135541569639187
936,2021-07-25,25.754461559757623
937,2021-07-26,24.89436828521544
938,2021-07-27,26.013335692396037
939,2021-07-28,25.62756810332736
940,2021-07-29,25.97417200535771
941,2021-07-30,25.897854031238964
942,2021-07-31,25.84587079646709
943,2021-08-01,25.68253940994437
944,2021-08-02,25.731329114957905
945,2021-08-03,25.723080276149176
946,2021-08-04,26.291777610157013
947,2021-08-05,25.9271073004299
948,2021-08-06,26.178208170878587
949,2021-08-07,25.79323537547208
950,2021-08-08,26.25887249988352
951,2021-08-09,26.354802122663678
952,2021-08-10,25.68802868598442
953,2021-08-11,25.126776651710188
954,2021-08-12,26.232744678022296
955,2021-08-13,24.798518837447222
956,2021-08-14,24.667392524558167
957,2021-08-15,25.4325839976812
958,2021-08-16,24.54143122928104
959,2021-08-17,24.42021442142445
960,2021-08-18,24.67380219784946
961,2021-08-19,24.74230416363049
962,2021-08-20,24.74778144015625
963,2021-08-21,25.0405210558404
964,2021-08-22,24.012438079764102
965,2021-08-23,24.574376066009396
966,2021-08-24,25.165850099511488
967,2021-08-25,25.526216732402546
968,2021-08-26,23.94886269350885
969,2021-08-27,24.79322363841315
970,2021-08-28,24.33615982183339
971,2021-08-29,23.926363623065363
972,2021-08-30,24.18226325162237
973,2021-08-31,24.316808667371028
974,2021-09-01,24.593307509949643
975,2021-09-02,24.55609235308012
976,2021-09-03,24.34743572374716
977,2021-09-04,24.523274678437804
978,2021-09-05,24.630000707605657
979,2021-09-06,24.22034155789184
980,2021-09-07,24.023534900729544
981,2021-09-08,24.640834587478626
982,2021-09-09,24.64424146271501
983,2021-09-10,25.59582688786113
984,2021-09-11,25.459414012062805
985,2021-09-12,25.460961025653127
986,2021-09-13,25.434402559178928
987,2021-09-14,25.36300652854064
988,2021-09-15,25.263044488826417
989,2021-09-16,25.633851750175836
990,2021-09-17,25.73901382050092
991,2021-09-18,25.330055058261674
992,2021-09-19,24.78941751804812
993,2021-09-20,24.79051325046054
994,2021-09-21,24.6465681724882
995,2021-09-22,24.86584757731932
996,2021-09-23,25.053265154019417
997,2021-09-24,25.024240559202727
998,2021-09-25,25.18162593118529
999,2021-09-26,24.18624423519163
1000,2021-09-27,24.31585430939511
1001,2021-09-28,24.326183474795563
1002,2021-09-29,23.979647804917946
1003,2021-09-30,24.977621698968814
1004,2021-10-01,24.91471932340256
1005,2021-10-02,25.36726872793517
1006,2021-10-03,25.461681059227043
1007,2021-10-04,25.147412928203472
1008,2021-10-05,24.71411551756564
1009,2021-10-06,25.099281554993333
1010,2021-10-07,25.05621142693848
1011,2021-10-08,25.273123444779745
1012,2021-10-09,25.21809748499663
1013,2021-10-10,24.924225555718262
1014,2021-10-11,24.950655725614947
1015,2021-10-12,25.071527961659385
1016,2021-10-13,24.633087868324125
1017,2021-10-14,25.10147434290649
1018,2021-10-15,25.18544722372123
1019,2021-10-16,24.40810096534717
1020,2021-10-17,24.156730952431957
1021,2021-10-18,25.126807751742287
1022,2021-10-19,25.38310803908612
1023,2021-10-20,25.59991857645623
1024,2021-10-21,24.910709963364205
1025,2021-10-22,24.752007114356417
1026,2021-10-23,24.354496904697505
1027,2021-10-24,23.90138662877828
1028,2021-10-25,23.496577384137744
1029,2021-10-26,23.353950075653746
1030,2021-10-27,22.752288805622108
1031,2021-10-28,23.25445053650076
1032,2021-10-29,23.8062529660253
1033,2021-10-30,23.78983350125329
1034,2021-10-31,23.77836385060751
1035,2021-11-01,23.878439144148757
1036,2021-11-02,23.13467310681182
1037,2021-11-03,23.33308480976836
1038,2021-11-04,22.941641817168332
1039,2021-11-05,22.91966594570609
1040,2021-11-06,22.971653437845102
1041,2021-11-07,22.472528946340045
1042,2021-11-08,21.115936241402547
1043,2021-11-09,20.866233084825907
1044,2021-11-10,21.338216175773574
1045,2021-11-11,21.81138098366405
1046,2021-11-12,21.718180935232517
1047,2021-11-13,23.639191070391444
1048,2021-11-14,23.716227654705712
1049,2021-11-15,23.954113795315948
1050,2021-11-16,23.818269881201413
1051,2021-11-17,23.872054865594432
1052,2021-11-18,23.56335576380186
1053,2021-11-19,22.97647873197332
1054,2021-11-20,23.053842747152476
1055,2021-11-21,23.392503346403863
1056,2021-11-22,23.613589418585445
1057,2021-11-23,23.99914770280647
1058,2021-11-24,23.92196755281411
1059,2021-11-25,23.373670511616325
1060,2021-11-26,22.628652208362357
1061,2021-11-27,22.215704677044023
1062,2021-11-28,22.8981624250608
1063,2021-11-29,22.16343877864397
1064,2021-11-30,21.50353895149362
1065,2021-12-01,21.13598162965671
1066,2021-12-02,20.47209789634305
1067,2021-12-03,21.299519370170035
1068,2021-12-04,20.641521644260195
1069,2021-12-05,21.429675987840376
1070,2021-12-06,22.15317102096146
1071,2021-12-07,22.284316915369747
1072,2021-12-08,22.31782279897469
1073,2021-12-09,22.770731927311733
1074,2021-12-10,21.67238385386101
1075,2021-12-11,21.931995537681747
1076,2021-12-12,22.057846222855712
1077,2021-12-13,21.709677144886587
1078,2021-12-14,20.94167885190145
1079,2021-12-15,20.434139159895917
1080,2021-12-16,18.959040408815024
1081,2021-12-17,18.18452756540256
1082,2021-12-18,17.024699029947044
1083,2021-12-19,16.885184004166028
1084,2021-12-20,17.197014185697093
1085,2021-12-21,16.496493759168274
1086,2021-12-22,15.697636262172182
1087,2021-12-23,16.354363356694886
1088,2021-12-24,16.966568392595466
1089,2021-12-25,17.810070167494363
1090,2021-12-26,18.81300983203163
1091,2021-12-27,19.368042717082197
1092,2021-12-28,19.381961501513096
1093,2021-12-29,19.976727983429477
1094,2021-12-30,20.1965412364416
1095,2021-12-31,20.18331313139167
1096,2022-01-01,20.48890930821412
1097,2022-01-02,20.063737685923705
1098,2022-01-03,19.341893767274836
1099,2022-01-04,18.64673157102692
1100,2022-01-05,17.891808272415194
1101,2022-01-06,18.70711261735084
1102,2022-01-07,19.322218545494408
1103,2022-01-08,19.7646675554625
1104,2022-01-09,19.782925061656385
1105,2022-01-10,20.000653131413856
1106,2022-01-11,20.3706014852415
1107,2022-01-12,21.463256797329574
1108,2022-01-13,21.347675594447768
1109,2022-01-14,20.508706423195825
1110,2022-01-15,20.905054645777625
1111,2022-01-16,20.90571133880722
1112,2022-01-17,20.376099061671304
1113,2022-01-18,19.39097073337759
1114,2022-01-19,18.88825213091141
1115,2022-01-20,18.505320049833404
1116,2022-01-21,19.10995889390665
1117,2022-01-22,19.75652913456773
1118,2022-01-23,20.657877319539487
1119,2022-01-24,21.069971216654277
1120,2022-01-25,19.78394989631723
1121,2022-01-26,20.52057154483544
1122,2022-01-27,20.60300300281642
1123,2022-01-28,19.19154496228205
1124,2022-01-29,17.72203212341603
1125,2022-01-30,17.998993613552926
1126,2022-01-31,18.279924059290167
1127,2022-02-01,18.844715810428145
1128,2022-02-02,18.757961675589115
1129,2022-02-03,19.379749394743836
1130,2022-02-04,20.423249366085493
1131,2022-02-05,19.38287708445356
1132,2022-02-06,19.600364363071
1133,2022-02-07,19.54473335152315
1134,2022-02-08,19.423380722539942
1135,2022-02-09,20.14962555407033
1136,2022-02-10,18.96424080995918
1137,2022-02-11,19.2610398965492
1138,2022-02-12,20.33178639280484
1139,2022-02-13,19.907206136307845
1140,2022-02-14,18.94483287712756
1141,2022-02-15,19.58592361094891
1142,2022-02-16,19.491651319177222
1143,2022-02-17,19.69688383397688
1144,2022-02-18,20.472660613007715
1145,2022-02-19,20.456006168673536
1146,2022-02-20,20.314748346368564
1147,2022-02-21,20.67188972829037
1148,2022-02-22,21.83893725959862
1149,2022-02-23,22.043134353189444
1150,2022-02-24,20.79058762806444
1151,2022-02-25,20.12539056460441
1152,2022-02-26,19.48642742050124
1153,2022-02-27,20.266458247391597
1154,2022-02-28,19.32539527420372
1155,2022-03-01,19.714541665457443
1156,2022-03-02,19.334447719788077
1157,2022-03-03,20.271060543635087
1158,2022-03-04,19.898845254956967
1159,2022-03-05,20.77387817147362
1160,2022-03-06,21.222100126072085
1161,2022-03-07,21.383832923120483
1162,2022-03-08,21.478504671372058
1163,2022-03-09,21.884773994982368
1164,2022-03-10,21.73998699204211
1165,2022-03-11,21.347597340377703
1166,2022-03-12,21.20435117327545
1167,2022-03-13,21.41075174966956
1168,2022-03-14,21.45928111374203
1169,2022-03-15,21.12112394098576
1170,2022-03-16,21.563422980878904
1171,2022-03-17,22.22779779878609
1172,2022-03-18,22.963746025906264
1173,2022-03-19,23.549935841067235
1174,2022-03-20,24.28735373855397
1175,2022-03-21,25.708725902294987
1176,2022-03-22,25.52498328827027
1177,2022-03-23,25.68717798302808
1178,2022-03-24,25.748987980022672
1179,2022-03-25,25.156653296471617
1180,2022-03-26,24.79464545716084
1181,2022-03-27,25.248793955478316
1182,2022-03-28,24.964403931168743
1183,2022-03-29,25.336760004566617
1184,2022-03-30,25.88772924752896
1185,2022-03-31,26.284099575687936
1186,2022-04-01,25.96271941559213
1187,2022-04-02,26.04280730812699
1188,2022-04-03,25.64215816875462
1189,2022-04-04,25.25379033971469
1190,2022-04-05,25.32132270020346
1191,2022-04-06,24.61904342397784
1192,2022-04-07,24.757391459185165
1193,2022-04-08,24.59064491386664
1194,2022-04-09,25.42837297270782
1195,2022-04-10,25.66095065738095
1196,2022-04-11,25.25966882367073
1197,2022-04-12,25.488303184480607
1198,2022-04-13,25.91346209136298
1199,2022-04-14,26.16389062115259
1200,2022-04-15,26.35654829363464
1201,2022-04-16,26.922091456292705
1202,2022-04-17,26.7326130112941
1203,2022-04-18,26.74798208566682
1204,2022-04-19,26.291465650191142
1205,2022-04-20,26.31778118483924
1206,2022-04-21,26.8570808164783
1207,2022-04-22,26.096532046669044
1208,2022-04-23,26.30645935455196
1209,2022-04-24,26.46761593981829
1210,2022-04-25,26.54453687212809
1211,2022-04-26,26.577375425644338
1212,2022-04-27,26.487754600847687
1213,2022-04-28,26.711523120900967
1214,2022-04-29,26.260150585384128
1215,2022-04-30,27.29910792568316
1216,2022-05-01,27.72865956164115
1217,2022-05-02,26.960197133889604
1218,2022-05-03,27.13130389721766
1219,2022-05-04,26.876380882401765
1220,2022-05-05,26.825939677448435
1221,2022-05-06,26.718084072165038
1222,2022-05-07,25.43588789284347
1223,2022-05-08,27.29769541837082
1224,2022-05-09,26.65551677336896
1225,2022-05-10,26.605545628094298
1226,2022-05-11,24.7947855667677
1227,2022-05-12,24.83734136656192
1228,2022-05-13,25.326900460463783
1229,2022-05-14,26.44141482007956
1230,2022-05-15,27.29197339871421
1231,2022-05-16,27.132649624972693
1232,2022-05-17,27.019285858805222
1233,2022-05-18,26.94718575047315
1234,2022-05-19,26.569726598068588
1235,2022-05-20,26.394091818550027
1236,2022-05-21,25.71532149881024
1237,2022-05-22,27.177218841330056
1238,2022-05-23,27.231764180934825
1239,2022-05-24,27.496013105633864
1240,2022-05-25,25.06893675497946
1241,2022-05-26,25.94020098049527
1242,2022-05-27,26.16337013994137
1243,2022-05-28,26.556222008040397
1244,2022-05-29,27.77159174598641
1245,2022-05-30,27.891451755750985
1246,2022-05-31,27.47319872663618
1247,2022-06-01,27.534074350900077
1248,2022-06-02,28.51543164131932
1249,2022-06-03,27.791631256815883
1250,2022-06-04,27.62488631963409
1251,2022-06-05,28.436452674913603
1252,2022-06-06,24.57670858077072
1253,2022-06-07,25.30865597396504
1254,2022-06-08,27.94201382970878
1255,2022-06-09,28.270035019784306
1256,2022-06-10,28.264477735377906
1257,2022-06-11,27.733330402443137
1258,2022-06-12,27.27260205987673
1259,2022-06-13,25.899784114436496
1260,2022-06-14,26.54886699101341
1261,2022-06-15,26.017629764222217
1262,2022-06-16,25.756040336180813
1263,2022-06-17,25.70879339587823
1264,2022-06-18,26.416316630607746
1265,2022-06-19,26.380175479715568
1266,2022-06-20,25.948895244438017
1267,2022-06-21,24.986489186105548
1268,2022-06-22,24.70718480195832
1269,2022-06-23,25.128774633562333
1270,2022-06-24,25.94375599243926
1271,2022-06-25,25.040361729932663
1272,2022-06-26,25.476906247845022
1273,2022-06-27,24.736314253020392
1274,2022-06-28,24.59619212890041
1275,2022-06-29,25.028870824903557
1276,2022-06-30,25.52058237461018
1277,2022-07-01,25.188778102048545
1278,2022-07-02,25.797215995404343
1279,2022-07-03,25.14758380474973
1280,2022-07-04,25.0017769525663
1281,2022-07-05,25.23258724200989
1282,2022-07-06,24.07207368116668
1283,2022-07-07,25.27651061486139
1284,2022-07-08,24.78131186492014
1285,2022-07-09,23.78747059732309
1286,2022-07-10,23.84573122746973
1287,2022-07-11,24.53900103004628
1288,2022-07-12,23.738686414365155
1289,2022-07-13,24.262229305021123
1290,2022-07-14,24.49256387759372
1291,2022-07-15,25.02377351595562
1292,2022-07-16,25.59958111601324
1293,2022-07-17,24.94098531440568
1294,2022-07-18,24.28202388308414
1295,2022-07-19,24.470059517392976
1296,2022-07-20,25.824236050875417
1297,2022-07-21,25.603175376355537
1298,2022-07-22,24.737352755892378
1299,2022-07-23,24.386963372609458
1300,2022-07-24,24.989306028084684
1301,2022-07-25,24.932122428544258
1302,2022-07-26,24.611989730196484
1303,2022-07-27,24.13764217327969
1304,2022-07-28,25.3008651684696
1305,2022-07-29,25.559215281574044
1306,2022-07-30,25.429606519716025
1307,2022-07-31,25.8644780850387
1308,2022-08-01,25.67440882877186
1309,2022-08-02,25.16513791599928
1310,2022-08-03,24.56313867674227
1311,2022-08-04,25.47681152574601
1312,2022-08-05,25.043110854203317
1313,2022-08-06,24.564959408766413
1314,2022-08-07,24.3447843119487
1315,2022-08-08,24.281244324928466
1316,2022-08-09,24.6108484318131
1317,2022-08-10,24.970343805828843
1318,2022-08-11,25.273111343876085
1319,2022-08-12,25.671906054130947
1320,2022-08-13,25.68378725702284
1321,2022-08-14,24.965944189535545
1322,2022-08-15,25.126890696780112
1323,2022-08-16,24.68314292178924
1324,2022-08-17,25.05815306149259
1325,2022-08-18,25.136716695024468
1326,2022-08-19,25.54648059295414
1327,2022-08-20,25.60946416173648
1328,2022-08-21,25.748373761699693
1329,2022-08-22,25.775673834785717
1330,2022-08-23,25.787662029255795
1331,2022-08-24,25.5795580856882
1332,2022-08-25,24.387416135995203
1333,2022-08-26,24.18291227723072
1334,2022-08-27,24.74779005715128
1335,2022-08-28,24.75285686374721
1336,2022-08-29,24.92432819114597
1337,2022-08-30,24.88280492116233
1338,2022-08-31,25.43135547121166
1339,2022-09-01,24.982848773508547
1340,2022-09-02,25.03554353203157
1341,2022-09-03,25.43118075827009
1342,2022-09-04,25.56579815995219
1343,2022-09-05,25.392585875383418
1344,2022-09-06,25.365925576257958
1345,2022-09-07,25.077581611491087
1346,2022-09-08,23.911580334157705
1347,2022-09-09,24.432773824317195
1348,2022-09-10,24.36314325874056
1349,2022-09-11,24.13351148855956
1350,2022-09-12,24.65656603512825
1351,2022-09-13,24.63312210306392
1352,2022-09-14,25.06494775883425
1353,2022-09-15,24.774629005746387
1354,2022-09-16,25.23508917587705
1355,2022-09-17,25.51058495277768
1356,2022-09-18,25.179525227990936
1357,2022-09-19,24.93102878406178
1358,2022-09-20,24.18210434894555
1359,2022-09-21,24.484458024067116
1360,2022-09-22,24.98928773046435
1361,2022-09-23,24.17319096881449
1362,2022-09-24,24.442404090274174
1363,2022-09-25,24.764831959038016
1364,2022-09-26,25.02471644308804
1365,2022-09-27,24.275988949988893
1366,2022-09-28,24.72065881076963
1367,2022-09-29,24.502030681373828
1368,2022-09-30,24.17438337298665
1369,2022-10-01,23.81094865341299
1370,2022-10-02,23.58861411465031
1371,2022-10-03,24.37231202599623
1372,2022-10-04,24.93026924029176
1373,2022-10-05,25.011864789958853
1374,2022-10-06,23.74036190808717
1375,2022-10-07,23.795713551669635
1376,2022-10-08,24.108801438909705
1377,2022-10-09,24.067989685855537
1378,2022-10-10,23.919385003230317
1379,2022-10-11,23.765611472499756
1380,2022-10-12,24.183928464866604
1381,2022-10-13,24.30053336328461
1382,2022-10-14,23.967200504601003
1383,2022-10-15,23.62308146260003
1384,2022-10-16,23.900199422708305
1385,2022-10-17,24.334472938994725
1386,2022-10-18,24.27561748120255
1387,2022-10-19,23.920414199638987
1388,2022-10-20,24.10210026934564
1389,2022-10-21,24.32680962133393
1390,2022-10-22,23.379212377910083
1391,2022-10-23,21.967824086359077
1392,2022-10-24,20.98902162009585
1393,2022-10-25,19.787172861406628
1394,2022-10-26,20.487908967757143
1395,2022-10-27,21.129618690736606
1396,2022-10-28,22.349843267153705
1397,2022-10-29,22.38421575343419
1398,2022-10-30,21.3231415207074
1399,2022-10-31,21.095640654555048
1400,2022-11-01,22.46432686894517
1401,2022-11-02,22.74409752435949
1402,2022-11-03,22.90438727082556
1403,2022-11-04,22.733006337827938
1404,2022-11-05,22.567685092299502
1405,2022-11-06,22.20581531956934
1406,2022-11-07,21.34538124641796
1407,2022-11-08,21.156991900950818
1408,2022-11-09,21.07844342204348
1409,2022-11-10,21.58287169062627
1410,2022-11-11,22.29049539240526
1411,2022-11-12,22.51167721255884
1412,2022-11-13,22.62042984981198
1413,2022-11-14,21.627483437863265
1414,2022-11-15,20.85556075280991
1415,2022-11-16,19.76375477803603
1416,2022-11-17,18.616223396334085
1417,2022-11-18,18.734720412578845
1418,2022-11-19,19.072151050228943
1419,2022-11-20,18.34036006846293
1420,2022-11-21,19.698308683765656
1421,2022-11-22,21.1848056506228
1422,2022-11-23,22.23471836615589
1423,2022-11-24,23.053095229820407
1424,2022-11-25,23.05460999801522
1425,2022-11-26,22.18488906718392
1426,2022-11-27,21.030370198407773
1427,2022-11-28,19.9542134833499
1428,2022-11-29,19.34918163294047
1429,2022-11-30,18.98843036626521
1430,2022-12-01,21.244434003742448
1431,2022-12-02,22.493844717964045
1432,2022-12-03,22.842892127081026
1433,2022-12-04,22.59852745706645
1434,2022-12-05,22.133365988560463
1435,2022-12-06,20.584851548115168
1436,2022-12-07,19.190994121367112
1437,2022-12-08,18.625357160192017
1438,2022-12-09,19.940112899698438
1439,2022-12-10,18.95900387180073
1440,2022-12-11,21.330752915976078
1441,2022-12-12,21.909225252639363
1442,2022-12-13,22.530904411752665
1443,2022-12-14,21.60529882805581
1444,2022-12-15,20.463722925595416
1445,2022-12-16,20.118767944201764
1446,2022-12-17,21.24649901546255
1447,2022-12-18,21.42256706682448
1448,2022-12-19,19.005736496507765
1449,2022-12-20,18.218861258463825
1450,2022-12-21,18.35791718112503
1451,2022-12-22,18.761713545921022
1452,2022-12-23,17.7248040684234
1453,2022-12-24,17.434575731091254
1454,2022-12-25,19.473609284677085
1455,2022-12-26,21.58451854412281
1456,2022-12-27,22.417171408665965
1457,2022-12-28,22.026647020482603
1458,2022-12-29,21.882817538969025
1459,2022-12-30,21.247814320464716
1460,2022-12-31,20.6440344066011
1461,2023-01-01,20.52989451649237
1462,2023-01-02,20.73291946194409
1463,2023-01-03,20.23275195367668
1464,2023-01-04,20.71013757414852
1465,2023-01-05,20.887234618379946
1466,2023-01-06,20.05213979529497
1467,2023-01-07,19.6578830936122
1468,2023-01-08,16.68274815619643
1469,2023-01-09,14.96077182281408
1470,2023-01-10,15.653420164321538
1471,2023-01-11,15.985584725606676
1472,2023-01-12,16.434486116885605
1473,2023-01-13,17.01090508595788
1474,2023-01-14,17.417813702612033
1475,2023-01-15,17.335543954851016
1476,2023-01-16,17.155137575695598
1477,2023-01-17,17.681996903676872
1478,2023-01-18,17.89880529434605
1479,2023-01-19,17.97066565968745
1480,2023-01-20,18.6988469032311
1481,2023-01-21,19.688969654008226
1482,2023-01-22,19.498489353117836
1483,2023-01-23,18.81542862864152
1484,2023-01-24,18.95183745786923
1485,2023-01-25,18.137210364298586
1486,2023-01-26,17.37472787432688
1487,2023-01-27,17.736141642458964
1488,2023-01-28,17.013454534286836
1489,2023-01-29,18.618477997750578
1490,2023-01-30,20.76293614050131
1491,2023-01-31,20.673984176551755
1492,2023-02-01,20.70716128657755
1493,2023-02-02,19.75420389394397
1494,2023-02-03,19.604932129751607
1495,2023-02-04,19.01685698083534
1496,2023-02-05,18.49592364806275
1497,2023-02-06,18.471449786389663
1498,2023-02-07,19.69504221686021
1499,2023-02-08,19.933512754666
1500,2023-02-09,19.82390037968671
1501,2023-02-10,19.65089370321916
1502,2023-02-11,19.51216121287834
1503,2023-02-12,20.220381785704276
1504,2023-02-13,19.279921888356323
1505,2023-02-14,18.934275239944014
1506,2023-02-15,18.51546712371153
1507,2023-02-16,18.966453934357716
1508,2023-02-17,19.54816359995393
1509,2023-02-18,20.079345415831355
1510,2023-02-19,21.036647866496672
1511,2023-02-20,20.340186166418466
1512,2023-02-21,20.472420566649703
1513,2023-02-22,20.364074613726597
1514,2023-02-23,20.254191313706976
1515,2023-02-24,19.98159001032128
1516,2023-02-25,20.01876361958997
1517,2023-02-26,19.95897439398038
1518,2023-02-27,19.3044792497336
1519,2023-02-28,19.19434765088945
1520,2023-03-01,20.107843684716705
1521,2023-03-02,19.58742735132427
1522,2023-03-03,18.77631184220001
1523,2023-03-04,19.499682767561048
1524,2023-03-05,19.384069505651688
1525,2023-03-06,19.45893667219138
1526,2023-03-07,19.55955688638263
1527,2023-03-08,20.84151150161193
1528,2023-03-09,20.320995724598347
1529,2023-03-10,21.191048212702253
1530,2023-03-11,21.208994423915517
1531,2023-03-12,20.4507618739384
1532,2023-03-13,19.87984387778533
1533,2023-03-14,20.33919187494894
1534,2023-03-15,21.75765008117039
1535,2023-03-16,23.6432608995528
1536,2023-03-17,22.082272966473088
1537,2023-03-18,21.72378201532197
1538,2023-03-19,20.891384974142337
1539,2023-03-20,21.19991023760725
1540,2023-03-21,22.29098680154119
1541,2023-03-22,23.639767746326488
1542,2023-03-23,24.103587696813797
1543,2023-03-24,23.97818408220394
1544,2023-03-25,24.94383607267173
1545,2023-03-26,24.803497623150896
1546,2023-03-27,24.88768032220059
1547,2023-03-28,24.77829161119055
1548,2023-03-29,25.28556373809205
1549,2023-03-30,24.724256127140325
1550,2023-03-31,24.649484199737827
1551,2023-04-01,25.409255114333835
1552,2023-04-02,25.13760943066963
1553,2023-04-03,25.094011854171235
1554,2023-04-04,25.940205523290047
1555,2023-04-05,25.309857741394783
1556,2023-04-06,25.44196920079376
1557,2023-04-07,24.780803205873504
1558,2023-04-08,24.24636640108485
1559,2023-04-09,23.7999668305626
1560,2023-04-10,23.750983107213216
1561,2023-04-11,23.42751078943562
1562,2023-04-12,23.77016266020119
1563,2023-04-13,24.648098182494813
1564,2023-04-14,25.044150834591477
1565,2023-04-15,24.957299133373635
1566,2023-04-16,25.438400225589632
1567,2023-04-17,25.29429695894825
1568,2023-04-18,24.49761924329313
1569,2023-04-19,24.767529233167508
1570,2023-04-20,25.42613570577719
1571,2023-04-21,26.20190466536929
1572,2023-04-22,25.67663052648608
1573,2023-04-23,25.58441369949568
1574,2023-04-24,24.82463225972469
1575,2023-04-25,26.24689293199151
1576,2023-04-26,25.38081516007059
1577,2023-04-27,25.719960112600173
1578,2023-04-28,25.527634766302807
1579,2023-04-29,25.643201995655662
1580,2023-04-30,24.77939776334036
1581,2023-05-01,23.2693688257846
1582,2023-05-02,23.171824414711686
1583,2023-05-03,24.829902309767853
1584,2023-05-04,24.867198187759328
1585,2023-05-05,25.92819330694418
1586,2023-05-06,25.42281727226574
1587,2023-05-07,25.707889756293163
1588,2023-05-08,25.91650763102346
1589,2023-05-09,26.63390305574398
1590,2023-05-10,26.819467909230024
1591,2023-05-11,27.27357628123135
1592,2023-05-12,26.84281112493871
1593,2023-05-13,27.39860640824137
1594,2023-05-14,27.568078818107686
1595,2023-05-15,27.76680235604923
1596,2023-05-16,28.11338634394366
1597,2023-05-17,28.173202358610883
1598,2023-05-18,27.80467728630041
1599,2023-05-19,27.86041481477066
1600,2023-05-20,26.716615273687356
1601,2023-05-21,25.834656991519694
1602,2023-05-22,26.59719869150309
