,Time,Temperature,Dew Point,Humidity,Wind Speed,Pressure,Precipitation
0,2015-01-01,28 ,21 ,74,8 ,29.83 ,0.1 
1,2015-01-02,28 ,22 ,78,10 ,29.88 ,0.4 
2,2015-01-03,27 ,22 ,80,10 ,29.94 ,1.1 
3,2015-01-04,27 ,21 ,76,5 ,29.94 ,0.4 
4,2015-01-05,27 ,17 ,62,7 ,29.91 ,0.0 
5,2015-01-06,25 ,17 ,60,7 ,29.94 ,0.0 
6,2015-01-07,25 ,15 ,61,5 ,29.91 ,0.0 
7,2015-01-08,25 ,17 ,67,4 ,29.94 ,0.1 
8,2015-01-09,23 ,8 ,43,7 ,30.0 ,0.0 
9,2015-01-10,23 ,12 ,51,6 ,30.0 ,0.0 
10,2015-01-11,24 ,14 ,57,6 ,30.0 ,0.0 
11,2015-01-12,23 ,16 ,64,5 ,29.97 ,0.0 
12,2015-01-13,24 ,16 ,64,6 ,29.94 ,0.0 
13,2015-01-14,25 ,18 ,71,7 ,29.94 ,0.0 
14,2015-01-15,25 ,17 ,70,8 ,29.97 ,0.0 
15,2015-01-16,26 ,16 ,64,5 ,29.97 ,0.0 
16,2015-01-17,25 ,14 ,58,5 ,29.97 ,0.0 
17,2015-01-18,25 ,15 ,62,6 ,29.97 ,0.0 
18,2015-01-19,26 ,16 ,65,7 ,29.97 ,0.0 
19,2015-01-20,25 ,17 ,66,9 ,30.03 ,0.0 
20,2015-01-21,25 ,15 ,64,11 ,30.09 ,0.0 
21,2015-01-22,25 ,18 ,69,8 ,30.06 ,0.0 
22,2015-01-23,26 ,18 ,70,8 ,30.0 ,0.0 
23,2015-01-24,26 ,16 ,68,9 ,30.0 ,0.0 
24,2015-01-25,26 ,17 ,69,9 ,30.03 ,0.0 
25,2015-01-26,26 ,18 ,70,9 ,30.0 ,0.0 
26,2015-01-27,26 ,18 ,69,9 ,29.97 ,0.0 
27,2015-01-28,26 ,18 ,72,9 ,29.94 ,0.0 
28,2015-01-29,26 ,19 ,75,8 ,29.94 ,0.1 
29,2015-01-30,27 ,19 ,72,7 ,30.0 ,0.0 
30,2015-01-31,26 ,19 ,74,8 ,30.0 ,0.0 
31,2015-02-01,26 ,19 ,75,7 ,30.0 ,0.1 
32,2015-02-02,26 ,19 ,76,9 ,30.03 ,0.2 
33,2015-02-03,26 ,16 ,66,9 ,30.09 ,0.0 
34,2015-02-04,27 ,15 ,62,9 ,30.06 ,0.0 
35,2015-02-05,27 ,14 ,61,9 ,30.0 ,0.0 
36,2015-02-06,27 ,15 ,64,9 ,30.0 ,0.0 
37,2015-02-07,27 ,17 ,68,8 ,29.97 ,0.0 
38,2015-02-08,27 ,17 ,68,10 ,29.97 ,0.0 
39,2015-02-09,27 ,17 ,67,11 ,29.97 ,0.0 
40,2015-02-10,26 ,17 ,70,10 ,30.0 ,0.0 
41,2015-02-11,27 ,18 ,70,9 ,29.97 ,0.0 
42,2015-02-12,28 ,19 ,68,6 ,29.94 ,0.0 
43,2015-02-13,28 ,19 ,67,7 ,29.91 ,0.0 
44,2015-02-14,29 ,18 ,65,7 ,29.88 ,0.0 
45,2015-02-15,29 ,19 ,65,8 ,29.88 ,0.0 
46,2015-02-16,28 ,20 ,71,8 ,29.91 ,0.0 
47,2015-02-17,28 ,19 ,68,8 ,29.91 ,0.0 
48,2015-02-18,29 ,18 ,64,13 ,29.88 ,0.0 
49,2015-02-19,28 ,18 ,66,10 ,29.88 ,0.0 
50,2015-02-20,29 ,19 ,67,10 ,29.91 ,0.0 
51,2015-02-21,29 ,17 ,60,6 ,29.91 ,0.0 
52,2015-02-22,30 ,17 ,57,6 ,29.94 ,0.0 
53,2015-02-23,29 ,16 ,54,8 ,29.94 ,0.0 
54,2015-02-24,29 ,17 ,58,10 ,29.91 ,0.0 
55,2015-02-25,29 ,17 ,56,9 ,29.85 ,0.0 
56,2015-02-26,28 ,17 ,61,11 ,29.83 ,0.0 
57,2015-02-27,29 ,19 ,65,10 ,29.83 ,0.0 
58,2015-02-28,28 ,19 ,71,13 ,29.85 ,0.0 
59,2015-03-01,28 ,20 ,71,12 ,29.85 ,0.3 
60,2015-03-02,28 ,22 ,74,10 ,29.91 ,4.0 
61,2015-03-03,30 ,21 ,69,8 ,29.85 ,2.7 
62,2015-03-04,30 ,21 ,66,8 ,29.85 ,0.8 
63,2015-03-05,31 ,22 ,69,8 ,29.88 ,1.0 
64,2015-03-06,30 ,22 ,70,8 ,29.94 ,0.9 
65,2015-03-07,30 ,22 ,70,9 ,29.91 ,0.8 
66,2015-03-08,30 ,21 ,69,11 ,29.94 ,0.0 
67,2015-03-09,30 ,22 ,70,6 ,29.97 ,0.3 
68,2015-03-10,26 ,20 ,76,7 ,29.91 ,1.6 
69,2015-03-11,31 ,19 ,61,11 ,29.88 ,0.0 
70,2015-03-12,31 ,19 ,62,11 ,29.88 ,0.0 
71,2015-03-13,32 ,20 ,61,10 ,29.85 ,0.1 
72,2015-03-14,31 ,20 ,63,10 ,29.85 ,1.0 
73,2015-03-15,31 ,20 ,61,11 ,29.85 ,0.1 
74,2015-03-16,32 ,20 ,61,10 ,29.85 ,0.1 
75,2015-03-17,31 ,20 ,60,11 ,29.85 ,0.2 
76,2015-03-18,32 ,20 ,59,11 ,29.85 ,0.0 
77,2015-03-19,28 ,19 ,61,13 ,29.85 ,0.0 
78,2015-03-20,32 ,19 ,59,9 ,29.91 ,0.0 
79,2015-03-21,33 ,18 ,49,9 ,29.91 ,0.0 
80,2015-03-22,34 ,18 ,48,8 ,29.88 ,0.0 
81,2015-03-23,34 ,18 ,49,8 ,29.83 ,0.0 
82,2015-03-24,34 ,20 ,55,11 ,29.8 ,0.0 
83,2015-03-25,32 ,22 ,67,12 ,29.85 ,0.0 
84,2015-03-26,32 ,22 ,68,12 ,29.91 ,0.0 
85,2015-03-27,32 ,21 ,63,11 ,29.91 ,0.0 
86,2015-03-28,32 ,21 ,63,12 ,29.88 ,0.0 
87,2015-03-29,32 ,21 ,65,13 ,29.83 ,0.0 
88,2015-03-30,32 ,22 ,67,13 ,29.85 ,0.0 
89,2015-03-31,32 ,22 ,65,11 ,29.85 ,0.1 
90,2015-04-01,32 ,22 ,63,14 ,29.83 ,0.0 
91,2015-04-02,34 ,21 ,58,14 ,29.77 ,0.0 
92,2015-04-03,35 ,21 ,57,11 ,29.71 ,0.0 
93,2015-04-04,36 ,20 ,52,12 ,29.65 ,0.0 
94,2015-04-05,35 ,21 ,58,13 ,29.71 ,0.0 
95,2015-04-06,33 ,22 ,62,15 ,29.74 ,0.0 
96,2015-04-07,33 ,22 ,64,15 ,29.77 ,0.0 
97,2015-04-08,32 ,22 ,68,15 ,29.83 ,0.0 
98,2015-04-09,32 ,23 ,71,14 ,29.85 ,0.0 
99,2015-04-10,33 ,21 ,64,13 ,29.83 ,0.0 
100,2015-04-11,33 ,21 ,61,9 ,29.85 ,0.0 
101,2015-04-12,32 ,20 ,60,8 ,29.91 ,0.0 
102,2015-04-13,34 ,22 ,60,12 ,29.77 ,0.0 
103,2015-04-14,34 ,22 ,61,13 ,29.77 ,0.0 
104,2015-04-15,34 ,22 ,59,12 ,29.77 ,0.0 
105,2015-04-16,33 ,21 ,57,10 ,29.88 ,10.2 
106,2015-04-17,34 ,21 ,54,5 ,29.83 ,1.6 
107,2015-04-18,36 ,21 ,52,9 ,29.77 ,0.0 
108,2015-04-19,34 ,22 ,57,13 ,29.77 ,0.0 
109,2015-04-20,33 ,23 ,63,13 ,29.83 ,0.0 
110,2015-04-21,33 ,23 ,63,14 ,29.83 ,0.0 
111,2015-04-22,36 ,22 ,54,13 ,29.77 ,0.0 
112,2015-04-23,36 ,23 ,58,11 ,29.77 ,0.0 
113,2015-04-24,34 ,20 ,51,10 ,29.8 ,4.5 
114,2015-04-25,34 ,20 ,51,14 ,29.8 ,0.3 
115,2015-04-26,33 ,22 ,61,15 ,29.83 ,0.1 
116,2015-04-27,34 ,22 ,62,14 ,29.83 ,0.0 
117,2015-04-28,35 ,22 ,56,13 ,29.74 ,0.0 
118,2015-04-29,35 ,23 ,58,17 ,29.77 ,0.0 
119,2015-04-30,37 ,21 ,50,14 ,29.77 ,0.0 
120,2015-05-01,37 ,22 ,52,11 ,29.74 ,0.1 
121,2015-05-02,36 ,23 ,57,15 ,29.74 ,0.0 
122,2015-05-03,36 ,23 ,58,12 ,29.77 ,3.3 
123,2015-05-04,34 ,24 ,62,14 ,29.8 ,0.0 
124,2015-05-05,34 ,22 ,61,11 ,29.77 ,0.0 
125,2015-05-06,34 ,22 ,59,13 ,29.74 ,0.0 
126,2015-05-07,35 ,22 ,57,12 ,29.77 ,0.0 
127,2015-05-08,37 ,22 ,51,11 ,29.71 ,0.0 
128,2015-05-09,35 ,22 ,56,14 ,29.68 ,0.0 
129,2015-05-10,35 ,23 ,59,11 ,29.71 ,0.0 
130,2015-05-11,35 ,23 ,57,14 ,29.74 ,0.4 
131,2015-05-12,36 ,23 ,57,12 ,29.74 ,0.0 
132,2015-05-13,34 ,22 ,55,13 ,29.74 ,0.0 
133,2015-05-14,34 ,22 ,56,12 ,29.77 ,0.0 
134,2015-05-15,35 ,23 ,58,11 ,29.77 ,1.0 
135,2015-05-16,35 ,23 ,57,9 ,29.71 ,1.5 
136,2015-05-17,34 ,23 ,58,8 ,29.68 ,9.0 
137,2015-05-18,36 ,22 ,52,9 ,29.65 ,0.0 
138,2015-05-19,39 ,22 ,46,13 ,29.62 ,0.0 
139,2015-05-20,42 ,18 ,32,15 ,29.59 ,0.0 
140,2015-05-21,43 ,19 ,32,11 ,29.59 ,0.0 
141,2015-05-22,43 ,16 ,27,17 ,29.59 ,0.0 
142,2015-05-23,42 ,15 ,25,18 ,29.59 ,0.0 
143,2015-05-24,42 ,14 ,23,21 ,29.62 ,0.1 
144,2015-05-25,41 ,14 ,23,20 ,29.62 ,0.0 
145,2015-05-26,42 ,13 ,20,16 ,29.59 ,0.2 
146,2015-05-27,43 ,15 ,26,17 ,29.59 ,0.1 
147,2015-05-28,42 ,17 ,29,15 ,29.59 ,0.5 
148,2015-05-29,41 ,20 ,38,10 ,29.62 ,0.0 
149,2015-05-30,39 ,20 ,44,15 ,29.62 ,0.0 
150,2015-05-31,37 ,22 ,52,16 ,29.62 ,0.0 
151,2015-06-01,36 ,23 ,55,12 ,29.62 ,0.8 
152,2015-06-02,36 ,22 ,49,9 ,29.65 ,0.3 
153,2015-06-03,37 ,21 ,47,11 ,29.65 ,0.0 
154,2015-06-04,37 ,22 ,49,15 ,29.68 ,0.2 
155,2015-06-05,36 ,23 ,52,11 ,29.68 ,0.6 
156,2015-06-06,33 ,24 ,62,10 ,29.68 ,0.8 
157,2015-06-07,31 ,24 ,67,9 ,29.68 ,3.0 
158,2015-06-08,31 ,24 ,71,10 ,29.71 ,15.7 
159,2015-06-09,32 ,21 ,55,9 ,29.71 ,0.0 
160,2015-06-10,37 ,20 ,46,12 ,29.65 ,0.0 
161,2015-06-11,38 ,21 ,41,10 ,29.62 ,0.0 
162,2015-06-12,35 ,22 ,50,11 ,29.65 ,7.0 
163,2015-06-13,34 ,22 ,55,10 ,29.65 ,3.0 
164,2015-06-14,33 ,22 ,55,12 ,29.62 ,2.6 
165,2015-06-15,32 ,22 ,59,19 ,29.62 ,0.7 
166,2015-06-16,30 ,23 ,71,19 ,29.59 ,2.2 
167,2015-06-17,26 ,24 ,87,16 ,29.56 ,59.1 
168,2015-06-18,27 ,22 ,79,19 ,29.56 ,8.6 
169,2015-06-19,27 ,23 ,80,19 ,29.56 ,5.9 
170,2015-06-20,26 ,24 ,89,18 ,29.56 ,20.0 
171,2015-06-21,27 ,24 ,84,18 ,29.56 ,11.4 
172,2015-06-22,31 ,22 ,67,17 ,29.59 ,0.4 
173,2015-06-23,33 ,22 ,60,16 ,29.62 ,0.0 
174,2015-06-24,34 ,21 ,55,21 ,29.65 ,0.0 
175,2015-06-25,34 ,21 ,53,18 ,29.65 ,0.0 
176,2015-06-26,33 ,21 ,53,19 ,29.62 ,0.0 
177,2015-06-27,34 ,21 ,52,20 ,29.62 ,0.7 
178,2015-06-28,35 ,21 ,51,15 ,29.68 ,0.7 
179,2015-06-29,34 ,22 ,54,12 ,29.74 ,2.8 
180,2015-06-30,35 ,21 ,49,13 ,29.71 ,0.0 
181,2015-07-01,35 ,20 ,46,14 ,29.74 ,0.0 
182,2015-07-02,34 ,21 ,51,16 ,29.74 ,2.5 
183,2015-07-03,35 ,22 ,52,11 ,29.71 ,6.3 
184,2015-07-04,36 ,20 ,44,17 ,29.68 ,0.0 
185,2015-07-05,37 ,18 ,39,18 ,29.62 ,0.0 
186,2015-07-06,36 ,18 ,38,23 ,29.62 ,0.0 
187,2015-07-07,35 ,18 ,39,21 ,29.62 ,0.0 
188,2015-07-08,36 ,19 ,43,19 ,29.62 ,0.4 
189,2015-07-09,36 ,19 ,42,23 ,29.62 ,0.0 
190,2015-07-10,36 ,20 ,45,21 ,29.59 ,2.2 
191,2015-07-11,35 ,20 ,45,19 ,29.62 ,0.1 
192,2015-07-12,35 ,20 ,45,11 ,29.65 ,0.0 
193,2015-07-13,37 ,20 ,43,11 ,29.62 ,0.0 
194,2015-07-14,36 ,22 ,50,9 ,29.59 ,4.7 
195,2015-07-15,34 ,23 ,56,13 ,29.56 ,6.8 
196,2015-07-16,34 ,22 ,54,14 ,29.53 ,0.2 
197,2015-07-17,35 ,20 ,47,19 ,29.56 ,0.0 
198,2015-07-18,35 ,20 ,47,19 ,29.59 ,0.3 
199,2015-07-19,34 ,20 ,47,20 ,29.59 ,0.2 
200,2015-07-20,34 ,20 ,47,18 ,29.59 ,0.1 
201,2015-07-21,35 ,20 ,47,15 ,29.59 ,0.0 
202,2015-07-22,33 ,22 ,55,13 ,29.65 ,2.6 
203,2015-07-23,33 ,22 ,60,12 ,29.68 ,2.1 
204,2015-07-24,34 ,22 ,57,13 ,29.71 ,5.9 
205,2015-07-25,34 ,21 ,52,13 ,29.68 ,0.5 
206,2015-07-26,34 ,20 ,49,14 ,29.71 ,0.1 
207,2015-07-27,35 ,20 ,47,16 ,29.71 ,0.0 
208,2015-07-28,35 ,19 ,43,17 ,29.74 ,0.0 
209,2015-07-29,35 ,17 ,38,18 ,29.71 ,0.0 
210,2015-07-30,35 ,19 ,41,17 ,29.71 ,0.0 
211,2015-07-31,34 ,19 ,46,14 ,29.71 ,2.1 
212,2015-08-01,34 ,20 ,48,13 ,29.74 ,0.0 
213,2015-08-02,34 ,20 ,46,11 ,29.71 ,2.3 
214,2015-08-03,34 ,20 ,48,12 ,29.68 ,0.0 
215,2015-08-04,34 ,20 ,49,16 ,29.65 ,0.8 
216,2015-08-05,33 ,20 ,49,16 ,29.65 ,2.3 
217,2015-08-06,34 ,20 ,49,14 ,29.65 ,0.0 
218,2015-08-07,34 ,20 ,51,11 ,29.62 ,1.6 
219,2015-08-08,33 ,22 ,56,15 ,29.62 ,2.9 
220,2015-08-09,33 ,22 ,58,14 ,29.59 ,4.9 
221,2015-08-10,33 ,23 ,61,14 ,29.56 ,3.9 
222,2015-08-11,32 ,24 ,68,16 ,29.62 ,12.4 
223,2015-08-12,29 ,24 ,75,14 ,29.68 ,4.9 
224,2015-08-13,30 ,22 ,69,15 ,29.65 ,2.0 
225,2015-08-14,33 ,23 ,63,10 ,29.68 ,4.3 
226,2015-08-15,33 ,24 ,64,8 ,29.71 ,4.6 
227,2015-08-16,32 ,24 ,65,10 ,29.74 ,1.1 
228,2015-08-17,32 ,23 ,63,9 ,29.74 ,3.1 
229,2015-08-18,32 ,24 ,67,12 ,29.77 ,0.0 
230,2015-08-19,32 ,24 ,67,12 ,29.8 ,0.0 
231,2015-08-20,34 ,24 ,63,4 ,29.77 ,3.1 
232,2015-08-21,30 ,23 ,71,12 ,29.77 ,14.2 
233,2015-08-22,30 ,24 ,73,11 ,29.71 ,2.5 
234,2015-08-23,32 ,22 ,62,11 ,29.71 ,0.3 
235,2015-08-24,32 ,22 ,58,13 ,29.71 ,0.0 
236,2015-08-25,33 ,21 ,56,12 ,29.71 ,1.7 
237,2015-08-26,32 ,22 ,61,10 ,29.65 ,1.9 
238,2015-08-27,31 ,23 ,67,10 ,29.65 ,2.0 
239,2015-08-28,30 ,23 ,73,13 ,29.68 ,7.2 
240,2015-08-29,31 ,23 ,68,11 ,29.68 ,6.7 
241,2015-08-30,32 ,24 ,68,11 ,29.71 ,5.6 
242,2015-08-31,33 ,23 ,63,11 ,29.74 ,3.3 
243,2015-09-01,30 ,24 ,74,10 ,29.68 ,3.2 
244,2015-09-02,33 ,22 ,56,7 ,29.71 ,0.0 
245,2015-09-03,33 ,23 ,60,8 ,29.77 ,0.0 
246,2015-09-04,33 ,23 ,62,9 ,29.83 ,0.0 
247,2015-09-05,31 ,23 ,68,11 ,29.71 ,1.1 
248,2015-09-06,30 ,23 ,69,11 ,29.68 ,1.4 
249,2015-09-07,31 ,23 ,68,8 ,29.8 ,5.4 
250,2015-09-08,32 ,23 ,63,7 ,29.8 ,1.7 
251,2015-09-09,32 ,23 ,65,7 ,29.77 ,1.3 
252,2015-09-10,31 ,23 ,66,8 ,29.77 ,10.5 
253,2015-09-11,32 ,23 ,65,7 ,29.74 ,0.5 
254,2015-09-12,30 ,22 ,67,12 ,29.74 ,0.3 
255,2015-09-13,28 ,23 ,73,8 ,29.77 ,0.0 
256,2015-09-14,29 ,24 ,79,12 ,29.71 ,2.9 
257,2015-09-15,28 ,24 ,81,13 ,29.65 ,2.4 
258,2015-09-16,31 ,23 ,70,16 ,29.65 ,0.2 
259,2015-09-17,30 ,23 ,70,10 ,29.68 ,1.8 
260,2015-09-18,31 ,23 ,70,10 ,29.68 ,1.5 
261,2015-09-19,31 ,23 ,69,9 ,29.68 ,1.9 
262,2015-09-20,30 ,24 ,73,9 ,29.68 ,2.4 
263,2015-09-21,32 ,24 ,69,6 ,29.71 ,0.0 
264,2015-09-22,32 ,22 ,60,6 ,29.74 ,0.0 
265,2015-09-23,33 ,23 ,64,6 ,29.8 ,0.0 
266,2015-09-24,33 ,23 ,63,7 ,29.77 ,0.1 
267,2015-09-25,33 ,24 ,66,6 ,29.74 ,1.5 
268,2015-09-26,33 ,23 ,65,8 ,29.74 ,2.5 
269,2015-09-27,32 ,21 ,57,10 ,29.74 ,0.0 
270,2015-09-28,31 ,22 ,62,8 ,29.74 ,0.1 
271,2015-09-29,31 ,23 ,70,8 ,29.77 ,1.0 
272,2015-09-30,30 ,23 ,74,7 ,29.83 ,0.7 
273,2015-10-01,30 ,23 ,72,9 ,29.85 ,0.1 
274,2015-10-02,30 ,24 ,77,5 ,29.85 ,2.5 
275,2015-10-03,32 ,23 ,68,5 ,29.83 ,3.7 
276,2015-10-04,32 ,24 ,71,7 ,29.83 ,3.6 
277,2015-10-05,31 ,24 ,73,5 ,29.8 ,9.3 
278,2015-10-06,31 ,23 ,67,5 ,29.77 ,0.8 
279,2015-10-07,31 ,22 ,61,5 ,29.77 ,0.0 
280,2015-10-08,31 ,21 ,56,5 ,29.77 ,0.0 
281,2015-10-09,32 ,22 ,63,7 ,29.77 ,0.0 
282,2015-10-10,33 ,21 ,57,6 ,29.77 ,1.2 
283,2015-10-11,33 ,22 ,60,5 ,29.83 ,0.0 
284,2015-10-12,32 ,21 ,57,5 ,29.85 ,0.0 
285,2015-10-13,32 ,20 ,54,5 ,29.85 ,0.0 
286,2015-10-14,32 ,20 ,56,5 ,29.88 ,0.0 
287,2015-10-15,32 ,23 ,68,6 ,29.85 ,0.6 
288,2015-10-16,30 ,23 ,74,5 ,29.88 ,3.0 
289,2015-10-17,30 ,23 ,74,6 ,29.91 ,0.3 
290,2015-10-18,30 ,23 ,74,6 ,29.91 ,3.5 
291,2015-10-19,30 ,23 ,73,5 ,29.91 ,0.2 
292,2015-10-20,31 ,23 ,71,5 ,29.85 ,0.1 
293,2015-10-21,31 ,22 ,70,5 ,29.85 ,0.1 
294,2015-10-22,31 ,21 ,67,5 ,29.85 ,0.0 
295,2015-10-23,31 ,22 ,61,6 ,29.85 ,0.0 
296,2015-10-24,29 ,22 ,66,8 ,29.83 ,1.3 
297,2015-10-25,29 ,21 ,70,9 ,29.88 ,0.1 
298,2015-10-26,29 ,20 ,67,9 ,29.91 ,0.0 
299,2015-10-27,28 ,20 ,64,8 ,29.91 ,0.0 
300,2015-10-28,29 ,22 ,75,8 ,29.88 ,0.1 
301,2015-10-29,29 ,23 ,79,8 ,29.88 ,2.7 
302,2015-10-30,29 ,22 ,75,9 ,29.83 ,1.8 
303,2015-10-31,29 ,21 ,73,11 ,29.83 ,0.0 
304,2015-11-01,28 ,21 ,73,7 ,29.85 ,0.0 
305,2015-11-02,26 ,23 ,88,5 ,29.91 ,6.3 
306,2015-11-03,28 ,22 ,78,7 ,29.88 ,0.3 
307,2015-11-04,28 ,22 ,79,7 ,29.88 ,1.2 
308,2015-11-05,29 ,22 ,76,7 ,29.88 ,0.8 
309,2015-11-06,29 ,21 ,72,8 ,29.85 ,0.0 
310,2015-11-07,29 ,20 ,69,10 ,29.88 ,0.0 
311,2015-11-08,29 ,20 ,66,13 ,29.88 ,0.0 
312,2015-11-09,23 ,20 ,84,16 ,29.85 ,7.8 
313,2015-11-10,22 ,20 ,93,16 ,29.83 ,15.1 
314,2015-11-11,27 ,20 ,73,11 ,29.85 ,0.0 
315,2015-11-12,28 ,19 ,68,10 ,29.91 ,0.0 
316,2015-11-13,27 ,20 ,66,7 ,29.94 ,0.0 
317,2015-11-14,27 ,20 ,67,6 ,29.88 ,0.0 
318,2015-11-15,28 ,19 ,68,9 ,29.85 ,0.0 
319,2015-11-16,22 ,20 ,90,12 ,29.85 ,14.4 
320,2015-11-17,21 ,20 ,94,15 ,29.83 ,6.8 
321,2015-11-18,26 ,21 ,83,11 ,29.85 ,0.1 
322,2015-11-19,26 ,22 ,86,14 ,29.88 ,1.8 
323,2015-11-20,26 ,22 ,85,11 ,29.91 ,2.3 
324,2015-11-21,27 ,21 ,76,10 ,29.91 ,0.2 
325,2015-11-22,28 ,22 ,78,9 ,29.91 ,0.0 
326,2015-11-23,27 ,22 ,80,8 ,29.91 ,0.0 
327,2015-11-24,27 ,21 ,78,6 ,29.91 ,0.0 
328,2015-11-25,27 ,21 ,79,5 ,29.91 ,0.1 
329,2015-11-26,27 ,22 ,76,5 ,29.91 ,0.0 
330,2015-11-27,27 ,22 ,75,5 ,29.88 ,0.0 
331,2015-11-28,27 ,21 ,74,7 ,29.94 ,0.0 
332,2015-11-29,27 ,21 ,77,11 ,29.97 ,0.0 
333,2015-11-30,24 ,23 ,91,5 ,29.97 ,3.8 
334,2015-12-01,25 ,22 ,87,6 ,29.91 ,1.7 
335,2015-12-02,24 ,22 ,92,6 ,29.94 ,1.3 
336,2015-12-03,28 ,19 ,66,8 ,29.91 ,0.0 
337,2015-12-04,28 ,20 ,64,8 ,29.91 ,0.0 
338,2015-12-05,27 ,21 ,73,9 ,29.94 ,0.0 
339,2015-12-06,27 ,21 ,73,9 ,29.94 ,0.0 
340,2015-12-07,27 ,20 ,69,8 ,29.94 ,0.0 
341,2015-12-08,26 ,21 ,73,6 ,29.97 ,0.0 
342,2015-12-09,26 ,20 ,75,8 ,29.97 ,0.0 
343,2015-12-10,26 ,19 ,72,7 ,29.94 ,0.0 
344,2015-12-11,27 ,22 ,76,6 ,29.88 ,0.0 
345,2015-12-12,28 ,22 ,79,9 ,29.85 ,0.0 
346,2015-12-13,27 ,21 ,72,8 ,29.88 ,0.0 
347,2015-12-14,27 ,20 ,68,7 ,29.91 ,0.0 
348,2015-12-15,26 ,20 ,71,7 ,29.91 ,0.0 
349,2015-12-16,27 ,21 ,74,7 ,29.94 ,0.0 
350,2015-12-17,27 ,21 ,75,8 ,29.91 ,0.0 
351,2015-12-18,25 ,18 ,69,9 ,29.97 ,0.0 
352,2015-12-19,25 ,19 ,71,8 ,29.97 ,0.0 
353,2015-12-20,25 ,18 ,70,8 ,29.97 ,0.0 
354,2015-12-21,27 ,20 ,72,9 ,29.97 ,0.0 
355,2015-12-22,28 ,20 ,73,10 ,30.0 ,0.0 
356,2015-12-23,27 ,21 ,75,7 ,30.0 ,0.0 
357,2015-12-24,28 ,20 ,71,6 ,29.97 ,0.0 
358,2015-12-25,27 ,18 ,67,9 ,30.0 ,0.2 
359,2015-12-26,24 ,14 ,57,9 ,30.03 ,0.0 
360,2015-12-27,25 ,19 ,72,8 ,30.06 ,0.0 
361,2015-12-28,26 ,17 ,60,7 ,30.06 ,0.0 
362,2015-12-29,25 ,18 ,71,10 ,29.91 ,0.0 
363,2015-12-30,27 ,19 ,69,5 ,30.0 ,0.0 
364,2015-12-31,27 ,20 ,71,7 ,30.03 ,0.0 
365,2016-01-01,27 ,19 ,71,8 ,30.06 ,0.0 
366,2016-01-02,27 ,19 ,70,7 ,30.06 ,0.0 
367,2016-01-03,27 ,20 ,69,5 ,30.0 ,0.0 
368,2016-01-04,26 ,19 ,72,8 ,29.94 ,0.1 
369,2016-01-05,27 ,19 ,69,7 ,29.97 ,0.0 
370,2016-01-06,27 ,20 ,70,6 ,30.0 ,0.0 
371,2016-01-07,26 ,19 ,69,7 ,30.03 ,0.0 
372,2016-01-08,26 ,18 ,66,6 ,30.03 ,0.0 
373,2016-01-09,27 ,17 ,61,6 ,29.97 ,0.0 
374,2016-01-10,26 ,16 ,60,8 ,30.0 ,0.0 
375,2016-01-11,27 ,16 ,58,6 ,30.0 ,0.0 
376,2016-01-12,27 ,16 ,57,6 ,29.94 ,0.0 
377,2016-01-13,26 ,16 ,61,7 ,29.91 ,0.0 
378,2016-01-14,26 ,17 ,64,7 ,29.94 ,0.0 
379,2016-01-15,26 ,17 ,63,7 ,29.91 ,0.0 
380,2016-01-16,26 ,16 ,63,7 ,29.91 ,0.0 
381,2016-01-17,26 ,17 ,65,8 ,29.88 ,0.0 
382,2016-01-18,26 ,18 ,69,9 ,29.88 ,0.0 
383,2016-01-19,27 ,19 ,72,9 ,29.88 ,0.3 
384,2016-01-20,23 ,21 ,85,4 ,29.91 ,0.2 
385,2016-01-21,26 ,20 ,78,7 ,29.94 ,1.3 
386,2016-01-22,25 ,19 ,78,10 ,29.97 ,1.5 
387,2016-01-23,26 ,18 ,72,9 ,30.0 ,0.0 
388,2016-01-24,26 ,19 ,74,8 ,30.0 ,0.1 
389,2016-01-25,26 ,19 ,74,9 ,29.97 ,0.1 
390,2016-01-26,27 ,19 ,72,8 ,29.94 ,0.1 
391,2016-01-27,27 ,20 ,71,9 ,29.94 ,0.0 
392,2016-01-28,28 ,20 ,68,9 ,29.94 ,0.0 
393,2016-01-29,28 ,20 ,67,6 ,29.97 ,0.0 
394,2016-01-30,29 ,22 ,68,4 ,29.97 ,0.0 
395,2016-01-31,30 ,20 ,62,6 ,29.94 ,0.0 
396,2016-02-01,29 ,18 ,58,6 ,29.94 ,0.0 
397,2016-02-02,29 ,20 ,64,8 ,29.94 ,0.0 
398,2016-02-03,28 ,20 ,67,8 ,29.91 ,0.0 
399,2016-02-04,29 ,20 ,65,8 ,29.94 ,0.0 
400,2016-02-05,28 ,20 ,70,8 ,29.91 ,0.0 
401,2016-02-06,28 ,20 ,68,10 ,29.88 ,0.0 
402,2016-02-07,28 ,20 ,69,8 ,29.94 ,0.0 
403,2016-02-08,29 ,20 ,70,10 ,29.91 ,0.0 
404,2016-02-09,29 ,20 ,67,9 ,29.91 ,0.0 
405,2016-02-10,29 ,20 ,66,9 ,29.88 ,0.0 
406,2016-02-11,29 ,19 ,63,13 ,29.85 ,0.0 
407,2016-02-12,29 ,19 ,65,11 ,29.88 ,0.0 
408,2016-02-13,29 ,19 ,68,11 ,29.88 ,0.0 
409,2016-02-14,29 ,20 ,69,10 ,29.91 ,0.0 
410,2016-02-15,29 ,20 ,68,10 ,29.94 ,0.0 
411,2016-02-16,29 ,18 ,66,10 ,29.97 ,0.0 
412,2016-02-17,28 ,18 ,68,11 ,29.97 ,0.0 
413,2016-02-18,29 ,17 ,66,9 ,29.97 ,0.0 
414,2016-02-19,29 ,18 ,63,8 ,29.97 ,0.0 
415,2016-02-20,31 ,20 ,62,7 ,29.94 ,0.0 
416,2016-02-21,31 ,20 ,65,10 ,29.91 ,0.0 
417,2016-02-22,31 ,20 ,68,13 ,29.91 ,0.0 
418,2016-02-23,30 ,20 ,69,14 ,29.91 ,0.0 
419,2016-02-24,29 ,20 ,67,14 ,29.88 ,0.0 
420,2016-02-25,30 ,21 ,73,14 ,29.91 ,0.0 
421,2016-02-26,29 ,22 ,73,13 ,29.97 ,0.1 
422,2016-02-27,30 ,20 ,65,12 ,29.97 ,0.0 
423,2016-02-28,30 ,21 ,70,11 ,30.0 ,0.0 
424,2016-02-29,30 ,21 ,70,9 ,30.0 ,0.0 
425,2016-03-01,31 ,21 ,67,8 ,29.94 ,0.1 
426,2016-03-02,31 ,21 ,66,9 ,29.94 ,0.0 
427,2016-03-03,31 ,20 ,60,9 ,29.97 ,0.0 
428,2016-03-04,31 ,18 ,57,7 ,29.91 ,0.0 
429,2016-03-05,31 ,20 ,64,9 ,29.88 ,0.0 
430,2016-03-06,30 ,20 ,68,12 ,29.88 ,0.0 
431,2016-03-07,30 ,20 ,65,11 ,29.88 ,0.0 
432,2016-03-08,30 ,20 ,64,11 ,29.85 ,0.0 
433,2016-03-09,31 ,19 ,64,10 ,29.85 ,0.0 
434,2016-03-10,31 ,19 ,67,10 ,29.88 ,0.0 
435,2016-03-11,31 ,20 ,67,9 ,29.88 ,0.0 
436,2016-03-12,31 ,21 ,69,12 ,29.85 ,0.0 
437,2016-03-13,32 ,22 ,70,14 ,29.85 ,0.0 
438,2016-03-14,32 ,21 ,62,16 ,29.85 ,0.0 
439,2016-03-15,31 ,22 ,68,13 ,29.85 ,0.0 
440,2016-03-16,32 ,23 ,70,12 ,29.85 ,0.6 
441,2016-03-17,32 ,22 ,65,12 ,29.85 ,0.0 
442,2016-03-18,32 ,21 ,62,13 ,29.83 ,0.0 
443,2016-03-19,33 ,19 ,56,10 ,29.83 ,0.0 
444,2016-03-20,35 ,21 ,55,9 ,29.83 ,0.0 
445,2016-03-21,36 ,20 ,51,7 ,29.77 ,0.0 
446,2016-03-22,36 ,21 ,51,8 ,29.74 ,0.0 
447,2016-03-23,35 ,23 ,60,10 ,29.77 ,0.0 
448,2016-03-24,33 ,23 ,66,12 ,29.85 ,0.0 
449,2016-03-25,32 ,22 ,67,13 ,29.91 ,0.0 
450,2016-03-26,32 ,22 ,64,13 ,29.88 ,0.0 
451,2016-03-27,32 ,21 ,66,15 ,29.88 ,0.0 
452,2016-03-28,31 ,21 ,67,11 ,29.91 ,0.0 
453,2016-03-29,32 ,21 ,64,14 ,29.88 ,0.0 
454,2016-03-30,32 ,22 ,67,15 ,29.88 ,0.0 
455,2016-03-31,33 ,22 ,65,14 ,29.85 ,0.0 
456,2016-04-01,33 ,23 ,65,13 ,29.8 ,0.0 
457,2016-04-02,33 ,22 ,64,14 ,29.8 ,0.0 
458,2016-04-03,33 ,22 ,64,14 ,29.83 ,0.0 
459,2016-04-04,34 ,21 ,61,14 ,29.8 ,0.0 
460,2016-04-05,34 ,21 ,58,12 ,29.77 ,0.0 
461,2016-04-06,34 ,21 ,61,11 ,29.8 ,0.0 
462,2016-04-07,34 ,23 ,67,10 ,29.8 ,0.0 
463,2016-04-08,33 ,22 ,65,13 ,29.8 ,0.0 
464,2016-04-09,33 ,22 ,64,12 ,29.83 ,0.0 
465,2016-04-10,34 ,20 ,60,13 ,29.85 ,0.0 
466,2016-04-11,34 ,19 ,54,11 ,29.8 ,0.0 
467,2016-04-12,34 ,22 ,62,13 ,29.74 ,0.0 
468,2016-04-13,34 ,22 ,60,13 ,29.77 ,0.0 
469,2016-04-14,34 ,22 ,61,13 ,29.77 ,0.0 
470,2016-04-15,34 ,22 ,59,12 ,29.77 ,0.0 
471,2016-04-16,35 ,22 ,57,12 ,29.74 ,1.0 
472,2016-04-17,35 ,22 ,56,12 ,29.74 ,0.2 
473,2016-04-18,36 ,22 ,56,12 ,29.74 ,0.0 
474,2016-04-19,36 ,22 ,55,13 ,29.71 ,0.0 
475,2016-04-20,36 ,22 ,54,13 ,29.71 ,0.0 
476,2016-04-21,37 ,23 ,59,15 ,29.74 ,0.0 
477,2016-04-22,38 ,22 ,50,14 ,29.68 ,0.0 
478,2016-04-23,40 ,18 ,38,10 ,29.62 ,0.0 
479,2016-04-24,39 ,22 ,47,9 ,29.62 ,0.0 
480,2016-04-25,37 ,23 ,55,17 ,29.68 ,0.0 
481,2016-04-26,35 ,23 ,59,16 ,29.77 ,0.0 
482,2016-04-27,34 ,23 ,63,14 ,29.77 ,0.0 
483,2016-04-28,36 ,22 ,59,12 ,29.74 ,0.0 
484,2016-04-29,37 ,21 ,51,14 ,29.74 ,0.0 
485,2016-04-30,37 ,21 ,52,15 ,29.74 ,0.0 
486,2016-05-01,37 ,20 ,49,14 ,29.71 ,0.0 
487,2016-05-02,38 ,20 ,45,14 ,29.71 ,0.0 
488,2016-05-03,36 ,22 ,56,15 ,29.74 ,0.0 
489,2016-05-04,35 ,23 ,59,16 ,29.74 ,0.0 
490,2016-05-05,35 ,22 ,55,13 ,29.77 ,3.0 
491,2016-05-06,35 ,22 ,55,11 ,29.77 ,0.0 
492,2016-05-07,35 ,22 ,55,11 ,29.74 ,0.0 
493,2016-05-08,36 ,22 ,52,12 ,29.77 ,0.0 
494,2016-05-09,35 ,23 ,58,13 ,29.77 ,0.0 
495,2016-05-10,35 ,23 ,58,11 ,29.77 ,0.0 
496,2016-05-11,35 ,22 ,57,11 ,29.74 ,0.0 
497,2016-05-12,36 ,23 ,59,12 ,29.68 ,0.0 
498,2016-05-13,37 ,23 ,55,11 ,29.68 ,0.0 
499,2016-05-14,36 ,24 ,59,14 ,29.74 ,0.1 
500,2016-05-15,34 ,24 ,63,13 ,29.77 ,0.0 
501,2016-05-16,34 ,24 ,63,11 ,29.71 ,0.0 
502,2016-05-17,34 ,24 ,62,13 ,29.65 ,0.9 
503,2016-05-18,28 ,23 ,73,22 ,29.5 ,48.1 
504,2016-05-19,38 ,21 ,48,14 ,29.62 ,8.1 
505,2016-05-20,38 ,21 ,47,13 ,29.62 ,1.4 
506,2016-05-21,37 ,21 ,48,12 ,29.62 ,1.8 
507,2016-05-22,38 ,19 ,40,14 ,29.62 ,0.0 
508,2016-05-23,40 ,17 ,32,15 ,29.62 ,0.0 
509,2016-05-24,39 ,18 ,33,12 ,29.59 ,0.0 
510,2016-05-25,40 ,18 ,33,17 ,29.59 ,0.2 
511,2016-05-26,40 ,18 ,33,17 ,29.65 ,0.0 
512,2016-05-27,36 ,20 ,42,13 ,29.68 ,0.0 
513,2016-05-28,32 ,21 ,50,13 ,29.68 ,1.3 
514,2016-05-29,36 ,21 ,47,16 ,29.65 ,12.0 
515,2016-05-30,36 ,21 ,45,17 ,29.62 ,0.8 
516,2016-05-31,38 ,20 ,41,15 ,29.65 ,5.7 
517,2016-06-01,39 ,20 ,43,11 ,29.59 ,2.1 
518,2016-06-02,36 ,22 ,51,12 ,29.65 ,1.3 
519,2016-06-03,37 ,22 ,46,9 ,29.65 ,0.9 
520,2016-06-04,34 ,22 ,56,11 ,29.65 ,1.6 
521,2016-06-05,35 ,22 ,52,4 ,29.68 ,0.9 
522,2016-06-06,34 ,23 ,58,6 ,29.65 ,6.7 
523,2016-06-07,32 ,23 ,63,9 ,29.68 ,1.5 
524,2016-06-08,32 ,23 ,65,10 ,29.68 ,4.7 
525,2016-06-09,34 ,23 ,59,9 ,29.65 ,0.6 
526,2016-06-10,35 ,22 ,51,13 ,29.68 ,0.0 
527,2016-06-11,35 ,22 ,49,13 ,29.65 ,0.0 
528,2016-06-12,36 ,20 ,45,14 ,29.65 ,0.1 
529,2016-06-13,35 ,21 ,48,18 ,29.65 ,0.4 
530,2016-06-14,37 ,20 ,43,19 ,29.62 ,0.0 
531,2016-06-15,37 ,20 ,42,24 ,29.62 ,0.0 
532,2016-06-16,34 ,20 ,50,15 ,29.62 ,0.6 
533,2016-06-17,37 ,18 ,38,13 ,29.56 ,0.5 
534,2016-06-18,29 ,23 ,68,8 ,29.62 ,8.5 
535,2016-06-19,32 ,22 ,61,10 ,29.62 ,0.3 
536,2016-06-20,34 ,22 ,57,8 ,29.62 ,0.3 
537,2016-06-21,34 ,22 ,55,10 ,29.65 ,0.0 
538,2016-06-22,35 ,22 ,56,8 ,29.65 ,2.9 
539,2016-06-23,34 ,22 ,54,10 ,29.65 ,1.4 
540,2016-06-24,35 ,21 ,52,13 ,29.62 ,0.0 
541,2016-06-25,33 ,21 ,55,17 ,29.65 ,0.0 
542,2016-06-26,30 ,22 ,63,14 ,29.68 ,0.7 
543,2016-06-27,29 ,23 ,72,14 ,29.62 ,5.6 
544,2016-06-28,27 ,23 ,82,16 ,29.62 ,7.0 
545,2016-06-29,29 ,23 ,74,19 ,29.62 ,0.2 
546,2016-06-30,29 ,23 ,74,18 ,29.62 ,4.2 
547,2016-07-01,29 ,23 ,74,15 ,29.59 ,1.6 
548,2016-07-02,32 ,23 ,68,17 ,29.59 ,5.0 
549,2016-07-03,32 ,23 ,64,15 ,29.65 ,0.8 
550,2016-07-04,33 ,23 ,61,15 ,29.65 ,1.4 
551,2016-07-05,32 ,22 ,59,16 ,29.65 ,0.0 
552,2016-07-06,34 ,21 ,54,19 ,29.62 ,0.2 
553,2016-07-07,34 ,21 ,51,20 ,29.62 ,0.0 
554,2016-07-08,33 ,21 ,55,20 ,29.59 ,2.3 
555,2016-07-09,33 ,20 ,53,21 ,29.59 ,0.5 
556,2016-07-10,33 ,20 ,51,21 ,29.59 ,0.0 
557,2016-07-11,31 ,21 ,55,23 ,29.59 ,0.1 
558,2016-07-12,34 ,21 ,53,17 ,29.62 ,0.0 
559,2016-07-13,35 ,20 ,48,16 ,29.65 ,0.0 
560,2016-07-14,35 ,20 ,46,15 ,29.65 ,0.0 
561,2016-07-15,35 ,21 ,49,11 ,29.65 ,0.0 
562,2016-07-16,34 ,21 ,51,10 ,29.71 ,0.3 
563,2016-07-17,34 ,22 ,54,8 ,29.77 ,0.3 
564,2016-07-18,31 ,22 ,64,14 ,29.62 ,1.9 
565,2016-07-19,32 ,22 ,61,16 ,29.59 ,2.8 
566,2016-07-20,31 ,22 ,62,16 ,29.59 ,5.5 
567,2016-07-21,32 ,22 ,62,16 ,29.62 ,2.3 
568,2016-07-22,32 ,22 ,60,15 ,29.62 ,1.2 
569,2016-07-23,32 ,21 ,59,15 ,29.62 ,1.5 
570,2016-07-24,32 ,21 ,58,14 ,29.65 ,1.4 
571,2016-07-25,33 ,21 ,57,15 ,29.62 ,0.7 
572,2016-07-26,33 ,21 ,56,15 ,29.65 ,1.1 
573,2016-07-27,33 ,21 ,56,14 ,29.65 ,0.8 
574,2016-07-28,33 ,23 ,64,7 ,29.71 ,0.0 
575,2016-07-29,33 ,23 ,64,8 ,29.65 ,3.9 
576,2016-07-30,31 ,23 ,68,10 ,29.68 ,2.4 
577,2016-07-31,30 ,23 ,73,14 ,29.68 ,3.3 
578,2016-08-01,28 ,23 ,75,16 ,29.65 ,1.6 
579,2016-08-02,29 ,22 ,69,17 ,29.59 ,0.0 
580,2016-08-03,30 ,23 ,71,12 ,29.59 ,4.5 
581,2016-08-04,29 ,23 ,73,14 ,29.62 ,0.2 
582,2016-08-05,32 ,22 ,61,16 ,29.62 ,0.0 
583,2016-08-06,33 ,22 ,57,17 ,29.65 ,0.0 
584,2016-08-07,33 ,21 ,54,15 ,29.68 ,0.0 
585,2016-08-08,33 ,21 ,53,16 ,29.71 ,0.0 
586,2016-08-09,34 ,21 ,51,16 ,29.68 ,0.8 
587,2016-08-10,33 ,21 ,52,15 ,29.71 ,0.0 
588,2016-08-11,34 ,21 ,52,14 ,29.74 ,2.6 
589,2016-08-12,34 ,21 ,55,15 ,29.71 ,1.5 
590,2016-08-13,34 ,21 ,55,14 ,29.68 ,3.1 
591,2016-08-14,33 ,21 ,56,17 ,29.68 ,1.7 
592,2016-08-15,33 ,20 ,53,17 ,29.65 ,0.0 
593,2016-08-16,32 ,20 ,55,19 ,29.62 ,0.0 
594,2016-08-17,32 ,20 ,53,17 ,29.62 ,0.0 
595,2016-08-18,34 ,20 ,50,14 ,29.62 ,0.0 
596,2016-08-19,34 ,20 ,48,14 ,29.65 ,0.2 
597,2016-08-20,34 ,19 ,46,10 ,29.65 ,0.0 
598,2016-08-21,34 ,20 ,47,7 ,29.65 ,0.0 
599,2016-08-22,34 ,21 ,50,8 ,29.68 ,0.2 
600,2016-08-23,34 ,21 ,52,10 ,29.68 ,0.3 
601,2016-08-24,34 ,22 ,56,9 ,29.65 ,4.1 
602,2016-08-25,33 ,23 ,62,12 ,29.68 ,2.6 
603,2016-08-26,32 ,24 ,64,7 ,29.68 ,9.9 
604,2016-08-27,33 ,23 ,62,8 ,29.68 ,0.0 
605,2016-08-28,32 ,23 ,64,8 ,29.71 ,0.8 
606,2016-08-29,32 ,24 ,70,9 ,29.65 ,10.1 
607,2016-08-30,30 ,25 ,75,9 ,29.62 ,3.9 
608,2016-08-31,32 ,24 ,65,9 ,29.65 ,11.1 
609,2016-09-01,29 ,24 ,78,10 ,29.71 ,2.5 
610,2016-09-02,32 ,24 ,71,9 ,29.71 ,4.5 
611,2016-09-03,31 ,24 ,72,10 ,29.71 ,3.7 
612,2016-09-04,30 ,23 ,71,11 ,29.77 ,1.7 
613,2016-09-05,31 ,21 ,61,13 ,29.77 ,0.8 
614,2016-09-06,32 ,21 ,58,13 ,29.77 ,0.0 
615,2016-09-07,31 ,20 ,57,12 ,29.74 ,0.0 
616,2016-09-08,32 ,20 ,55,11 ,29.74 ,0.1 
617,2016-09-09,31 ,23 ,66,10 ,29.74 ,2.6 
618,2016-09-10,30 ,22 ,66,15 ,29.71 ,0.3 
619,2016-09-11,30 ,22 ,69,18 ,29.68 ,1.2 
620,2016-09-12,29 ,23 ,74,16 ,29.68 ,1.6 
621,2016-09-13,28 ,22 ,77,14 ,29.68 ,1.7 
622,2016-09-14,29 ,24 ,78,9 ,29.65 ,6.5 
623,2016-09-15,29 ,24 ,79,10 ,29.65 ,1.3 
624,2016-09-16,30 ,23 ,74,8 ,29.68 ,2.2 
625,2016-09-17,31 ,23 ,72,9 ,29.68 ,2.0 
626,2016-09-18,31 ,23 ,69,10 ,29.71 ,1.6 
627,2016-09-19,31 ,23 ,68,11 ,29.71 ,2.0 
628,2016-09-20,30 ,23 ,74,12 ,29.68 ,1.4 
629,2016-09-21,28 ,24 ,84,12 ,29.68 ,3.7 
630,2016-09-22,27 ,24 ,86,12 ,29.65 ,3.6 
631,2016-09-23,28 ,24 ,83,14 ,29.62 ,4.3 
632,2016-09-24,29 ,24 ,84,12 ,29.59 ,14.2 
633,2016-09-25,29 ,24 ,84,11 ,29.62 ,8.3 
634,2016-09-26,29 ,25 ,83,8 ,29.68 ,8.1 
635,2016-09-27,30 ,25 ,80,7 ,29.71 ,2.4 
636,2016-09-28,30 ,25 ,80,6 ,29.68 ,4.1 
637,2016-09-29,31 ,24 ,73,8 ,29.65 ,0.1 
638,2016-09-30,31 ,23 ,72,9 ,29.65 ,1.9 
639,2016-10-01,29 ,24 ,78,7 ,29.71 ,2.7 
640,2016-10-02,30 ,24 ,77,4 ,29.77 ,0.1 
641,2016-10-03,30 ,24 ,76,6 ,29.77 ,1.1 
642,2016-10-04,30 ,23 ,73,6 ,29.77 ,0.7 
643,2016-10-05,30 ,23 ,71,10 ,29.74 ,1.0 
644,2016-10-06,30 ,24 ,75,11 ,29.74 ,1.2 
645,2016-10-07,30 ,23 ,74,11 ,29.74 ,2.6 
646,2016-10-08,29 ,24 ,77,9 ,29.77 ,0.2 
647,2016-10-09,29 ,24 ,78,11 ,29.74 ,2.9 
648,2016-10-10,30 ,23 ,73,12 ,29.74 ,3.3 
649,2016-10-11,31 ,23 ,67,10 ,29.74 ,0.1 
650,2016-10-12,31 ,22 ,63,9 ,29.74 ,0.0 
651,2016-10-13,30 ,20 ,61,7 ,29.8 ,0.0 
652,2016-10-14,29 ,18 ,58,8 ,29.83 ,0.0 
653,2016-10-15,28 ,17 ,58,8 ,29.83 ,0.0 
654,2016-10-16,28 ,18 ,59,8 ,29.85 ,0.0 
655,2016-10-17,28 ,18 ,59,8 ,29.83 ,0.0 
656,2016-10-18,30 ,19 ,56,10 ,29.8 ,0.0 
657,2016-10-19,28 ,19 ,60,10 ,29.77 ,0.0 
658,2016-10-20,27 ,17 ,56,9 ,29.74 ,0.0 
659,2016-10-21,27 ,17 ,54,7 ,29.77 ,0.0 
660,2016-10-22,27 ,16 ,58,8 ,29.83 ,0.0 
661,2016-10-23,27 ,17 ,56,9 ,29.83 ,0.0 
662,2016-10-24,28 ,17 ,56,8 ,29.83 ,0.0 
663,2016-10-25,29 ,17 ,56,9 ,29.8 ,0.0 
664,2016-10-26,28 ,17 ,56,12 ,29.8 ,0.0 
665,2016-10-27,28 ,16 ,53,14 ,29.83 ,0.0 
666,2016-10-28,27 ,20 ,70,11 ,29.83 ,2.8 
667,2016-10-29,28 ,23 ,82,7 ,29.83 ,3.1 
668,2016-10-30,28 ,23 ,82,8 ,29.88 ,1.1 
669,2016-10-31,28 ,23 ,82,8 ,29.91 ,5.4 
670,2016-11-01,28 ,22 ,77,6 ,29.91 ,0.2 
671,2016-11-02,28 ,22 ,74,7 ,29.88 ,0.1 
672,2016-11-03,29 ,22 ,72,9 ,29.85 ,0.0 
673,2016-11-04,29 ,20 ,64,13 ,29.8 ,0.0 
674,2016-11-05,29 ,19 ,63,11 ,29.77 ,0.1 
675,2016-11-06,29 ,19 ,64,9 ,29.83 ,0.1 
676,2016-11-07,27 ,15 ,55,10 ,29.88 ,0.0 
677,2016-11-08,25 ,15 ,55,7 ,29.91 ,0.0 
678,2016-11-09,25 ,14 ,54,5 ,29.94 ,0.0 
679,2016-11-10,25 ,16 ,61,5 ,29.91 ,0.0 
680,2016-11-11,25 ,15 ,59,5 ,29.91 ,0.0 
681,2016-11-12,26 ,18 ,70,6 ,29.94 ,0.0 
682,2016-11-13,27 ,20 ,74,7 ,29.97 ,0.1 
683,2016-11-14,27 ,23 ,84,6 ,29.94 ,2.8 
684,2016-11-15,27 ,23 ,84,5 ,29.91 ,2.7 
685,2016-11-16,28 ,22 ,81,7 ,29.91 ,0.6 
686,2016-11-17,27 ,21 ,77,8 ,29.94 ,0.2 
687,2016-11-18,26 ,20 ,70,7 ,29.91 ,0.0 
688,2016-11-19,25 ,17 ,67,5 ,29.88 ,0.0 
689,2016-11-20,25 ,17 ,71,5 ,29.91 ,0.0 
690,2016-11-21,25 ,18 ,71,5 ,29.91 ,0.0 
691,2016-11-22,25 ,17 ,65,4 ,29.88 ,0.0 
692,2016-11-23,26 ,18 ,66,4 ,29.88 ,0.0 
693,2016-11-24,25 ,20 ,73,5 ,29.91 ,0.0 
694,2016-11-25,25 ,19 ,71,5 ,29.88 ,0.0 
695,2016-11-26,25 ,17 ,65,4 ,29.91 ,0.0 
696,2016-11-27,26 ,15 ,56,8 ,29.88 ,0.0 
697,2016-11-28,25 ,15 ,56,6 ,29.88 ,0.0 
698,2016-11-29,26 ,18 ,65,5 ,29.91 ,0.0 
699,2016-11-30,25 ,19 ,74,6 ,29.94 ,0.0 
700,2016-12-01,27 ,15 ,57,10 ,29.91 ,0.0 
701,2016-12-02,27 ,21 ,76,8 ,29.91 ,1.1 
702,2016-12-03,28 ,22 ,80,8 ,29.97 ,0.3 
703,2016-12-04,28 ,22 ,80,8 ,30.0 ,0.3 
704,2016-12-05,27 ,20 ,75,6 ,29.94 ,0.1 
705,2016-12-06,25 ,19 ,68,8 ,29.94 ,0.0 
706,2016-12-07,25 ,19 ,68,5 ,29.94 ,0.0 
707,2016-12-08,25 ,15 ,55,7 ,29.91 ,0.0 
708,2016-12-09,24 ,10 ,43,8 ,29.85 ,0.0 
709,2016-12-10,25 ,11 ,45,9 ,29.85 ,0.0 
710,2016-12-11,26 ,12 ,46,11 ,29.8 ,0.0 
711,2016-12-12,27 ,16 ,57,16 ,29.8 ,1.3 
712,2016-12-13,27 ,21 ,79,13 ,29.85 ,2.4 
713,2016-12-14,26 ,22 ,82,9 ,29.91 ,3.3 
714,2016-12-15,27 ,20 ,76,8 ,29.94 ,0.0 
715,2016-12-16,27 ,20 ,74,6 ,29.97 ,0.1 
716,2016-12-17,27 ,20 ,71,4 ,29.97 ,0.0 
717,2016-12-18,25 ,16 ,63,6 ,29.97 ,0.0 
718,2016-12-19,25 ,19 ,70,5 ,29.97 ,0.0 
719,2016-12-20,24 ,17 ,65,4 ,29.97 ,0.0 
720,2016-12-21,24 ,13 ,53,5 ,29.97 ,0.0 
721,2016-12-22,24 ,11 ,48,6 ,29.94 ,0.0 
722,2016-12-23,24 ,13 ,57,5 ,29.88 ,0.0 
723,2016-12-24,25 ,15 ,61,4 ,29.88 ,0.0 
724,2016-12-25,25 ,20 ,72,4 ,29.91 ,0.0 
725,2016-12-26,25 ,19 ,70,4 ,29.91 ,0.0 
726,2016-12-27,26 ,17 ,65,7 ,29.94 ,0.0 
727,2016-12-28,26 ,19 ,74,6 ,29.94 ,0.0 
728,2016-12-29,26 ,19 ,74,6 ,29.97 ,0.0 
729,2016-12-30,25 ,19 ,77,6 ,29.97 ,0.1 
730,2016-12-31,26 ,19 ,73,7 ,29.94 ,0.0 
731,2017-01-01,26 ,19 ,71,6 ,29.94 ,0.0 
732,2017-01-02,26 ,19 ,71,5 ,29.97 ,0.0 
733,2017-01-03,26 ,18 ,69,4 ,29.94 ,0.0 
734,2017-01-04,26 ,17 ,65,6 ,29.94 ,0.0 
735,2017-01-05,25 ,18 ,68,5 ,29.91 ,0.0 
736,2017-01-06,26 ,19 ,72,5 ,29.91 ,0.0 
737,2017-01-07,26 ,18 ,70,6 ,29.88 ,0.0 
738,2017-01-08,26 ,19 ,68,7 ,29.85 ,0.0 
739,2017-01-09,26 ,18 ,66,6 ,29.88 ,0.0 
740,2017-01-10,27 ,17 ,66,4 ,29.88 ,0.0 
741,2017-01-11,27 ,18 ,69,4 ,29.88 ,0.2 
742,2017-01-12,26 ,17 ,69,6 ,29.88 ,0.1 
743,2017-01-13,26 ,17 ,72,8 ,29.91 ,0.2 
744,2017-01-14,26 ,18 ,72,8 ,29.94 ,0.0 
745,2017-01-15,26 ,18 ,73,7 ,30.0 ,0.0 
746,2017-01-16,26 ,18 ,70,5 ,29.97 ,0.0 
747,2017-01-17,26 ,17 ,66,5 ,29.97 ,0.0 
748,2017-01-18,26 ,17 ,67,8 ,30.03 ,0.0 
749,2017-01-19,26 ,17 ,67,9 ,30.03 ,0.0 
750,2017-01-20,27 ,13 ,56,9 ,30.0 ,0.0 
751,2017-01-21,28 ,15 ,58,10 ,30.03 ,0.0 
752,2017-01-22,28 ,16 ,64,9 ,30.03 ,0.0 
753,2017-01-23,28 ,17 ,66,7 ,30.03 ,0.0 
754,2017-01-24,27 ,18 ,66,8 ,30.0 ,0.0 
755,2017-01-25,27 ,17 ,65,9 ,30.03 ,0.0 
756,2017-01-26,26 ,17 ,70,8 ,30.0 ,0.1 
757,2017-01-27,28 ,20 ,75,6 ,29.97 ,0.0 
758,2017-01-28,28 ,19 ,72,7 ,29.94 ,0.0 
759,2017-01-29,28 ,19 ,69,6 ,29.97 ,0.0 
760,2017-01-30,28 ,20 ,70,6 ,29.94 ,0.0 
761,2017-01-31,27 ,19 ,71,6 ,29.94 ,0.0 
762,2017-02-01,27 ,20 ,71,8 ,29.94 ,0.0 
763,2017-02-02,27 ,19 ,72,7 ,30.0 ,0.0 
764,2017-02-03,28 ,19 ,69,6 ,30.0 ,0.0 
765,2017-02-04,28 ,19 ,70,6 ,29.94 ,0.0 
766,2017-02-05,27 ,19 ,66,8 ,29.94 ,0.0 
767,2017-02-06,28 ,18 ,62,6 ,29.91 ,0.0 
768,2017-02-07,29 ,18 ,60,5 ,29.91 ,0.0 
769,2017-02-08,29 ,17 ,59,7 ,29.94 ,0.0 
770,2017-02-09,28 ,18 ,62,7 ,29.91 ,0.0 
771,2017-02-10,27 ,18 ,66,9 ,29.91 ,0.0 
772,2017-02-11,27 ,18 ,68,9 ,29.94 ,0.0 
773,2017-02-12,27 ,18 ,70,9 ,30.0 ,0.0 
774,2017-02-13,27 ,17 ,67,9 ,30.06 ,0.0 
775,2017-02-14,28 ,17 ,67,7 ,30.06 ,0.0 
776,2017-02-15,28 ,18 ,68,8 ,30.09 ,0.0 
777,2017-02-16,28 ,18 ,66,7 ,30.03 ,0.0 
778,2017-02-17,28 ,19 ,65,7 ,29.97 ,0.0 
779,2017-02-18,29 ,20 ,68,6 ,30.0 ,0.0 
780,2017-02-19,31 ,19 ,64,4 ,29.94 ,0.0 
781,2017-02-20,32 ,18 ,54,5 ,29.83 ,0.0 
782,2017-02-21,31 ,19 ,59,9 ,29.8 ,0.0 
783,2017-02-22,30 ,20 ,67,9 ,29.83 ,0.0 
784,2017-02-23,30 ,21 ,69,8 ,29.88 ,0.0 
785,2017-02-24,31 ,21 ,66,6 ,29.91 ,0.0 
786,2017-02-25,30 ,21 ,71,5 ,29.91 ,0.0 
787,2017-02-26,30 ,21 ,70,6 ,29.85 ,0.0 
788,2017-02-27,29 ,20 ,70,7 ,29.91 ,0.0 
789,2017-02-28,30 ,20 ,64,6 ,29.91 ,0.0 
790,2017-03-01,30 ,19 ,63,8 ,29.91 ,0.0 
791,2017-03-02,30 ,18 ,61,8 ,29.88 ,0.0 
792,2017-03-03,29 ,17 ,61,7 ,29.8 ,0.0 
793,2017-03-04,30 ,21 ,72,10 ,29.8 ,0.0 
794,2017-03-05,31 ,22 ,72,10 ,29.77 ,0.0 
795,2017-03-06,30 ,23 ,75,10 ,29.77 ,0.0 
796,2017-03-07,31 ,23 ,71,13 ,29.77 ,0.5 
797,2017-03-08,31 ,23 ,72,13 ,29.77 ,0.3 
798,2017-03-09,31 ,23 ,72,13 ,29.74 ,0.3 
799,2017-03-10,31 ,23 ,73,14 ,29.74 ,4.3 
800,2017-03-11,33 ,17 ,53,9 ,29.77 ,0.0 
801,2017-03-12,33 ,20 ,55,6 ,29.83 ,0.0 
802,2017-03-13,31 ,22 ,67,8 ,29.85 ,0.3 
803,2017-03-14,31 ,22 ,71,9 ,29.88 ,0.2 
804,2017-03-15,30 ,22 ,72,8 ,29.88 ,0.6 
805,2017-03-16,31 ,20 ,64,8 ,29.88 ,0.0 
806,2017-03-17,32 ,20 ,60,8 ,29.83 ,0.0 
807,2017-03-18,32 ,22 ,65,10 ,29.83 ,0.0 
808,2017-03-19,32 ,22 ,68,10 ,29.85 ,0.0 
809,2017-03-20,33 ,23 ,68,7 ,29.83 ,0.0 
810,2017-03-21,32 ,22 ,67,7 ,29.88 ,0.0 
811,2017-03-22,32 ,22 ,67,7 ,29.88 ,0.0 
812,2017-03-23,32 ,21 ,64,10 ,29.85 ,0.0 
813,2017-03-24,32 ,20 ,59,11 ,29.83 ,0.0 
814,2017-03-25,33 ,20 ,59,11 ,29.85 ,0.0 
815,2017-03-26,32 ,21 ,64,9 ,29.85 ,0.0 
816,2017-03-27,32 ,20 ,63,11 ,29.85 ,0.0 
817,2017-03-28,32 ,21 ,67,11 ,29.85 ,0.0 
818,2017-03-29,33 ,21 ,64,12 ,29.85 ,0.0 
819,2017-03-30,33 ,22 ,65,12 ,29.85 ,0.0 
820,2017-03-31,33 ,22 ,68,12 ,29.85 ,0.0 
821,2017-04-01,34 ,22 ,64,11 ,29.83 ,0.0 
822,2017-04-02,34 ,22 ,61,13 ,29.77 ,0.0 
823,2017-04-03,34 ,22 ,64,12 ,29.8 ,0.0 
824,2017-04-04,33 ,23 ,66,14 ,29.83 ,0.0 
825,2017-04-05,34 ,24 ,68,12 ,29.8 ,0.0 
826,2017-04-06,34 ,24 ,69,12 ,29.77 ,0.0 
827,2017-04-07,36 ,23 ,62,9 ,29.77 ,0.0 
828,2017-04-08,35 ,22 ,59,12 ,29.77 ,0.0 
829,2017-04-09,34 ,22 ,61,10 ,29.77 ,0.0 
830,2017-04-10,35 ,23 ,61,10 ,29.74 ,0.0 
831,2017-04-11,35 ,23 ,62,7 ,29.74 ,0.0 
832,2017-04-12,35 ,23 ,62,8 ,29.77 ,0.0 
833,2017-04-13,34 ,22 ,64,11 ,29.77 ,0.0 
834,2017-04-14,33 ,21 ,63,10 ,29.77 ,0.1 
835,2017-04-15,35 ,20 ,56,9 ,29.71 ,0.0 
836,2017-04-16,36 ,23 ,58,9 ,29.68 ,0.0 
837,2017-04-17,38 ,22 ,56,8 ,29.68 ,0.0 
838,2017-04-18,36 ,25 ,65,11 ,29.71 ,0.0 
839,2017-04-19,36 ,24 ,64,12 ,29.71 ,0.0 
840,2017-04-20,37 ,23 ,58,11 ,29.71 ,0.0 
841,2017-04-21,37 ,22 ,54,12 ,29.71 ,0.0 
842,2017-04-22,38 ,21 ,51,10 ,29.71 ,0.0 
843,2017-04-23,38 ,23 ,53,9 ,29.71 ,0.0 
844,2017-04-24,37 ,24 ,61,10 ,29.71 ,0.0 
845,2017-04-25,37 ,23 ,58,8 ,29.74 ,0.0 
846,2017-04-26,37 ,22 ,55,9 ,29.74 ,0.0 
847,2017-04-27,36 ,22 ,57,10 ,29.77 ,0.0 
848,2017-04-28,36 ,22 ,54,10 ,29.77 ,0.0 
849,2017-04-29,37 ,22 ,51,8 ,29.77 ,0.2 
850,2017-04-30,37 ,21 ,52,7 ,29.77 ,0.3 
851,2017-05-01,34 ,23 ,58,10 ,29.8 ,5.8 
852,2017-05-02,34 ,23 ,63,12 ,29.83 ,0.0 
853,2017-05-03,34 ,22 ,60,12 ,29.83 ,0.0 
854,2017-05-04,34 ,22 ,61,10 ,29.83 ,0.0 
855,2017-05-05,35 ,23 ,62,12 ,29.8 ,0.0 
856,2017-05-06,35 ,23 ,63,13 ,29.83 ,0.0 
857,2017-05-07,35 ,24 ,64,11 ,29.83 ,0.0 
858,2017-05-08,38 ,23 ,54,8 ,29.77 ,0.0 
859,2017-05-09,36 ,23 ,58,12 ,29.74 ,0.0 
860,2017-05-10,36 ,21 ,52,10 ,29.77 ,0.4 
861,2017-05-11,35 ,22 ,58,12 ,29.77 ,0.0 
862,2017-05-12,34 ,23 ,60,11 ,29.77 ,0.0 
863,2017-05-13,36 ,22 ,56,11 ,29.74 ,0.0 
864,2017-05-14,38 ,22 ,51,10 ,29.68 ,0.1 
865,2017-05-15,40 ,20 ,41,11 ,29.62 ,0.0 
866,2017-05-16,42 ,17 ,29,10 ,29.56 ,0.2 
867,2017-05-17,43 ,13 ,22,16 ,29.56 ,0.0 
868,2017-05-18,42 ,13 ,22,12 ,29.59 ,0.0 
869,2017-05-19,41 ,16 ,28,12 ,29.65 ,0.6 
870,2017-05-20,41 ,18 ,34,12 ,29.62 ,0.0 
871,2017-05-21,40 ,21 ,44,9 ,29.59 ,0.1 
872,2017-05-22,40 ,21 ,44,9 ,29.62 ,0.1 
873,2017-05-23,40 ,22 ,46,9 ,29.65 ,0.0 
874,2017-05-24,39 ,23 ,49,9 ,29.62 ,0.0 
875,2017-05-25,38 ,24 ,54,10 ,29.62 ,0.0 
876,2017-05-26,40 ,23 ,51,7 ,29.59 ,0.1 
877,2017-05-27,37 ,22 ,49,13 ,29.59 ,1.6 
878,2017-05-28,39 ,21 ,43,11 ,29.56 ,0.6 
879,2017-05-29,40 ,18 ,34,14 ,29.53 ,1.4 
880,2017-05-30,39 ,18 ,34,18 ,29.53 ,0.1 
881,2017-05-31,39 ,19 ,37,15 ,29.59 ,0.3 
882,2017-06-01,38 ,20 ,40,12 ,29.62 ,0.0 
883,2017-06-02,37 ,23 ,52,13 ,29.65 ,0.0 
884,2017-06-03,38 ,23 ,51,10 ,29.65 ,0.0 
885,2017-06-04,38 ,21 ,43,10 ,29.65 ,0.3 
886,2017-06-05,40 ,20 ,36,12 ,29.62 ,0.9 
887,2017-06-06,38 ,21 ,44,13 ,29.65 ,3.3 
888,2017-06-07,34 ,22 ,57,17 ,29.68 ,4.0 
889,2017-06-08,30 ,23 ,68,16 ,29.65 ,5.8 
890,2017-06-09,34 ,21 ,53,13 ,29.59 ,0.0 
891,2017-06-10,34 ,21 ,52,13 ,29.59 ,0.6 
892,2017-06-11,33 ,22 ,55,14 ,29.62 ,0.0 
893,2017-06-12,33 ,22 ,58,13 ,29.62 ,4.3 
894,2017-06-13,33 ,22 ,58,11 ,29.62 ,7.8 
895,2017-06-14,33 ,23 ,61,9 ,29.68 ,8.6 
896,2017-06-15,28 ,24 ,78,8 ,29.71 ,17.2 
897,2017-06-16,28 ,24 ,81,6 ,29.71 ,3.1 
898,2017-06-17,32 ,24 ,69,8 ,29.68 ,6.1 
899,2017-06-18,33 ,23 ,63,8 ,29.65 ,10.7 
900,2017-06-19,33 ,23 ,62,9 ,29.65 ,0.1 
901,2017-06-20,33 ,22 ,56,14 ,29.65 ,3.8 
902,2017-06-21,35 ,21 ,51,12 ,29.65 ,0.7 
903,2017-06-22,35 ,21 ,50,14 ,29.65 ,0.1 
904,2017-06-23,34 ,21 ,51,13 ,29.65 ,2.4 
905,2017-06-24,34 ,22 ,53,13 ,29.59 ,3.1 
906,2017-06-25,33 ,22 ,58,11 ,29.56 ,1.4 
907,2017-06-26,31 ,22 ,62,11 ,29.62 ,1.4 
908,2017-06-27,32 ,21 ,59,14 ,29.65 ,2.4 
909,2017-06-28,29 ,21 ,61,11 ,29.65 ,1.6 
910,2017-06-29,34 ,21 ,53,16 ,29.65 ,0.0 
911,2017-06-30,34 ,20 ,50,15 ,29.62 ,0.0 
912,2017-07-01,33 ,21 ,52,14 ,29.62 ,0.2 
913,2017-07-02,34 ,20 ,50,13 ,29.65 ,0.1 
914,2017-07-03,35 ,21 ,49,12 ,29.68 ,0.1 
915,2017-07-04,35 ,20 ,45,15 ,29.65 ,0.0 
916,2017-07-05,36 ,19 ,41,17 ,29.65 ,0.2 
917,2017-07-06,34 ,20 ,48,14 ,29.68 ,0.9 
918,2017-07-07,34 ,21 ,51,13 ,29.68 ,9.2 
919,2017-07-08,32 ,20 ,53,12 ,29.68 ,2.2 
920,2017-07-09,34 ,21 ,51,10 ,29.68 ,1.5 
921,2017-07-10,35 ,21 ,49,13 ,29.68 ,0.1 
922,2017-07-11,34 ,21 ,51,12 ,29.68 ,0.2 
923,2017-07-12,34 ,19 ,47,18 ,29.68 ,0.0 
924,2017-07-13,34 ,19 ,48,14 ,29.65 ,0.4 
925,2017-07-14,31 ,21 ,60,13 ,29.68 ,1.7 
926,2017-07-15,32 ,21 ,57,16 ,29.68 ,0.0 
927,2017-07-16,32 ,20 ,54,15 ,29.65 ,0.4 
928,2017-07-17,31 ,20 ,57,20 ,29.62 ,0.4 
929,2017-07-18,26 ,23 ,81,19 ,29.59 ,9.6 
930,2017-07-19,31 ,22 ,66,19 ,29.59 ,3.6 
931,2017-07-20,34 ,22 ,55,19 ,29.59 ,0.0 
932,2017-07-21,35 ,21 ,49,20 ,29.62 ,0.0 
933,2017-07-22,36 ,21 ,47,17 ,29.65 ,0.0 
934,2017-07-23,36 ,21 ,45,16 ,29.65 ,0.0 
935,2017-07-24,35 ,20 ,43,18 ,29.65 ,0.0 
936,2017-07-25,36 ,20 ,43,18 ,29.62 ,0.0 
937,2017-07-26,36 ,20 ,43,17 ,29.62 ,0.0 
938,2017-07-27,36 ,20 ,43,15 ,29.65 ,0.0 
939,2017-07-28,35 ,20 ,43,15 ,29.71 ,0.0 
940,2017-07-29,35 ,20 ,45,12 ,29.74 ,0.0 
941,2017-07-30,35 ,20 ,44,15 ,29.71 ,0.0 
942,2017-07-31,36 ,20 ,43,13 ,29.68 ,0.2 
943,2017-08-01,36 ,20 ,40,14 ,29.71 ,0.0 
944,2017-08-02,36 ,20 ,40,17 ,29.71 ,0.2 
945,2017-08-03,36 ,19 ,41,21 ,29.65 ,0.0 
946,2017-08-04,35 ,20 ,44,19 ,29.59 ,0.3 
947,2017-08-05,34 ,21 ,50,15 ,29.59 ,5.0 
948,2017-08-06,35 ,20 ,47,13 ,29.59 ,1.0 
949,2017-08-07,35 ,21 ,49,9 ,29.62 ,3.3 
950,2017-08-08,31 ,23 ,65,10 ,29.68 ,18.1 
951,2017-08-09,31 ,23 ,67,9 ,29.71 ,3.0 
952,2017-08-10,33 ,23 ,60,8 ,29.71 ,0.0 
953,2017-08-11,33 ,22 ,57,8 ,29.71 ,1.0 
954,2017-08-12,33 ,22 ,57,13 ,29.74 ,0.0 
955,2017-08-13,32 ,22 ,57,12 ,29.77 ,0.0 
956,2017-08-14,33 ,21 ,55,13 ,29.8 ,0.0 
957,2017-08-15,34 ,21 ,52,10 ,29.74 ,0.0 
958,2017-08-16,34 ,21 ,52,10 ,29.68 ,0.5 
959,2017-08-17,32 ,22 ,58,13 ,29.62 ,0.4 
960,2017-08-18,27 ,23 ,75,15 ,29.59 ,12.9 
961,2017-08-19,26 ,23 ,82,16 ,29.59 ,16.4 
962,2017-08-20,30 ,22 ,68,14 ,29.59 ,0.1 
963,2017-08-21,32 ,22 ,62,9 ,29.62 ,0.0 
964,2017-08-22,33 ,22 ,58,10 ,29.62 ,0.0 
965,2017-08-23,34 ,22 ,55,10 ,29.65 ,0.5 
966,2017-08-24,33 ,22 ,57,11 ,29.65 ,0.3 
967,2017-08-25,28 ,22 ,72,15 ,29.62 ,4.2 
968,2017-08-26,32 ,22 ,64,16 ,29.56 ,0.8 
969,2017-08-27,30 ,23 ,71,14 ,29.53 ,10.5 
970,2017-08-28,28 ,24 ,79,11 ,29.53 ,7.0 
971,2017-08-29,31 ,23 ,70,13 ,29.59 ,0.8 
972,2017-08-30,33 ,23 ,62,7 ,29.68 ,0.0 
973,2017-08-31,33 ,22 ,57,9 ,29.74 ,0.0 
974,2017-09-01,33 ,22 ,56,10 ,29.74 ,0.0 
975,2017-09-02,33 ,23 ,59,5 ,29.74 ,0.0 
976,2017-09-03,34 ,23 ,59,8 ,29.74 ,1.9 
977,2017-09-04,34 ,23 ,58,6 ,29.74 ,0.4 
978,2017-09-05,33 ,23 ,61,5 ,29.74 ,2.2 
979,2017-09-06,33 ,23 ,62,7 ,29.71 ,0.1 
980,2017-09-07,32 ,24 ,67,7 ,29.71 ,4.7 
981,2017-09-08,32 ,25 ,69,10 ,29.74 ,1.1 
982,2017-09-09,32 ,24 ,69,10 ,29.71 ,2.2 
983,2017-09-10,32 ,24 ,70,10 ,29.74 ,0.3 
984,2017-09-11,31 ,25 ,73,10 ,29.77 ,0.8 
985,2017-09-12,32 ,24 ,70,9 ,29.8 ,0.0 
986,2017-09-13,32 ,24 ,70,11 ,29.8 ,0.0 
987,2017-09-14,32 ,24 ,68,7 ,29.74 ,0.5 
988,2017-09-15,32 ,23 ,65,7 ,29.71 ,4.3 
989,2017-09-16,32 ,22 ,60,9 ,29.68 ,0.0 
990,2017-09-17,30 ,22 ,66,12 ,29.71 ,1.0 
991,2017-09-18,30 ,22 ,66,15 ,29.74 ,0.0 
992,2017-09-19,32 ,21 ,58,14 ,29.71 ,0.3 
993,2017-09-20,32 ,21 ,57,15 ,29.68 ,0.0 
994,2017-09-21,33 ,21 ,57,12 ,29.68 ,0.0 
995,2017-09-22,32 ,22 ,60,9 ,29.71 ,0.0 
996,2017-09-23,32 ,23 ,65,8 ,29.77 ,2.8 
997,2017-09-24,33 ,22 ,61,7 ,29.74 ,0.0 
998,2017-09-25,32 ,22 ,62,9 ,29.71 ,0.0 
999,2017-09-26,32 ,23 ,66,7 ,29.71 ,2.4 
1000,2017-09-27,30 ,24 ,76,6 ,29.71 ,4.9 
1001,2017-09-28,30 ,24 ,74,5 ,29.68 ,6.0 
1002,2017-09-29,30 ,24 ,76,4 ,29.71 ,6.1 
1003,2017-09-30,30 ,25 ,78,5 ,29.74 ,10.6 
1004,2017-10-01,30 ,24 ,75,5 ,29.74 ,3.1 
1005,2017-10-02,30 ,24 ,74,6 ,29.71 ,5.4 
1006,2017-10-03,31 ,24 ,74,5 ,29.74 ,0.6 
1007,2017-10-04,29 ,24 ,76,5 ,29.74 ,1.8 
1008,2017-10-05,30 ,23 ,72,5 ,29.71 ,0.3 
1009,2017-10-06,26 ,24 ,84,2 ,29.74 ,6.2 
1010,2017-10-07,29 ,25 ,80,8 ,29.74 ,3.3 
1011,2017-10-08,30 ,25 ,78,7 ,29.71 ,1.1 
1012,2017-10-09,30 ,25 ,80,9 ,29.71 ,8.9 
1013,2017-10-10,30 ,25 ,79,7 ,29.68 ,3.4 
1014,2017-10-11,30 ,25 ,78,5 ,29.71 ,4.6 
1015,2017-10-12,31 ,25 ,75,4 ,29.71 ,2.9 
1016,2017-10-13,30 ,25 ,77,5 ,29.68 ,1.4 
1017,2017-10-14,31 ,25 ,75,5 ,29.68 ,0.3 
1018,2017-10-15,31 ,24 ,72,5 ,29.71 ,0.0 
1019,2017-10-16,30 ,25 ,74,9 ,29.71 ,7.2 
1020,2017-10-17,30 ,22 ,67,13 ,29.71 ,0.0 
1021,2017-10-18,30 ,20 ,61,11 ,29.68 ,0.0 
1022,2017-10-19,30 ,18 ,55,11 ,29.68 ,0.0 
1023,2017-10-20,30 ,18 ,52,7 ,29.74 ,0.0 
1024,2017-10-21,30 ,19 ,54,7 ,29.77 ,0.0 
1025,2017-10-22,30 ,20 ,57,6 ,29.77 ,0.0 
1026,2017-10-23,31 ,21 ,59,6 ,29.8 ,0.0 
1027,2017-10-24,30 ,23 ,71,5 ,29.85 ,0.9 
1028,2017-10-25,29 ,24 ,80,8 ,29.91 ,3.9 
1029,2017-10-26,28 ,23 ,75,8 ,29.94 ,0.0 
1030,2017-10-27,28 ,21 ,68,7 ,29.91 ,0.0 
1031,2017-10-28,29 ,21 ,66,6 ,29.88 ,0.0 
1032,2017-10-29,28 ,20 ,66,9 ,29.91 ,0.0 
1033,2017-10-30,28 ,19 ,61,9 ,29.91 ,0.0 
1034,2017-10-31,28 ,19 ,62,9 ,29.88 ,0.0 
1035,2017-11-01,27 ,18 ,62,9 ,29.88 ,0.0 
1036,2017-11-02,27 ,18 ,62,9 ,29.85 ,0.0 
1037,2017-11-03,27 ,19 ,64,9 ,29.85 ,0.0 
1038,2017-11-04,26 ,20 ,75,11 ,29.85 ,1.6 
1039,2017-11-05,27 ,22 ,80,10 ,29.88 ,0.4 
1040,2017-11-06,28 ,22 ,78,9 ,29.88 ,0.1 
1041,2017-11-07,28 ,22 ,76,8 ,29.88 ,1.1 
1042,2017-11-08,28 ,21 ,72,7 ,29.88 ,0.0 
1043,2017-11-09,27 ,21 ,67,7 ,29.85 ,0.0 
1044,2017-11-10,27 ,20 ,64,8 ,29.85 ,0.0 
1045,2017-11-11,27 ,18 ,61,12 ,29.85 ,0.0 
1046,2017-11-12,27 ,16 ,58,12 ,29.8 ,0.0 
1047,2017-11-13,26 ,18 ,66,9 ,29.77 ,0.9 
1048,2017-11-14,27 ,20 ,72,8 ,29.74 ,0.5 
1049,2017-11-15,29 ,20 ,66,12 ,29.74 ,0.0 
1050,2017-11-16,29 ,21 ,67,13 ,29.77 ,0.0 
1051,2017-11-17,29 ,22 ,73,8 ,29.8 ,0.3 
1052,2017-11-18,28 ,23 ,78,5 ,29.83 ,0.2 
1053,2017-11-19,29 ,23 ,78,5 ,29.88 ,1.2 
1054,2017-11-20,28 ,24 ,80,5 ,29.88 ,1.7 
1055,2017-11-21,28 ,23 ,79,6 ,29.88 ,0.7 
1056,2017-11-22,28 ,22 ,73,6 ,29.85 ,0.0 
1057,2017-11-23,29 ,22 ,71,4 ,29.85 ,0.0 
1058,2017-11-24,28 ,22 ,75,6 ,29.88 ,0.1 
1059,2017-11-25,27 ,21 ,70,7 ,29.91 ,0.0 
1060,2017-11-26,26 ,19 ,64,8 ,29.94 ,0.0 
1061,2017-11-27,26 ,20 ,68,7 ,29.91 ,0.0 
1062,2017-11-28,26 ,20 ,68,6 ,29.91 ,0.0 
1063,2017-11-29,26 ,19 ,70,9 ,29.94 ,0.0 
1064,2017-11-30,26 ,18 ,69,10 ,29.91 ,0.0 
1065,2017-12-01,26 ,19 ,72,11 ,29.88 ,0.0 
1066,2017-12-02,26 ,18 ,72,11 ,29.91 ,0.0 
1067,2017-12-03,25 ,19 ,71,9 ,29.94 ,0.0 
1068,2017-12-04,25 ,18 ,71,8 ,29.91 ,0.0 
1069,2017-12-05,26 ,19 ,75,9 ,29.88 ,0.0 
1070,2017-12-06,26 ,19 ,73,7 ,29.85 ,0.0 
1071,2017-12-07,26 ,19 ,69,6 ,29.85 ,0.0 
1072,2017-12-08,28 ,16 ,53,7 ,29.83 ,0.0 
1073,2017-12-09,28 ,14 ,47,12 ,29.85 ,0.0 
1074,2017-12-10,27 ,13 ,44,10 ,29.88 ,0.0 
1075,2017-12-11,27 ,13 ,48,7 ,29.94 ,0.0 
1076,2017-12-12,27 ,22 ,71,5 ,29.94 ,0.0 
1077,2017-12-13,27 ,21 ,75,5 ,29.94 ,0.0 
1078,2017-12-14,27 ,21 ,75,7 ,29.97 ,0.1 
1079,2017-12-15,27 ,20 ,72,9 ,30.0 ,0.0 
1080,2017-12-16,27 ,19 ,66,7 ,30.03 ,0.0 
1081,2017-12-17,26 ,17 ,60,7 ,30.03 ,0.0 
1082,2017-12-18,26 ,17 ,58,6 ,30.03 ,0.0 
1083,2017-12-19,25 ,17 ,63,7 ,30.03 ,0.0 
1084,2017-12-20,25 ,15 ,59,7 ,30.03 ,0.0 
1085,2017-12-21,25 ,16 ,60,7 ,30.03 ,0.0 
1086,2017-12-22,26 ,18 ,66,6 ,30.0 ,0.0 
1087,2017-12-23,26 ,19 ,72,6 ,29.94 ,0.0 
1088,2017-12-24,26 ,19 ,72,7 ,29.94 ,0.0 
1089,2017-12-25,26 ,19 ,72,7 ,29.94 ,0.0 
1090,2017-12-26,26 ,18 ,67,6 ,29.97 ,0.0 
1091,2017-12-27,25 ,16 ,57,7 ,29.97 ,0.0 
1092,2017-12-28,25 ,16 ,61,7 ,29.94 ,0.0 
1093,2017-12-29,25 ,16 ,61,7 ,29.97 ,0.0 
1094,2017-12-30,25 ,17 ,68,7 ,29.94 ,0.0 
1095,2017-12-31,26 ,17 ,66,8 ,29.88 ,0.0 
1096,2018-01-01,27 ,15 ,56,7 ,29.83 ,0.0 
1097,2018-01-02,26 ,19 ,72,8 ,29.85 ,0.0 
1098,2018-01-03,26 ,17 ,64,8 ,29.88 ,0.0 
1099,2018-01-04,26 ,14 ,57,6 ,29.91 ,0.0 
1100,2018-01-05,25 ,17 ,62,6 ,29.88 ,0.0 
1101,2018-01-06,25 ,16 ,61,5 ,29.88 ,0.0 
1102,2018-01-07,25 ,17 ,62,6 ,29.91 ,0.0 
1103,2018-01-08,25 ,18 ,67,7 ,29.94 ,0.0 
1104,2018-01-09,26 ,17 ,69,10 ,30.0 ,0.0 
1105,2018-01-10,26 ,18 ,71,8 ,30.0 ,0.0 
1106,2018-01-11,27 ,19 ,72,6 ,29.97 ,0.0 
1107,2018-01-12,28 ,21 ,68,5 ,29.94 ,0.0 
1108,2018-01-13,28 ,22 ,69,4 ,29.91 ,0.0 
1109,2018-01-14,28 ,20 ,72,7 ,29.94 ,0.0 
1110,2018-01-15,28 ,19 ,68,6 ,29.94 ,0.0 
1111,2018-01-16,27 ,19 ,67,6 ,29.91 ,0.0 
1112,2018-01-17,26 ,19 ,70,5 ,29.91 ,0.0 
1113,2018-01-18,26 ,18 ,64,5 ,29.91 ,0.0 
1114,2018-01-19,26 ,18 ,64,7 ,29.94 ,0.0 
1115,2018-01-20,26 ,19 ,65,5 ,29.94 ,0.0 
1116,2018-01-21,26 ,18 ,64,6 ,29.91 ,0.0 
1117,2018-01-22,25 ,17 ,64,7 ,29.88 ,0.0 
1118,2018-01-23,26 ,18 ,65,8 ,29.88 ,0.0 
1119,2018-01-24,27 ,18 ,66,5 ,29.85 ,0.0 
1120,2018-01-25,28 ,17 ,61,5 ,29.83 ,0.0 
1121,2018-01-26,27 ,17 ,61,6 ,29.85 ,0.0 
1122,2018-01-27,27 ,19 ,66,6 ,29.88 ,0.0 
1123,2018-01-28,27 ,18 ,68,8 ,29.91 ,0.0 
1124,2018-01-29,27 ,18 ,69,8 ,29.94 ,0.0 
1125,2018-01-30,27 ,18 ,66,6 ,29.94 ,0.0 
1126,2018-01-31,28 ,17 ,57,5 ,29.94 ,0.0 
1127,2018-02-01,28 ,13 ,44,6 ,29.91 ,0.0 
1128,2018-02-02,28 ,13 ,47,8 ,29.91 ,0.0 
1129,2018-02-03,27 ,15 ,56,8 ,29.94 ,0.0 
1130,2018-02-04,27 ,15 ,56,8 ,29.94 ,0.0 
1131,2018-02-05,27 ,15 ,61,9 ,30.0 ,0.0 
1132,2018-02-06,28 ,16 ,63,7 ,29.97 ,0.0 
1133,2018-02-07,29 ,17 ,59,3 ,29.91 ,0.0 
1134,2018-02-08,30 ,15 ,50,6 ,29.88 ,0.0 
1135,2018-02-09,29 ,20 ,66,9 ,29.88 ,0.0 
1136,2018-02-10,29 ,19 ,69,10 ,29.91 ,0.0 
1137,2018-02-11,28 ,19 ,72,10 ,29.97 ,0.0 
1138,2018-02-12,28 ,19 ,70,11 ,30.0 ,0.0 
1139,2018-02-13,27 ,19 ,72,10 ,30.06 ,0.0 
1140,2018-02-14,28 ,16 ,65,11 ,30.06 ,0.0 
1141,2018-02-15,28 ,16 ,61,8 ,30.06 ,0.0 
1142,2018-02-16,29 ,17 ,57,5 ,30.0 ,0.0 
1143,2018-02-17,29 ,16 ,58,6 ,29.91 ,0.0 
1144,2018-02-18,28 ,19 ,67,8 ,29.88 ,0.0 
1145,2018-02-19,28 ,19 ,66,9 ,29.91 ,0.0 
1146,2018-02-20,29 ,19 ,65,9 ,29.88 ,0.0 
1147,2018-02-21,29 ,18 ,62,9 ,29.85 ,0.0 
1148,2018-02-22,30 ,18 ,60,7 ,29.85 ,0.0 
1149,2018-02-23,29 ,18 ,61,9 ,29.88 ,0.0 
1150,2018-02-24,29 ,18 ,59,8 ,29.94 ,0.0 
1151,2018-02-25,29 ,15 ,53,8 ,29.94 ,0.0 
1152,2018-02-26,31 ,12 ,39,5 ,29.88 ,0.0 
1153,2018-02-27,32 ,12 ,36,8 ,29.85 ,0.0 
1154,2018-02-28,32 ,16 ,46,7 ,29.85 ,0.0 
1155,2018-03-01,31 ,18 ,53,8 ,29.85 ,0.0 
1156,2018-03-02,32 ,17 ,49,7 ,29.83 ,0.0 
1157,2018-03-03,32 ,12 ,36,10 ,29.8 ,0.0 
1158,2018-03-04,32 ,14 ,42,13 ,29.8 ,0.0 
1159,2018-03-05,31 ,17 ,53,12 ,29.85 ,0.0 
1160,2018-03-06,31 ,17 ,55,12 ,29.85 ,0.0 
1161,2018-03-07,31 ,17 ,53,11 ,29.85 ,0.0 
1162,2018-03-08,31 ,14 ,43,11 ,29.85 ,0.0 
1163,2018-03-09,31 ,20 ,60,10 ,29.85 ,0.0 
1164,2018-03-10,32 ,19 ,57,9 ,29.85 ,0.0 
1165,2018-03-11,31 ,20 ,63,9 ,29.88 ,0.0 
1166,2018-03-12,32 ,19 ,63,11 ,29.88 ,0.0 
1167,2018-03-13,32 ,19 ,59,9 ,29.88 ,0.0 
1168,2018-03-14,32 ,19 ,57,12 ,29.83 ,0.0 
1169,2018-03-15,33 ,19 ,58,16 ,29.83 ,0.0 
1170,2018-03-16,30 ,22 ,71,10 ,29.8 ,0.1 
1171,2018-03-17,30 ,20 ,61,11 ,29.85 ,2.2 
1172,2018-03-18,31 ,19 ,56,10 ,29.88 ,0.0 
1173,2018-03-19,32 ,18 ,52,10 ,29.88 ,0.0 
1174,2018-03-20,33 ,19 ,53,12 ,29.85 ,0.0 
1175,2018-03-21,34 ,18 ,51,13 ,29.8 ,0.0 
1176,2018-03-22,33 ,20 ,57,10 ,29.74 ,0.0 
1177,2018-03-23,35 ,21 ,56,8 ,29.74 ,0.0 
1178,2018-03-24,34 ,23 ,63,11 ,29.8 ,0.0 
1179,2018-03-25,33 ,22 ,62,13 ,29.88 ,0.0 
1180,2018-03-26,33 ,19 ,58,12 ,29.88 ,0.0 
1181,2018-03-27,33 ,19 ,56,13 ,29.83 ,0.0 
1182,2018-03-28,34 ,22 ,66,14 ,29.8 ,0.0 
1183,2018-03-29,34 ,23 ,65,15 ,29.77 ,0.0 
1184,2018-03-30,34 ,23 ,65,16 ,29.74 ,0.0 
1185,2018-03-31,33 ,23 ,67,15 ,29.77 ,0.0 
1186,2018-04-01,33 ,23 ,66,16 ,29.77 ,0.0 
1187,2018-04-02,31 ,23 ,70,14 ,29.83 ,0.1 
1188,2018-04-03,32 ,23 ,69,13 ,29.8 ,0.2 
1189,2018-04-04,33 ,22 ,66,15 ,29.74 ,0.0 
1190,2018-04-05,33 ,21 ,61,15 ,29.74 ,0.0 
1191,2018-04-06,33 ,21 ,60,15 ,29.77 ,0.0 
1192,2018-04-07,33 ,21 ,60,13 ,29.8 ,0.2 
1193,2018-04-08,33 ,22 ,62,12 ,29.83 ,0.2 
1194,2018-04-09,33 ,21 ,60,14 ,29.85 ,0.0 
1195,2018-04-10,32 ,21 ,61,13 ,29.83 ,0.0 
1196,2018-04-11,33 ,21 ,60,14 ,29.8 ,0.0 
1197,2018-04-12,34 ,22 ,60,14 ,29.77 ,0.0 
1198,2018-04-13,33 ,22 ,63,15 ,29.8 ,0.0 
1199,2018-04-14,34 ,23 ,62,15 ,29.77 ,0.0 
1200,2018-04-15,34 ,23 ,63,15 ,29.8 ,0.0 
1201,2018-04-16,35 ,22 ,56,12 ,29.8 ,0.0 
1202,2018-04-17,35 ,22 ,58,15 ,29.83 ,0.0 
1203,2018-04-18,36 ,22 ,55,13 ,29.77 ,0.0 
1204,2018-04-19,36 ,23 ,55,16 ,29.71 ,0.0 
1205,2018-04-20,37 ,23 ,54,16 ,29.71 ,0.0 
1206,2018-04-21,35 ,24 ,61,18 ,29.71 ,0.0 
1207,2018-04-22,36 ,23 ,57,16 ,29.74 ,0.0 
1208,2018-04-23,35 ,23 ,59,14 ,29.74 ,0.0 
1209,2018-04-24,34 ,22 ,59,18 ,29.74 ,0.4 
1210,2018-04-25,35 ,22 ,59,15 ,29.74 ,0.0 
1211,2018-04-26,35 ,23 ,58,15 ,29.71 ,0.0 
1212,2018-04-27,35 ,22 ,59,16 ,29.77 ,0.0 
1213,2018-04-28,35 ,22 ,58,17 ,29.8 ,0.0 
1214,2018-04-29,35 ,23 ,61,18 ,29.71 ,0.0 
1215,2018-04-30,36 ,23 ,58,17 ,29.65 ,0.0 
1216,2018-05-01,36 ,24 ,58,16 ,29.71 ,0.0 
1217,2018-05-02,36 ,24 ,60,13 ,29.71 ,0.0 
1218,2018-05-03,34 ,24 ,64,15 ,29.77 ,3.6 
1219,2018-05-04,34 ,23 ,60,14 ,29.8 ,0.0 
1220,2018-05-05,35 ,23 ,58,17 ,29.8 ,0.0 
1221,2018-05-06,35 ,22 ,57,15 ,29.8 ,0.0 
1222,2018-05-07,36 ,23 ,54,14 ,29.74 ,0.0 
1223,2018-05-08,37 ,22 ,49,15 ,29.68 ,0.0 
1224,2018-05-09,35 ,23 ,55,15 ,29.74 ,0.5 
1225,2018-05-10,36 ,23 ,55,17 ,29.77 ,0.0 
1226,2018-05-11,37 ,23 ,54,15 ,29.74 ,0.0 
1227,2018-05-12,36 ,24 ,57,15 ,29.71 ,0.0 
1228,2018-05-13,36 ,24 ,56,14 ,29.71 ,0.4 
1229,2018-05-14,35 ,23 ,56,15 ,29.74 ,0.0 
1230,2018-05-15,35 ,21 ,52,14 ,29.74 ,0.0 
1231,2018-05-16,35 ,21 ,52,16 ,29.71 ,0.0 
1232,2018-05-17,35 ,23 ,59,18 ,29.68 ,0.0 
1233,2018-05-18,37 ,22 ,51,10 ,29.68 ,0.0 
1234,2018-05-19,37 ,22 ,51,15 ,29.65 ,0.0 
1235,2018-05-20,36 ,22 ,52,16 ,29.65 ,0.0 
1236,2018-05-21,35 ,24 ,60,17 ,29.68 ,0.0 
1237,2018-05-22,35 ,23 ,56,15 ,29.68 ,0.0 
1238,2018-05-23,35 ,23 ,59,16 ,29.68 ,0.0 
1239,2018-05-24,35 ,23 ,55,15 ,29.65 ,0.1 
1240,2018-05-25,35 ,23 ,59,16 ,29.65 ,0.0 
1241,2018-05-26,35 ,23 ,60,16 ,29.65 ,0.0 
1242,2018-05-27,36 ,23 ,56,13 ,29.62 ,0.0 
1243,2018-05-28,35 ,23 ,58,16 ,29.59 ,0.0 
1244,2018-05-29,39 ,23 ,52,14 ,29.53 ,0.0 
1245,2018-05-30,40 ,23 ,47,12 ,29.56 ,0.0 
1246,2018-05-31,38 ,24 ,54,14 ,29.62 ,0.5 
1247,2018-06-01,36 ,24 ,58,11 ,29.65 ,14.7 
1248,2018-06-02,35 ,23 ,56,10 ,29.68 ,4.3 
1249,2018-06-03,36 ,21 ,46,8 ,29.62 ,0.0 
1250,2018-06-04,38 ,20 ,41,13 ,29.56 ,0.0 
1251,2018-06-05,37 ,20 ,41,15 ,29.59 ,0.7 
1252,2018-06-06,34 ,22 ,52,12 ,29.65 ,3.4 
1253,2018-06-07,32 ,23 ,60,14 ,29.62 ,8.7 
1254,2018-06-08,34 ,22 ,54,18 ,29.56 ,1.0 
1255,2018-06-09,33 ,21 ,55,19 ,29.53 ,1.5 
1256,2018-06-10,33 ,21 ,54,21 ,29.56 ,2.2 
1257,2018-06-11,32 ,21 ,55,20 ,29.56 ,4.8 
1258,2018-06-12,34 ,22 ,53,18 ,29.56 ,1.1 
1259,2018-06-13,36 ,21 ,47,18 ,29.59 ,0.5 
1260,2018-06-14,37 ,21 ,43,17 ,29.62 ,0.0 
1261,2018-06-15,38 ,20 ,41,15 ,29.62 ,1.0 
1262,2018-06-16,38 ,19 ,37,16 ,29.65 ,0.5 
1263,2018-06-17,38 ,18 ,34,20 ,29.65 ,0.2 
1264,2018-06-18,38 ,18 ,36,20 ,29.65 ,0.5 
1265,2018-06-19,37 ,19 ,41,17 ,29.62 ,1.2 
1266,2018-06-20,37 ,20 ,44,17 ,29.62 ,0.2 
1267,2018-06-21,36 ,21 ,47,14 ,29.59 ,2.8 
1268,2018-06-22,34 ,22 ,52,10 ,29.62 ,3.1 
1269,2018-06-23,34 ,22 ,53,11 ,29.62 ,3.0 
1270,2018-06-24,35 ,21 ,47,13 ,29.62 ,2.4 
1271,2018-06-25,36 ,20 ,44,13 ,29.59 ,3.7 
1272,2018-06-26,36 ,19 ,42,20 ,29.59 ,0.5 
1273,2018-06-27,33 ,20 ,48,20 ,29.59 ,1.3 
1274,2018-06-28,33 ,20 ,51,13 ,29.62 ,0.0 
1275,2018-06-29,34 ,21 ,50,12 ,29.65 ,3.0 
1276,2018-06-30,35 ,21 ,49,10 ,29.65 ,0.6 
1277,2018-07-01,33 ,21 ,52,11 ,29.68 ,2.1 
1278,2018-07-02,35 ,21 ,52,11 ,29.65 ,0.0 
1279,2018-07-03,35 ,20 ,46,17 ,29.65 ,4.2 
1280,2018-07-04,35 ,20 ,43,19 ,29.68 ,0.1 
1281,2018-07-05,36 ,19 ,43,22 ,29.65 ,0.0 
1282,2018-07-06,34 ,20 ,48,20 ,29.62 ,3.0 
1283,2018-07-07,31 ,21 ,57,21 ,29.59 ,1.5 
1284,2018-07-08,29 ,22 ,66,21 ,29.56 ,4.0 
1285,2018-07-09,31 ,22 ,62,19 ,29.56 ,3.1 
1286,2018-07-10,31 ,21 ,61,16 ,29.59 ,0.4 
1287,2018-07-11,28 ,22 ,71,20 ,29.59 ,2.8 
1288,2018-07-12,27 ,22 ,74,20 ,29.59 ,1.6 
1289,2018-07-13,28 ,22 ,72,15 ,29.59 ,0.0 
1290,2018-07-14,32 ,22 ,61,19 ,29.56 ,0.0 
1291,2018-07-15,30 ,22 ,65,20 ,29.53 ,1.5 
1292,2018-07-16,31 ,22 ,61,21 ,29.56 ,0.0 
1293,2018-07-17,34 ,21 ,52,22 ,29.56 ,0.0 
1294,2018-07-18,34 ,21 ,50,22 ,29.59 ,0.0 
1295,2018-07-19,35 ,20 ,48,22 ,29.59 ,1.1 
1296,2018-07-20,33 ,20 ,51,22 ,29.62 ,0.0 
1297,2018-07-21,33 ,20 ,50,20 ,29.62 ,0.6 
1298,2018-07-22,34 ,20 ,48,22 ,29.62 ,0.0 
1299,2018-07-23,35 ,20 ,46,20 ,29.62 ,0.0 
1300,2018-07-24,35 ,20 ,45,20 ,29.65 ,0.0 
1301,2018-07-25,35 ,20 ,45,19 ,29.65 ,0.3 
1302,2018-07-26,35 ,20 ,44,21 ,29.68 ,0.0 
1303,2018-07-27,35 ,20 ,46,20 ,29.68 ,0.3 
1304,2018-07-28,35 ,20 ,45,20 ,29.65 ,0.0 
1305,2018-07-29,35 ,20 ,46,20 ,29.62 ,0.0 
1306,2018-07-30,35 ,20 ,45,18 ,29.62 ,0.0 
1307,2018-07-31,34 ,19 ,44,19 ,29.65 ,0.0 
1308,2018-08-01,35 ,20 ,46,18 ,29.68 ,1.0 
1309,2018-08-02,34 ,20 ,48,18 ,29.71 ,0.0 
1310,2018-08-03,34 ,20 ,46,18 ,29.71 ,0.0 
1311,2018-08-04,35 ,20 ,46,20 ,29.68 ,0.1 
1312,2018-08-05,34 ,20 ,46,22 ,29.68 ,0.0 
1313,2018-08-06,33 ,19 ,47,23 ,29.65 ,1.4 
1314,2018-08-07,32 ,20 ,52,21 ,29.62 ,3.0 
1315,2018-08-08,31 ,21 ,58,20 ,29.62 ,1.9 
1316,2018-08-09,33 ,21 ,53,15 ,29.68 ,0.9 
1317,2018-08-10,32 ,21 ,54,19 ,29.71 ,2.1 
1318,2018-08-11,29 ,22 ,65,22 ,29.65 ,5.4 
1319,2018-08-12,27 ,22 ,75,18 ,29.62 ,2.5 
1320,2018-08-13,29 ,23 ,75,17 ,29.62 ,9.3 
1321,2018-08-14,27 ,23 ,82,13 ,29.59 ,13.9 
1322,2018-08-15,26 ,23 ,81,19 ,29.56 ,10.8 
1323,2018-08-16,30 ,22 ,69,24 ,29.56 ,1.4 
1324,2018-08-17,32 ,22 ,61,17 ,29.56 ,0.0 
1325,2018-08-18,31 ,22 ,66,18 ,29.59 ,3.6 
1326,2018-08-19,26 ,23 ,83,19 ,29.59 ,20.0 
1327,2018-08-20,26 ,23 ,84,20 ,29.62 ,16.4 
1328,2018-08-21,32 ,22 ,66,18 ,29.65 ,0.1 
1329,2018-08-22,33 ,22 ,61,15 ,29.68 ,0.0 
1330,2018-08-23,33 ,22 ,60,17 ,29.68 ,0.0 
1331,2018-08-24,33 ,22 ,57,19 ,29.68 ,0.0 
1332,2018-08-25,31 ,22 ,62,12 ,29.68 ,5.0 
1333,2018-08-26,31 ,22 ,62,15 ,29.65 ,0.0 
1334,2018-08-27,30 ,22 ,69,15 ,29.65 ,3.8 
1335,2018-08-28,30 ,23 ,70,11 ,29.68 ,5.9 
1336,2018-08-29,31 ,23 ,67,9 ,29.71 ,2.2 
1337,2018-08-30,33 ,22 ,60,13 ,29.68 ,0.0 
1338,2018-08-31,32 ,22 ,58,13 ,29.68 ,0.0 
1339,2018-09-01,31 ,22 ,63,11 ,29.71 ,3.4 
1340,2018-09-02,32 ,22 ,61,13 ,29.74 ,0.6 
1341,2018-09-03,33 ,21 ,56,13 ,29.74 ,0.0 
1342,2018-09-04,33 ,21 ,56,11 ,29.74 ,0.0 
1343,2018-09-05,32 ,21 ,55,14 ,29.71 ,0.4 
1344,2018-09-06,32 ,21 ,56,15 ,29.68 ,0.0 
1345,2018-09-07,31 ,22 ,63,13 ,29.71 ,2.8 
1346,2018-09-08,33 ,21 ,56,10 ,29.74 ,0.2 
1347,2018-09-09,33 ,21 ,55,5 ,29.77 ,0.2 
1348,2018-09-10,33 ,22 ,57,8 ,29.83 ,0.1 
1349,2018-09-11,33 ,23 ,62,5 ,29.83 ,2.3 
1350,2018-09-12,33 ,23 ,62,6 ,29.77 ,4.2 
1351,2018-09-13,32 ,24 ,65,7 ,29.74 ,0.8 
1352,2018-09-14,32 ,24 ,66,7 ,29.77 ,5.9 
1353,2018-09-15,33 ,24 ,64,5 ,29.77 ,0.5 
1354,2018-09-16,31 ,24 ,68,9 ,29.71 ,1.9 
1355,2018-09-17,30 ,23 ,70,9 ,29.68 ,5.9 
1356,2018-09-18,30 ,23 ,72,12 ,29.71 ,3.1 
1357,2018-09-19,31 ,23 ,70,13 ,29.68 ,1.0 
1358,2018-09-20,29 ,23 ,71,12 ,29.62 ,2.0 
1359,2018-09-21,30 ,22 ,66,14 ,29.65 ,3.3 
1360,2018-09-22,30 ,23 ,70,9 ,29.8 ,0.5 
1361,2018-09-23,31 ,24 ,75,8 ,29.85 ,0.1 
1362,2018-09-24,30 ,24 ,76,8 ,29.85 ,1.7 
1363,2018-09-25,31 ,25 ,74,7 ,29.8 ,1.1 
1364,2018-09-26,30 ,25 ,76,6 ,29.77 ,5.3 
1365,2018-09-27,30 ,24 ,75,7 ,29.8 ,1.9 
1366,2018-09-28,30 ,24 ,75,6 ,29.8 ,1.9 
1367,2018-09-29,31 ,24 ,72,5 ,29.8 ,0.0 
1368,2018-09-30,31 ,25 ,74,5 ,29.8 ,0.4 
1369,2018-10-01,31 ,24 ,73,8 ,29.8 ,0.6 
1370,2018-10-02,30 ,24 ,75,7 ,29.83 ,0.3 
1371,2018-10-03,31 ,24 ,73,6 ,29.83 ,0.2 
1372,2018-10-04,30 ,24 ,73,9 ,29.83 ,0.0 
1373,2018-10-05,29 ,24 ,79,9 ,29.85 ,2.9 
1374,2018-10-06,30 ,23 ,72,8 ,29.83 ,0.0 
1375,2018-10-07,30 ,23 ,71,8 ,29.83 ,0.0 
1376,2018-10-08,30 ,24 ,70,7 ,29.8 ,0.0 
1377,2018-10-09,30 ,21 ,63,11 ,29.74 ,0.0 
1378,2018-10-10,29 ,18 ,56,16 ,29.68 ,0.0 
1379,2018-10-11,30 ,19 ,56,16 ,29.68 ,0.0 
1380,2018-10-12,31 ,22 ,66,10 ,29.77 ,0.4 
1381,2018-10-13,30 ,24 ,73,6 ,29.83 ,1.6 
1382,2018-10-14,30 ,24 ,74,5 ,29.85 ,2.7 
1383,2018-10-15,30 ,24 ,75,6 ,29.88 ,4.7 
1384,2018-10-16,29 ,24 ,81,6 ,29.91 ,13.6 
1385,2018-10-17,28 ,24 ,81,5 ,29.88 ,10.5 
1386,2018-10-18,28 ,23 ,78,4 ,29.88 ,1.4 
1387,2018-10-19,28 ,21 ,71,5 ,29.88 ,0.0 
1388,2018-10-20,28 ,20 ,67,6 ,29.91 ,0.0 
1389,2018-10-21,29 ,21 ,70,6 ,29.91 ,0.0 
1390,2018-10-22,29 ,23 ,71,5 ,29.88 ,0.0 
1391,2018-10-23,29 ,23 ,72,5 ,29.88 ,0.0 
1392,2018-10-24,29 ,23 ,71,6 ,29.88 ,0.0 
1393,2018-10-25,29 ,22 ,72,5 ,29.94 ,0.3 
1394,2018-10-26,28 ,22 ,72,7 ,29.94 ,0.0 
1395,2018-10-27,28 ,20 ,63,7 ,29.94 ,0.0 
1396,2018-10-28,27 ,18 ,59,10 ,29.88 ,0.0 
1397,2018-10-29,27 ,17 ,60,11 ,29.85 ,0.0 
1398,2018-10-30,28 ,20 ,67,8 ,29.83 ,0.1 
1399,2018-10-31,28 ,21 ,76,10 ,29.85 ,1.0 
1400,2018-11-01,27 ,23 ,83,10 ,29.85 ,5.2 
1401,2018-11-02,28 ,23 ,83,9 ,29.88 ,5.3 
1402,2018-11-03,28 ,23 ,82,8 ,29.91 ,1.0 
1403,2018-11-04,28 ,23 ,81,8 ,29.91 ,0.0 
1404,2018-11-05,29 ,23 ,79,6 ,29.88 ,0.5 
1405,2018-11-06,28 ,23 ,78,6 ,29.91 ,0.0 
1406,2018-11-07,28 ,22 ,72,5 ,29.91 ,0.0 
1407,2018-11-08,28 ,22 ,72,6 ,29.88 ,0.0 
1408,2018-11-09,28 ,22 ,74,5 ,29.85 ,0.0 
1409,2018-11-10,28 ,22 ,72,5 ,29.88 ,0.1 
1410,2018-11-11,27 ,21 ,66,6 ,29.88 ,0.0 
1411,2018-11-12,26 ,18 ,60,8 ,29.85 ,0.0 
1412,2018-11-13,26 ,17 ,55,9 ,29.83 ,0.0 
1413,2018-11-14,27 ,19 ,60,7 ,29.83 ,0.0 
1414,2018-11-15,28 ,19 ,67,10 ,29.85 ,0.0 
1415,2018-11-16,28 ,23 ,85,10 ,29.88 ,6.4 
1416,2018-11-17,28 ,23 ,82,8 ,29.88 ,3.6 
1417,2018-11-18,29 ,23 ,80,8 ,29.88 ,0.1 
1418,2018-11-19,28 ,23 ,81,8 ,29.94 ,0.6 
1419,2018-11-20,28 ,22 ,76,9 ,29.94 ,0.0 
1420,2018-11-21,25 ,20 ,76,10 ,29.94 ,0.0 
1421,2018-11-22,24 ,20 ,80,7 ,29.97 ,1.2 
1422,2018-11-23,28 ,20 ,72,7 ,30.0 ,0.0 
1423,2018-11-24,27 ,19 ,63,6 ,30.0 ,0.0 
1424,2018-11-25,26 ,17 ,55,5 ,29.97 ,0.0 
1425,2018-11-26,25 ,17 ,58,5 ,29.94 ,0.0 
1426,2018-11-27,25 ,19 ,66,5 ,29.97 ,0.0 
1427,2018-11-28,26 ,19 ,68,8 ,29.97 ,0.0 
1428,2018-11-29,26 ,20 ,73,7 ,30.0 ,0.0 
1429,2018-11-30,27 ,20 ,70,6 ,30.0 ,0.1 
1430,2018-12-01,26 ,19 ,70,7 ,29.94 ,0.0 
1431,2018-12-02,26 ,19 ,76,9 ,29.88 ,0.1 
1432,2018-12-03,26 ,20 ,75,8 ,29.91 ,0.1 
1433,2018-12-04,25 ,20 ,79,9 ,29.94 ,0.1 
1434,2018-12-05,27 ,22 ,79,8 ,29.91 ,1.2 
1435,2018-12-06,27 ,23 ,83,6 ,29.88 ,7.3 
1436,2018-12-07,27 ,22 ,82,8 ,29.88 ,0.2 
1437,2018-12-08,27 ,22 ,80,6 ,29.91 ,0.0 
1438,2018-12-09,27 ,21 ,78,7 ,29.91 ,0.1 
1439,2018-12-10,26 ,21 ,76,8 ,29.91 ,0.0 
1440,2018-12-11,27 ,21 ,72,8 ,29.91 ,0.0 
1441,2018-12-12,27 ,21 ,73,7 ,29.94 ,0.0 
1442,2018-12-13,27 ,20 ,75,8 ,29.94 ,0.0 
1443,2018-12-14,27 ,18 ,67,9 ,29.97 ,0.0 
1444,2018-12-15,26 ,18 ,66,10 ,29.97 ,0.0 
1445,2018-12-16,20 ,14 ,67,14 ,29.94 ,1.7 
1446,2018-12-17,20 ,17 ,90,20 ,29.85 ,12.3 
1447,2018-12-18,22 ,17 ,79,14 ,29.94 ,0.0 
1448,2018-12-19,22 ,17 ,78,10 ,29.97 ,0.3 
1449,2018-12-20,25 ,19 ,78,8 ,29.97 ,0.0 
1450,2018-12-21,26 ,20 ,76,7 ,29.94 ,0.1 
1451,2018-12-22,26 ,20 ,79,8 ,29.94 ,0.0 
1452,2018-12-23,26 ,20 ,78,7 ,29.97 ,0.0 
1453,2018-12-24,26 ,20 ,72,6 ,29.97 ,0.0 
1454,2018-12-25,26 ,19 ,72,5 ,29.94 ,0.0 
1455,2018-12-26,26 ,20 ,75,7 ,29.94 ,0.0 
1456,2018-12-27,26 ,20 ,75,8 ,29.91 ,0.0 
1457,2018-12-28,26 ,18 ,69,6 ,29.91 ,2.0 
1458,2018-12-29,23 ,15 ,57,8 ,30.0 ,0.0 
1459,2018-12-30,24 ,17 ,70,9 ,30.06 ,0.0 
1460,2018-12-31,22 ,10 ,47,7 ,30.09 ,0.0 
1461,2019-01-01,25 ,10 ,46,5 ,30.09 ,0.0 
1462,2019-01-02,26 ,17 ,65,5 ,30.06 ,0.0 
1463,2019-01-03,28 ,19 ,69,4 ,30.06 ,0.0 
1464,2019-01-04,26 ,18 ,72,7 ,30.06 ,0.0 
1465,2019-01-05,26 ,19 ,72,8 ,30.03 ,0.0 
1466,2019-01-06,25 ,18 ,74,8 ,30.0 ,0.0 
1467,2019-01-07,27 ,18 ,69,6 ,29.97 ,0.0 
1468,2019-01-08,28 ,16 ,59,7 ,29.94 ,0.0 
1469,2019-01-09,28 ,12 ,46,6 ,29.94 ,0.0 
1470,2019-01-10,26 ,19 ,71,8 ,29.97 ,0.0 
1471,2019-01-11,25 ,19 ,77,9 ,30.0 ,0.0 
1472,2019-01-12,26 ,19 ,74,9 ,29.97 ,0.0 
1473,2019-01-13,26 ,19 ,74,9 ,30.0 ,0.0 
1474,2019-01-14,27 ,19 ,72,8 ,29.97 ,0.0 
1475,2019-01-15,27 ,18 ,69,7 ,29.97 ,0.0 
1476,2019-01-16,26 ,19 ,73,8 ,29.97 ,0.0 
1477,2019-01-17,26 ,19 ,76,8 ,29.94 ,0.0 
1478,2019-01-18,27 ,19 ,74,8 ,29.94 ,0.0 
1479,2019-01-19,28 ,19 ,72,7 ,29.97 ,0.0 
1480,2019-01-20,27 ,19 ,72,7 ,30.0 ,0.0 
1481,2019-01-21,27 ,19 ,70,8 ,29.97 ,0.0 
1482,2019-01-22,26 ,18 ,70,10 ,29.97 ,0.0 
1483,2019-01-23,26 ,19 ,73,11 ,29.94 ,0.0 
1484,2019-01-24,27 ,19 ,74,10 ,29.97 ,0.0 
1485,2019-01-25,27 ,20 ,77,15 ,29.94 ,0.0 
1486,2019-01-26,27 ,20 ,75,14 ,29.94 ,0.1 
1487,2019-01-27,26 ,20 ,77,12 ,29.97 ,1.8 
1488,2019-01-28,25 ,19 ,75,10 ,30.0 ,6.9 
1489,2019-01-29,26 ,17 ,66,9 ,30.03 ,0.4 
1490,2019-01-30,27 ,12 ,50,8 ,30.03 ,0.0 
1491,2019-01-31,24 ,19 ,81,11 ,30.0 ,2.2 
1492,2019-02-01,26 ,18 ,71,10 ,30.0 ,0.0 
1493,2019-02-02,26 ,19 ,72,8 ,29.97 ,0.0 
1494,2019-02-03,27 ,18 ,70,9 ,30.0 ,0.0 
1495,2019-02-04,28 ,17 ,66,11 ,30.03 ,0.0 
1496,2019-02-05,28 ,19 ,67,8 ,30.03 ,0.0 
1497,2019-02-06,28 ,19 ,70,10 ,29.94 ,0.0 
1498,2019-02-07,27 ,18 ,70,13 ,29.94 ,0.0 
1499,2019-02-08,27 ,20 ,73,12 ,29.91 ,0.0 
1500,2019-02-09,29 ,21 ,75,9 ,29.94 ,0.1 
1501,2019-02-10,29 ,15 ,54,11 ,30.0 ,0.6 
1502,2019-02-11,28 ,21 ,78,12 ,30.03 ,0.5 
1503,2019-02-12,28 ,20 ,75,10 ,30.06 ,0.0 
1504,2019-02-13,28 ,19 ,71,10 ,30.06 ,0.0 
1505,2019-02-14,29 ,19 ,68,10 ,29.97 ,0.0 
1506,2019-02-15,29 ,19 ,69,12 ,29.94 ,0.0 
1507,2019-02-16,29 ,20 ,71,14 ,29.91 ,0.5 
1508,2019-02-17,30 ,22 ,71,12 ,29.88 ,0.2 
1509,2019-02-18,30 ,22 ,74,11 ,29.85 ,0.2 
1510,2019-02-19,30 ,22 ,74,13 ,29.88 ,0.0 
1511,2019-02-20,30 ,21 ,74,13 ,29.97 ,0.2 
1512,2019-02-21,30 ,20 ,68,9 ,30.03 ,0.0 
1513,2019-02-22,32 ,19 ,58,9 ,29.94 ,0.0 
1514,2019-02-23,33 ,14 ,43,12 ,29.88 ,0.0 
1515,2019-02-24,32 ,17 ,53,14 ,29.85 ,0.0 
1516,2019-02-25,31 ,19 ,62,15 ,29.83 ,0.0 
1517,2019-02-26,30 ,21 ,69,16 ,29.8 ,0.0 
1518,2019-02-27,30 ,22 ,74,17 ,29.77 ,0.0 
1519,2019-02-28,30 ,22 ,71,14 ,29.8 ,11.5 
1520,2019-03-01,30 ,23 ,74,13 ,29.85 ,2.2 
1521,2019-03-02,30 ,22 ,71,13 ,29.88 ,0.2 
1522,2019-03-03,30 ,21 ,69,14 ,29.85 ,0.0 
1523,2019-03-04,30 ,21 ,66,18 ,29.8 ,0.0 
1524,2019-03-05,33 ,21 ,61,17 ,29.74 ,0.0 
1525,2019-03-06,35 ,22 ,63,8 ,29.77 ,0.0 
1526,2019-03-07,33 ,23 ,70,11 ,29.77 ,0.0 
1527,2019-03-08,31 ,23 ,72,13 ,29.85 ,0.2 
1528,2019-03-09,31 ,23 ,71,15 ,29.88 ,0.2 
1529,2019-03-10,31 ,22 ,68,16 ,29.88 ,0.0 
1530,2019-03-11,32 ,22 ,66,16 ,29.91 ,0.0 
1531,2019-03-12,32 ,20 ,61,16 ,29.91 ,0.0 
1532,2019-03-13,33 ,18 ,54,16 ,29.91 ,0.0 
1533,2019-03-14,33 ,18 ,53,16 ,29.91 ,0.0 
1534,2019-03-15,33 ,17 ,52,16 ,29.91 ,0.0 
1535,2019-03-16,32 ,19 ,58,15 ,29.91 ,0.0 
1536,2019-03-17,32 ,21 ,62,14 ,29.91 ,0.0 
1537,2019-03-18,31 ,18 ,57,15 ,29.88 ,0.0 
1538,2019-03-19,31 ,21 ,65,16 ,29.83 ,0.0 
1539,2019-03-20,31 ,21 ,65,18 ,29.83 ,0.0 
1540,2019-03-21,32 ,21 ,62,18 ,29.85 ,0.0 
1541,2019-03-22,32 ,20 ,61,16 ,29.88 ,0.0 
1542,2019-03-23,33 ,21 ,61,14 ,29.85 ,0.0 
1543,2019-03-24,34 ,21 ,59,14 ,29.83 ,0.0 
1544,2019-03-25,33 ,21 ,61,15 ,29.83 ,0.0 
1545,2019-03-26,33 ,21 ,61,15 ,29.85 ,0.0 
1546,2019-03-27,34 ,21 ,58,15 ,29.88 ,0.0 
1547,2019-03-28,34 ,19 ,55,13 ,29.85 ,0.0 
1548,2019-03-29,33 ,20 ,58,15 ,29.83 ,0.0 
1549,2019-03-30,34 ,19 ,53,17 ,29.8 ,0.0 
1550,2019-03-31,36 ,19 ,50,16 ,29.77 ,0.0 
1551,2019-04-01,35 ,20 ,53,17 ,29.8 ,0.0 
1552,2019-04-02,34 ,21 ,59,17 ,29.8 ,0.0 
1553,2019-04-03,32 ,22 ,65,17 ,29.83 ,0.0 
1554,2019-04-04,33 ,21 ,63,17 ,29.85 ,0.0 
1555,2019-04-05,34 ,20 ,58,16 ,29.83 ,0.0 
1556,2019-04-06,35 ,19 ,50,16 ,29.8 ,0.0 
1557,2019-04-07,34 ,21 ,57,17 ,29.8 ,0.0 
1558,2019-04-08,33 ,23 ,64,19 ,29.77 ,0.0 
1559,2019-04-09,34 ,23 ,63,20 ,29.77 ,0.2 
1560,2019-04-10,34 ,22 ,62,19 ,29.8 ,0.1 
1561,2019-04-11,34 ,22 ,59,16 ,29.77 ,0.0 
1562,2019-04-12,35 ,22 ,55,15 ,29.77 ,0.0 
1563,2019-04-13,35 ,20 ,53,16 ,29.77 ,0.0 
1564,2019-04-14,36 ,19 ,49,18 ,29.77 ,0.0 
1565,2019-04-15,36 ,16 ,42,19 ,29.77 ,0.0 
1566,2019-04-16,35 ,18 ,47,18 ,29.77 ,0.0 
1567,2019-04-17,35 ,21 ,56,18 ,29.8 ,0.0 
1568,2019-04-18,34 ,24 ,64,19 ,29.77 ,0.0 
1569,2019-04-19,33 ,23 ,66,15 ,29.77 ,4.8 
1570,2019-04-20,34 ,24 ,64,19 ,29.74 ,5.7 
1571,2019-04-21,35 ,23 ,61,15 ,29.71 ,1.1 
1572,2019-04-22,35 ,23 ,57,16 ,29.71 ,4.0 
1573,2019-04-23,35 ,22 ,52,15 ,29.74 ,0.8 
1574,2019-04-24,35 ,21 ,55,16 ,29.77 ,0.0 
1575,2019-04-25,35 ,20 ,51,18 ,29.74 ,0.0 
1576,2019-04-26,36 ,21 ,49,16 ,29.71 ,0.0 
1577,2019-04-27,35 ,22 ,57,19 ,29.71 ,0.0 
1578,2019-04-28,36 ,22 ,53,19 ,29.71 ,0.0 
1579,2019-04-29,36 ,22 ,54,17 ,29.71 ,0.0 
1580,2019-04-30,37 ,22 ,53,13 ,29.65 ,0.0 
1581,2019-05-01,36 ,21 ,47,10 ,29.65 ,0.8 
1582,2019-05-02,36 ,21 ,49,10 ,29.59 ,0.0 
1583,2019-05-03,39 ,15 ,34,10 ,29.59 ,0.0 
1584,2019-05-04,41 ,12 ,24,14 ,29.68 ,0.0 
1585,2019-05-05,43 ,13 ,26,13 ,29.71 ,0.0 
1586,2019-05-06,40 ,17 ,36,15 ,29.68 ,0.0 
1587,2019-05-07,40 ,18 ,37,15 ,29.65 ,0.0 
1588,2019-05-08,41 ,19 ,38,18 ,29.65 ,0.0 
1589,2019-05-09,42 ,17 ,33,16 ,29.62 ,0.0 
1590,2019-05-10,40 ,21 ,42,14 ,29.65 ,0.0 
1591,2019-05-11,36 ,24 ,57,18 ,29.68 ,0.0 
1592,2019-05-12,33 ,25 ,68,15 ,29.71 ,0.1 
1593,2019-05-13,36 ,23 ,55,16 ,29.71 ,2.8 
1594,2019-05-14,37 ,22 ,49,15 ,29.68 ,0.0 
1595,2019-05-15,37 ,23 ,56,17 ,29.68 ,0.0 
1596,2019-05-16,37 ,23 ,56,17 ,29.74 ,0.3 
1597,2019-05-17,37 ,23 ,54,17 ,29.71 ,0.0 
1598,2019-05-18,38 ,23 ,54,15 ,29.68 ,0.0 
1599,2019-05-19,39 ,21 ,45,16 ,29.68 ,0.0 
1600,2019-05-20,37 ,21 ,48,18 ,29.71 ,0.0 
1601,2019-05-21,37 ,20 ,49,18 ,29.71 ,0.0 
1602,2019-05-22,36 ,21 ,52,20 ,29.71 ,0.0 
1603,2019-05-23,36 ,22 ,54,20 ,29.71 ,0.0 
1604,2019-05-24,36 ,23 ,58,19 ,29.68 ,0.0 
1605,2019-05-25,38 ,23 ,54,16 ,29.65 ,0.0 
1606,2019-05-26,41 ,22 ,44,18 ,29.59 ,0.0 
1607,2019-05-27,40 ,22 ,44,19 ,29.59 ,0.0 
1608,2019-05-28,39 ,23 ,53,20 ,29.59 ,0.0 
1609,2019-05-29,39 ,23 ,49,19 ,29.59 ,0.0 
1610,2019-05-30,37 ,24 ,55,21 ,29.59 ,3.2 
1611,2019-05-31,37 ,23 ,56,19 ,29.62 ,0.8 
1612,2019-06-01,37 ,23 ,55,13 ,29.62 ,0.0 
1613,2019-06-02,39 ,23 ,50,14 ,29.62 ,0.1 
1614,2019-06-03,39 ,22 ,47,14 ,29.62 ,1.8 
1615,2019-06-04,38 ,21 ,43,14 ,29.62 ,0.7 
1616,2019-06-05,38 ,23 ,51,19 ,29.59 ,0.0 
1617,2019-06-06,38 ,24 ,53,19 ,29.59 ,0.0 
1618,2019-06-07,40 ,23 ,47,19 ,29.59 ,0.0 
1619,2019-06-08,37 ,23 ,54,14 ,29.62 ,0.0 
1620,2019-06-09,39 ,22 ,45,17 ,29.59 ,0.6 
1621,2019-06-10,38 ,22 ,45,18 ,29.56 ,0.0 
1622,2019-06-11,38 ,20 ,39,20 ,29.59 ,1.7 
1623,2019-06-12,39 ,19 ,35,19 ,29.59 ,3.2 
1624,2019-06-13,39 ,19 ,34,21 ,29.59 ,2.7 
1625,2019-06-14,37 ,20 ,39,20 ,29.59 ,6.8 
1626,2019-06-15,38 ,19 ,36,18 ,29.62 ,0.0 
1627,2019-06-16,38 ,18 ,34,18 ,29.62 ,0.0 
1628,2019-06-17,33 ,20 ,49,17 ,29.68 ,4.6 
1629,2019-06-18,33 ,20 ,51,11 ,29.65 ,0.0 
1630,2019-06-19,35 ,21 ,49,10 ,29.59 ,0.9 
1631,2019-06-20,35 ,22 ,53,14 ,29.59 ,1.6 
1632,2019-06-21,31 ,23 ,67,8 ,29.62 ,2.0 
1633,2019-06-22,28 ,23 ,74,16 ,29.62 ,27.7 
1634,2019-06-23,32 ,23 ,64,9 ,29.59 ,0.3 
1635,2019-06-24,33 ,23 ,64,12 ,29.62 ,1.9 
1636,2019-06-25,33 ,24 ,64,10 ,29.65 ,18.0 
1637,2019-06-26,33 ,23 ,61,13 ,29.65 ,8.8 
1638,2019-06-27,33 ,23 ,58,15 ,29.59 ,10.0 
1639,2019-06-28,34 ,22 ,55,19 ,29.59 ,2.7 
1640,2019-06-29,31 ,22 ,59,21 ,29.62 ,9.9 
1641,2019-06-30,29 ,21 ,61,21 ,29.62 ,0.5 
1642,2019-07-01,30 ,22 ,63,16 ,29.59 ,5.7 
1643,2019-07-02,31 ,22 ,65,18 ,29.59 ,1.9 
1644,2019-07-03,33 ,21 ,53,18 ,29.59 ,0.6 
1645,2019-07-04,34 ,21 ,49,21 ,29.59 ,1.8 
1646,2019-07-05,32 ,21 ,55,20 ,29.59 ,4.6 
1647,2019-07-06,31 ,20 ,54,18 ,29.59 ,1.1 
1648,2019-07-07,33 ,20 ,49,24 ,29.65 ,2.0 
1649,2019-07-08,34 ,20 ,47,21 ,29.65 ,0.1 
1650,2019-07-09,34 ,20 ,48,18 ,29.62 ,1.5 
1651,2019-07-10,34 ,20 ,47,20 ,29.65 ,2.2 
1652,2019-07-11,34 ,21 ,49,20 ,29.68 ,6.3 
1653,2019-07-12,33 ,22 ,55,13 ,29.71 ,6.0 
1654,2019-07-13,34 ,22 ,57,12 ,29.71 ,4.1 
1655,2019-07-14,30 ,24 ,69,8 ,29.71 ,46.9 
1656,2019-07-15,31 ,23 ,64,16 ,29.65 ,12.5 
1657,2019-07-16,33 ,22 ,57,12 ,29.65 ,3.6 
1658,2019-07-17,34 ,23 ,57,14 ,29.62 ,8.4 
1659,2019-07-18,33 ,23 ,60,11 ,29.56 ,12.9 
1660,2019-07-19,30 ,23 ,70,9 ,29.56 ,16.7 
1661,2019-07-20,33 ,23 ,62,8 ,29.56 ,1.7 
1662,2019-07-21,33 ,23 ,62,11 ,29.59 ,3.1 
1663,2019-07-22,33 ,24 ,64,7 ,29.59 ,3.0 
1664,2019-07-23,29 ,24 ,76,6 ,29.59 ,9.2 
1665,2019-07-24,32 ,23 ,66,11 ,29.62 ,3.3 
1666,2019-07-25,30 ,23 ,65,16 ,29.65 ,5.6 
1667,2019-07-26,28 ,23 ,78,13 ,29.68 ,19.9 
1668,2019-07-27,26 ,22 ,79,15 ,29.65 ,4.7 
1669,2019-07-28,27 ,22 ,77,16 ,29.65 ,9.0 
1670,2019-07-29,28 ,22 ,76,15 ,29.65 ,3.5 
1671,2019-07-30,30 ,23 ,69,16 ,29.68 ,11.9 
1672,2019-07-31,31 ,22 ,65,16 ,29.71 ,1.2 
1673,2019-08-01,29 ,23 ,73,12 ,29.68 ,6.6 
1674,2019-08-02,25 ,22 ,84,16 ,29.68 ,35.7 
1675,2019-08-03,27 ,22 ,77,15 ,29.68 ,0.0 
1676,2019-08-04,28 ,22 ,74,18 ,29.68 ,0.1 
1677,2019-08-05,29 ,22 ,69,22 ,29.62 ,1.5 
1678,2019-08-06,26 ,23 ,81,18 ,29.59 ,27.8 
1679,2019-08-07,28 ,23 ,76,20 ,29.56 ,8.2 
1680,2019-08-08,31 ,22 ,67,20 ,29.53 ,1.7 
1681,2019-08-09,31 ,23 ,66,16 ,29.59 ,2.5 
1682,2019-08-10,31 ,23 ,64,14 ,29.65 ,0.2 
1683,2019-08-11,31 ,22 ,61,21 ,29.65 ,0.1 
1684,2019-08-12,31 ,22 ,61,19 ,29.62 ,0.8 
1685,2019-08-13,30 ,23 ,67,17 ,29.62 ,7.9 
1686,2019-08-14,31 ,24 ,69,12 ,29.65 ,14.5 
1687,2019-08-15,32 ,23 ,65,14 ,29.68 ,12.3 
1688,2019-08-16,32 ,24 ,66,13 ,29.68 ,9.1 
1689,2019-08-17,31 ,24 ,70,15 ,29.65 ,31.9 
1690,2019-08-18,30 ,24 ,76,11 ,29.68 ,15.8 
1691,2019-08-19,32 ,24 ,70,7 ,29.71 ,2.9 
1692,2019-08-20,31 ,24 ,70,10 ,29.68 ,8.9 
1693,2019-08-21,29 ,24 ,76,16 ,29.65 ,34.6 
1694,2019-08-22,29 ,24 ,76,13 ,29.65 ,3.2 
1695,2019-08-23,29 ,23 ,74,16 ,29.65 ,14.7 
1696,2019-08-24,30 ,24 ,73,15 ,29.68 ,8.9 
1697,2019-08-25,31 ,23 ,68,14 ,29.65 ,1.4 
1698,2019-08-26,31 ,22 ,63,14 ,29.65 ,0.0 
1699,2019-08-27,31 ,22 ,61,14 ,29.65 ,0.0 
1700,2019-08-28,32 ,22 ,61,12 ,29.68 ,1.3 
1701,2019-08-29,32 ,23 ,62,11 ,29.65 ,1.5 
1702,2019-08-30,32 ,23 ,63,15 ,29.59 ,1.0 
1703,2019-08-31,29 ,23 ,73,15 ,29.56 ,5.4 
1704,2019-09-01,26 ,23 ,83,19 ,29.65 ,10.3 
1705,2019-09-02,26 ,23 ,85,13 ,29.68 ,11.3 
1706,2019-09-03,26 ,23 ,85,13 ,29.65 ,7.5 
1707,2019-09-04,27 ,22 ,80,16 ,29.65 ,2.2 
1708,2019-09-05,29 ,22 ,73,16 ,29.65 ,1.6 
1709,2019-09-06,28 ,23 ,79,12 ,29.59 ,3.9 
1710,2019-09-07,28 ,22 ,74,17 ,29.62 ,0.7 
1711,2019-09-08,29 ,23 ,74,16 ,29.68 ,0.6 
1712,2019-09-09,31 ,22 ,65,15 ,29.68 ,0.0 
1713,2019-09-10,31 ,23 ,66,15 ,29.68 ,0.4 
1714,2019-09-11,31 ,23 ,69,13 ,29.71 ,4.7 
1715,2019-09-12,31 ,23 ,68,13 ,29.74 ,2.4 
1716,2019-09-13,31 ,23 ,67,12 ,29.77 ,1.2 
1717,2019-09-14,31 ,23 ,67,10 ,29.74 ,0.4 
1718,2019-09-15,31 ,24 ,70,10 ,29.74 ,6.3 
1719,2019-09-16,30 ,24 ,74,12 ,29.68 ,9.2 
1720,2019-09-17,30 ,25 ,77,9 ,29.65 ,18.8 
1721,2019-09-18,27 ,25 ,87,5 ,29.68 ,21.2 
1722,2019-09-19,28 ,25 ,87,6 ,29.68 ,38.8 
1723,2019-09-20,30 ,24 ,76,8 ,29.71 ,6.8 
1724,2019-09-21,30 ,25 ,81,6 ,29.71 ,21.9 
1725,2019-09-22,29 ,25 ,83,9 ,29.74 ,16.9 
1726,2019-09-23,30 ,25 ,82,6 ,29.77 ,0.9 
1727,2019-09-24,29 ,24 ,81,8 ,29.71 ,2.1 
1728,2019-09-25,29 ,25 ,84,16 ,29.77 ,14.0 
1729,2019-09-26,28 ,25 ,86,17 ,29.85 ,20.0 
1730,2019-09-27,28 ,25 ,86,13 ,29.91 ,2.1 
1731,2019-09-28,28 ,24 ,84,11 ,29.88 ,2.5 
1732,2019-09-29,29 ,24 ,82,10 ,29.88 ,1.3 
1733,2019-09-30,29 ,24 ,81,7 ,29.88 ,3.2 
1734,2019-10-01,30 ,24 ,80,7 ,29.85 ,3.8 
1735,2019-10-02,30 ,24 ,78,8 ,29.83 ,2.7 
1736,2019-10-03,29 ,24 ,79,6 ,29.8 ,11.6 
1737,2019-10-04,30 ,24 ,78,3 ,29.8 ,6.7 
1738,2019-10-05,30 ,24 ,79,6 ,29.77 ,11.6 
1739,2019-10-06,29 ,25 ,82,7 ,29.8 ,1.4 
1740,2019-10-07,30 ,25 ,82,4 ,29.8 ,6.7 
1741,2019-10-08,29 ,24 ,80,6 ,29.8 ,12.3 
1742,2019-10-09,29 ,25 ,86,7 ,29.8 ,24.4 
1743,2019-10-10,28 ,25 ,86,6 ,29.8 ,14.7 
1744,2019-10-11,28 ,25 ,88,7 ,29.77 ,30.4 
1745,2019-10-12,29 ,25 ,85,5 ,29.83 ,15.2 
1746,2019-10-13,29 ,25 ,82,5 ,29.83 ,5.6 
1747,2019-10-14,29 ,24 ,83,5 ,29.83 ,11.0 
1748,2019-10-15,28 ,25 ,88,10 ,29.85 ,8.3 
1749,2019-10-16,26 ,24 ,92,11 ,29.85 ,8.9 
1750,2019-10-17,28 ,24 ,87,7 ,29.85 ,15.8 
1751,2019-10-18,27 ,25 ,90,10 ,29.85 ,5.4 
1752,2019-10-19,27 ,24 ,91,11 ,29.85 ,18.1 
1753,2019-10-20,27 ,25 ,90,11 ,29.85 ,12.3 
1754,2019-10-21,28 ,25 ,89,8 ,29.83 ,26.5 
1755,2019-10-22,26 ,24 ,94,13 ,29.74 ,12.3 
1756,2019-10-23,27 ,24 ,90,10 ,29.71 ,20.8 
1757,2019-10-24,27 ,23 ,85,9 ,29.74 ,7.1 
1758,2019-10-25,25 ,23 ,91,8 ,29.77 ,32.0 
1759,2019-10-26,28 ,24 ,85,6 ,29.8 ,16.6 
1760,2019-10-27,28 ,24 ,85,5 ,29.83 ,14.9 
1761,2019-10-28,27 ,24 ,88,7 ,29.85 ,13.9 
1762,2019-10-29,28 ,24 ,89,7 ,29.88 ,0.1 
1763,2019-10-30,26 ,24 ,92,5 ,29.88 ,2.6 
1764,2019-10-31,27 ,24 ,87,6 ,29.85 ,5.6 
1765,2019-11-01,27 ,24 ,87,5 ,29.83 ,12.7 
1766,2019-11-02,27 ,24 ,87,4 ,29.85 ,8.3 
1767,2019-11-03,27 ,24 ,87,6 ,29.88 ,16.6 
1768,2019-11-04,28 ,24 ,84,4 ,29.91 ,0.1 
1769,2019-11-05,28 ,23 ,79,5 ,29.85 ,0.0 
1770,2019-11-06,28 ,23 ,81,4 ,29.8 ,1.9 
1771,2019-11-07,27 ,23 ,81,4 ,29.8 ,1.1 
1772,2019-11-08,28 ,22 ,76,6 ,29.8 ,0.0 
1773,2019-11-09,27 ,21 ,77,9 ,29.83 ,0.0 
1774,2019-11-10,26 ,21 ,76,7 ,29.83 ,0.0 
1775,2019-11-11,27 ,23 ,83,5 ,29.83 ,4.3 
1776,2019-11-12,27 ,23 ,86,5 ,29.88 ,14.0 
1777,2019-11-13,26 ,22 ,85,8 ,29.91 ,1.4 
1778,2019-11-14,25 ,22 ,87,10 ,29.91 ,3.0 
1779,2019-11-15,26 ,22 ,81,8 ,29.88 ,0.0 
1780,2019-11-16,27 ,23 ,82,5 ,29.88 ,0.0 
1781,2019-11-17,28 ,23 ,79,6 ,29.88 ,0.0 
1782,2019-11-18,27 ,22 ,81,6 ,29.88 ,3.2 
1783,2019-11-19,27 ,22 ,83,8 ,29.88 ,0.6 
1784,2019-11-20,26 ,22 ,84,9 ,29.88 ,0.2 
1785,2019-11-21,27 ,22 ,83,8 ,29.91 ,0.0 
1786,2019-11-22,26 ,22 ,82,7 ,29.94 ,0.0 
1787,2019-11-23,27 ,22 ,83,5 ,29.94 ,0.0 
1788,2019-11-24,27 ,22 ,83,5 ,29.91 ,1.1 
1789,2019-11-25,26 ,21 ,82,8 ,29.91 ,0.0 
1790,2019-11-26,25 ,21 ,83,10 ,29.91 ,0.1 
1791,2019-11-27,25 ,21 ,83,9 ,29.91 ,0.1 
1792,2019-11-28,26 ,21 ,85,10 ,29.91 ,0.9 
1793,2019-11-29,26 ,22 ,87,11 ,29.91 ,0.6 
1794,2019-11-30,26 ,22 ,83,9 ,29.91 ,0.0 
1795,2019-12-01,26 ,21 ,79,9 ,29.91 ,0.0 
1796,2019-12-02,25 ,22 ,85,7 ,29.91 ,1.1 
1797,2019-12-03,26 ,21 ,82,10 ,29.91 ,3.0 
1798,2019-12-04,25 ,20 ,80,10 ,29.97 ,0.3 
1799,2019-12-05,25 ,19 ,78,8 ,30.0 ,0.1 
1800,2019-12-06,25 ,19 ,76,9 ,30.0 ,0.2 
1801,2019-12-07,24 ,19 ,81,10 ,29.97 ,1.7 
1802,2019-12-08,25 ,21 ,84,8 ,29.97 ,4.0 
1803,2019-12-09,25 ,21 ,83,8 ,29.97 ,1.8 
1804,2019-12-10,25 ,20 ,82,7 ,29.91 ,1.5 
1805,2019-12-11,25 ,20 ,81,6 ,29.88 ,0.7 
1806,2019-12-12,25 ,20 ,82,8 ,29.88 ,2.3 
1807,2019-12-13,24 ,20 ,81,9 ,29.94 ,0.5 
1808,2019-12-14,25 ,21 ,85,9 ,29.97 ,2.8 
1809,2019-12-15,25 ,21 ,84,8 ,29.94 ,1.6 
1810,2019-12-16,25 ,20 ,81,7 ,29.94 ,0.3 
1811,2019-12-17,26 ,20 ,78,8 ,29.97 ,0.1 
1812,2019-12-18,25 ,21 ,81,7 ,29.97 ,0.7 
1813,2019-12-19,26 ,21 ,83,6 ,29.94 ,2.6 
1814,2019-12-20,25 ,21 ,84,7 ,29.91 ,8.2 
1815,2019-12-21,26 ,21 ,81,6 ,29.94 ,1.0 
1816,2019-12-22,25 ,20 ,82,7 ,29.94 ,0.9 
1817,2019-12-23,24 ,19 ,81,7 ,29.97 ,0.0 
1818,2019-12-24,24 ,20 ,82,10 ,29.97 ,0.1 
1819,2019-12-25,25 ,20 ,82,9 ,29.97 ,0.0 
1820,2019-12-26,25 ,19 ,79,7 ,29.91 ,0.0 
1821,2019-12-27,25 ,20 ,79,6 ,29.91 ,0.0 
1822,2019-12-28,25 ,20 ,80,7 ,29.91 ,1.2 
1823,2019-12-29,24 ,19 ,82,11 ,29.94 ,0.8 
1824,2019-12-30,23 ,19 ,82,10 ,29.94 ,2.8 
1825,2019-12-31,24 ,19 ,81,12 ,29.97 ,0.2 
1826,2020-01-01,24 ,20 ,84,12 ,29.97 ,0.9 
1827,2020-01-02,25 ,22 ,89,11 ,30.0 ,11.0 
1828,2020-01-03,26 ,22 ,85,8 ,29.94 ,2.2 
1829,2020-01-04,26 ,22 ,82,8 ,29.88 ,3.6 
1830,2020-01-05,26 ,22 ,83,8 ,29.91 ,4.2 
1831,2020-01-06,25 ,21 ,86,12 ,29.97 ,7.5 
1832,2020-01-07,25 ,21 ,86,10 ,29.97 ,3.1 
1833,2020-01-08,24 ,20 ,83,9 ,29.94 ,0.3 
1834,2020-01-09,25 ,18 ,74,8 ,29.91 ,0.0 
1835,2020-01-10,25 ,19 ,77,6 ,29.94 ,0.1 
1836,2020-01-11,25 ,20 ,81,6 ,29.97 ,0.9 
1837,2020-01-12,26 ,20 ,79,7 ,29.94 ,1.0 
1838,2020-01-13,26 ,20 ,78,5 ,29.91 ,0.0 
1839,2020-01-14,25 ,19 ,78,7 ,29.91 ,0.0 
1840,2020-01-15,25 ,19 ,74,7 ,29.91 ,0.0 
1841,2020-01-16,24 ,18 ,78,9 ,29.91 ,0.0 
1842,2020-01-17,24 ,18 ,77,9 ,29.94 ,0.0 
1843,2020-01-18,25 ,20 ,82,9 ,29.94 ,0.2 
1844,2020-01-19,26 ,19 ,77,8 ,29.94 ,0.0 
1845,2020-01-20,27 ,20 ,75,8 ,29.94 ,0.1 
1846,2020-01-21,26 ,20 ,77,9 ,30.0 ,0.0 
1847,2020-01-22,26 ,20 ,79,9 ,30.03 ,0.0 
1848,2020-01-23,26 ,20 ,79,7 ,29.97 ,0.0 
1849,2020-01-24,28 ,20 ,72,6 ,29.94 ,0.0 
1850,2020-01-25,28 ,19 ,70,7 ,29.91 ,0.0 
1851,2020-01-26,28 ,19 ,68,7 ,29.88 ,0.0 
1852,2020-01-27,26 ,20 ,77,10 ,29.88 ,0.0 
1853,2020-01-28,26 ,20 ,77,15 ,29.88 ,0.0 
1854,2020-01-29,27 ,20 ,77,13 ,29.91 ,0.0 
1855,2020-01-30,27 ,20 ,76,9 ,29.88 ,0.0 
1856,2020-01-31,27 ,20 ,75,10 ,29.85 ,0.0 
1857,2020-02-01,26 ,20 ,76,12 ,29.91 ,0.1 
1858,2020-02-02,26 ,20 ,76,12 ,29.97 ,0.0 
1859,2020-02-03,26 ,20 ,75,9 ,29.97 ,0.0 
1860,2020-02-04,27 ,20 ,74,12 ,29.94 ,1.1 
1861,2020-02-05,26 ,19 ,74,12 ,29.94 ,0.0 
1862,2020-02-06,26 ,19 ,74,14 ,29.91 ,0.0 
1863,2020-02-07,27 ,20 ,75,17 ,29.91 ,0.1 
1864,2020-02-08,26 ,20 ,76,15 ,29.94 ,0.2 
1865,2020-02-09,26 ,20 ,76,10 ,30.0 ,7.0 
1866,2020-02-10,23 ,20 ,86,11 ,30.0 ,6.4 
1867,2020-02-11,25 ,20 ,81,11 ,30.0 ,0.8 
1868,2020-02-12,26 ,20 ,78,8 ,30.0 ,0.0 
1869,2020-02-13,28 ,20 ,74,4 ,29.97 ,0.1 
1870,2020-02-14,31 ,20 ,66,5 ,29.91 ,0.0 
1871,2020-02-15,30 ,19 ,62,7 ,29.88 ,0.0 
1872,2020-02-16,28 ,19 ,66,9 ,29.91 ,0.0 
1873,2020-02-17,28 ,19 ,65,9 ,29.94 ,0.0 
1874,2020-02-18,28 ,19 ,66,9 ,29.94 ,0.0 
1875,2020-02-19,27 ,20 ,72,10 ,29.94 ,0.0 
1876,2020-02-20,27 ,19 ,70,11 ,29.94 ,0.0 
1877,2020-02-21,27 ,18 ,67,10 ,30.0 ,0.0 
1878,2020-02-22,27 ,18 ,68,10 ,30.0 ,0.0 
1879,2020-02-23,27 ,19 ,72,10 ,29.97 ,0.0 
1880,2020-02-24,28 ,19 ,71,14 ,29.91 ,0.0 
1881,2020-02-25,28 ,20 ,74,15 ,29.85 ,0.1 
1882,2020-02-26,28 ,21 ,74,11 ,29.85 ,1.2 
1883,2020-02-27,29 ,21 ,72,12 ,29.88 ,0.0 
1884,2020-02-28,29 ,20 ,70,13 ,29.85 ,0.0 
1885,2020-02-29,28 ,19 ,67,14 ,29.85 ,0.0 
1886,2020-03-01,29 ,19 ,66,11 ,29.88 ,0.0 
1887,2020-03-02,29 ,19 ,66,9 ,29.85 ,0.0 
1888,2020-03-03,29 ,19 ,65,12 ,29.85 ,0.0 
1889,2020-03-04,30 ,19 ,63,13 ,29.83 ,0.0 
1890,2020-03-05,29 ,20 ,67,15 ,29.8 ,0.0 
1891,2020-03-06,29 ,21 ,71,19 ,29.83 ,10.1 
1892,2020-03-07,28 ,22 ,76,18 ,29.85 ,6.4 
1893,2020-03-08,29 ,21 ,72,13 ,29.85 ,0.3 
1894,2020-03-09,29 ,20 ,72,12 ,29.83 ,0.0 
1895,2020-03-10,29 ,20 ,69,15 ,29.85 ,0.0 
1896,2020-03-11,30 ,20 ,68,16 ,29.85 ,0.0 
1897,2020-03-12,30 ,21 ,70,14 ,29.88 ,0.2 
1898,2020-03-13,30 ,21 ,70,14 ,29.88 ,0.0 
1899,2020-03-14,30 ,20 ,66,15 ,29.85 ,0.0 
1900,2020-03-15,30 ,20 ,68,15 ,29.88 ,0.0 
1901,2020-03-16,30 ,20 ,69,13 ,29.88 ,0.0 
1902,2020-03-17,31 ,21 ,68,12 ,29.91 ,0.0 
1903,2020-03-18,31 ,20 ,67,14 ,29.88 ,0.0 
1904,2020-03-19,32 ,19 ,61,14 ,29.83 ,0.0 
1905,2020-03-20,31 ,21 ,64,14 ,29.85 ,0.0 
1906,2020-03-21,32 ,20 ,61,18 ,29.83 ,0.0 
1907,2020-03-22,31 ,21 ,64,18 ,29.83 ,0.0 
1908,2020-03-23,31 ,20 ,62,15 ,29.83 ,0.0 
1909,2020-03-24,31 ,20 ,64,14 ,29.8 ,0.0 
1910,2020-03-25,32 ,20 ,62,15 ,29.8 ,0.0 
1911,2020-03-26,32 ,20 ,64,14 ,29.83 ,0.0 
1912,2020-03-27,32 ,20 ,61,14 ,29.85 ,0.0 
1913,2020-03-28,33 ,20 ,59,12 ,29.83 ,0.0 
1914,2020-03-29,33 ,20 ,58,13 ,29.8 ,0.0 
1915,2020-03-30,33 ,20 ,57,12 ,29.83 ,0.0 
1916,2020-03-31,34 ,20 ,58,11 ,29.83 ,0.0 
1917,2020-04-01,34 ,20 ,56,13 ,29.8 ,0.0 
1918,2020-04-02,34 ,20 ,59,16 ,29.77 ,0.0 
1919,2020-04-03,33 ,21 ,63,15 ,29.8 ,0.0 
1920,2020-04-04,33 ,20 ,63,14 ,29.83 ,0.0 
1921,2020-04-05,33 ,20 ,62,15 ,29.85 ,0.0 
1922,2020-04-06,34 ,20 ,63,14 ,29.83 ,0.0 
1923,2020-04-07,34 ,22 ,65,16 ,29.77 ,0.0 
1924,2020-04-08,34 ,20 ,56,12 ,29.8 ,0.2 
1925,2020-04-09,34 ,22 ,63,15 ,29.8 ,1.8 
1926,2020-04-10,33 ,20 ,59,15 ,29.83 ,0.2 
1927,2020-04-11,33 ,20 ,62,14 ,29.85 ,0.0 
1928,2020-04-12,34 ,20 ,60,15 ,29.83 ,0.0 
1929,2020-04-13,35 ,19 ,56,13 ,29.8 ,0.0 
1930,2020-04-14,34 ,19 ,57,15 ,29.8 ,0.0 
1931,2020-04-15,33 ,19 ,61,15 ,29.83 ,0.0 
1932,2020-04-16,33 ,20 ,62,15 ,29.8 ,0.0 
1933,2020-04-17,33 ,21 ,65,15 ,29.77 ,0.0 
1934,2020-04-18,34 ,21 ,63,16 ,29.77 ,0.0 
1935,2020-04-19,33 ,22 ,66,16 ,29.77 ,0.1 
1936,2020-04-20,33 ,22 ,68,15 ,29.8 ,0.0 
1937,2020-04-21,33 ,20 ,62,15 ,29.8 ,0.0 
1938,2020-04-22,34 ,21 ,61,18 ,29.74 ,0.0 
1939,2020-04-23,34 ,22 ,64,17 ,29.74 ,0.0 
1940,2020-04-24,34 ,22 ,62,20 ,29.71 ,0.0 
1941,2020-04-25,35 ,23 ,61,20 ,29.71 ,0.0 
1942,2020-04-26,34 ,24 ,64,22 ,29.74 ,0.1 
1943,2020-04-27,32 ,25 ,72,16 ,29.8 ,5.6 
1944,2020-04-28,33 ,23 ,64,17 ,29.8 ,0.0 
1945,2020-04-29,34 ,23 ,61,16 ,29.8 ,0.1 
1946,2020-04-30,34 ,22 ,61,16 ,29.8 ,0.0 
1947,2020-05-01,35 ,21 ,56,15 ,29.74 ,0.0 
1948,2020-05-02,35 ,22 ,56,16 ,29.71 ,0.0 
1949,2020-05-03,34 ,23 ,61,19 ,29.71 ,0.0 
1950,2020-05-04,35 ,22 ,58,20 ,29.74 ,0.0 
1951,2020-05-05,35 ,21 ,58,20 ,29.74 ,0.0 
1952,2020-05-06,35 ,22 ,59,20 ,29.71 ,0.0 
1953,2020-05-07,35 ,22 ,58,19 ,29.74 ,0.0 
1954,2020-05-08,35 ,22 ,58,18 ,29.74 ,0.0 
1955,2020-05-09,36 ,20 ,52,16 ,29.71 ,0.0 
1956,2020-05-10,36 ,21 ,55,16 ,29.74 ,0.1 
1957,2020-05-11,35 ,22 ,55,15 ,29.77 ,0.0 
1958,2020-05-12,35 ,22 ,56,16 ,29.74 ,0.2 
1959,2020-05-13,35 ,22 ,58,15 ,29.71 ,0.0 
1960,2020-05-14,34 ,22 ,59,15 ,29.71 ,0.0 
1961,2020-05-15,36 ,22 ,58,12 ,29.65 ,0.0 
1962,2020-05-16,38 ,21 ,52,10 ,29.59 ,0.0 
1963,2020-05-17,41 ,21 ,47,14 ,29.53 ,0.0 
1964,2020-05-18,38 ,22 ,49,13 ,29.5 ,0.0 
1965,2020-05-19,39 ,18 ,39,14 ,29.44 ,0.0 
1966,2020-05-20,42 ,11 ,24,16 ,29.47 ,0.0 
1967,2020-05-21,42 ,12 ,29,18 ,29.53 ,0.0 
1968,2020-05-22,42 ,13 ,32,15 ,29.56 ,0.0 
1969,2020-05-23,39 ,20 ,51,14 ,29.62 ,0.0 
1970,2020-05-24,37 ,24 ,62,16 ,29.65 ,0.0 
1971,2020-05-25,36 ,24 ,64,18 ,29.68 ,0.0 
1972,2020-05-26,36 ,23 ,61,16 ,29.68 ,0.0 
1973,2020-05-27,36 ,23 ,60,18 ,29.68 ,0.0 
1974,2020-05-28,37 ,24 ,60,17 ,29.62 ,0.0 
1975,2020-05-29,39 ,21 ,50,18 ,29.62 ,0.0 
1976,2020-05-30,37 ,24 ,58,19 ,29.65 ,0.0 
1977,2020-05-31,37 ,24 ,62,13 ,29.71 ,0.0 
1978,2020-06-01,34 ,25 ,67,15 ,29.74 ,0.1 
1979,2020-06-02,36 ,23 ,58,10 ,29.71 ,4.0 
1980,2020-06-03,33 ,22 ,58,13 ,29.71 ,20.3 
1981,2020-06-04,36 ,19 ,41,17 ,29.68 ,0.0 
1982,2020-06-05,36 ,19 ,42,10 ,29.68 ,0.0 
1983,2020-06-06,37 ,19 ,40,17 ,29.65 ,0.0 
1984,2020-06-07,37 ,20 ,45,16 ,29.62 ,0.1 
1985,2020-06-08,37 ,19 ,37,16 ,29.62 ,1.0 
1986,2020-06-09,37 ,20 ,44,15 ,29.62 ,9.9 
1987,2020-06-10,28 ,23 ,77,17 ,29.62 ,37.8 
1988,2020-06-11,26 ,23 ,81,14 ,29.59 ,11.3 
1989,2020-06-12,25 ,23 ,84,20 ,29.56 ,48.6 
1990,2020-06-13,29 ,23 ,75,12 ,29.56 ,2.6 
1991,2020-06-14,33 ,22 ,57,17 ,29.59 ,0.2 
1992,2020-06-15,33 ,22 ,56,16 ,29.59 ,0.0 
1993,2020-06-16,34 ,22 ,51,20 ,29.59 ,5.3 
1994,2020-06-17,34 ,21 ,52,19 ,29.59 ,2.0 
1995,2020-06-18,32 ,21 ,55,19 ,29.68 ,0.0 
1996,2020-06-19,32 ,22 ,60,13 ,29.68 ,0.7 
1997,2020-06-20,33 ,23 ,64,16 ,29.65 ,13.0 
1998,2020-06-21,31 ,23 ,63,13 ,29.62 ,4.1 
1999,2020-06-22,29 ,22 ,66,11 ,29.59 ,0.7 
2000,2020-06-23,33 ,21 ,54,16 ,29.62 ,4.3 
2001,2020-06-24,34 ,23 ,57,6 ,29.65 ,6.6 
2002,2020-06-25,33 ,23 ,61,13 ,29.65 ,4.8 
2003,2020-06-26,33 ,23 ,63,14 ,29.62 ,0.0 
2004,2020-06-27,34 ,24 ,63,14 ,29.62 ,1.6 
2005,2020-06-28,35 ,23 ,57,9 ,29.62 ,2.5 
2006,2020-06-29,33 ,24 ,62,7 ,29.59 ,13.3 
2007,2020-06-30,33 ,24 ,66,11 ,29.59 ,13.5 
2008,2020-07-01,30 ,24 ,72,12 ,29.62 ,31.4 
2009,2020-07-02,32 ,22 ,61,17 ,29.59 ,1.8 
2010,2020-07-03,30 ,23 ,71,15 ,29.59 ,8.3 
2011,2020-07-04,30 ,22 ,67,19 ,29.59 ,5.6 
2012,2020-07-05,30 ,22 ,68,21 ,29.59 ,0.7 
2013,2020-07-06,29 ,22 ,66,14 ,29.59 ,0.3 
2014,2020-07-07,33 ,23 ,61,12 ,29.65 ,1.8 
2015,2020-07-08,33 ,22 ,58,10 ,29.68 ,2.4 
2016,2020-07-09,33 ,23 ,62,11 ,29.62 ,0.5 
2017,2020-07-10,33 ,23 ,59,13 ,29.59 ,0.8 
2018,2020-07-11,32 ,23 ,66,11 ,29.65 ,0.4 
2019,2020-07-12,33 ,23 ,60,14 ,29.62 ,2.9 
2020,2020-07-13,34 ,23 ,60,10 ,29.62 ,12.7 
2021,2020-07-14,29 ,23 ,70,10 ,29.62 ,6.8 
2022,2020-07-15,27 ,23 ,80,16 ,29.59 ,3.4 
2023,2020-07-16,30 ,22 ,65,16 ,29.59 ,0.3 
2024,2020-07-17,31 ,22 ,64,15 ,29.62 ,0.5 
2025,2020-07-18,31 ,22 ,64,13 ,29.65 ,1.5 
2026,2020-07-19,32 ,23 ,63,12 ,29.65 ,0.7 
2027,2020-07-20,33 ,23 ,62,14 ,29.65 ,0.0 
2028,2020-07-21,32 ,24 ,68,19 ,29.65 ,3.4 
2029,2020-07-22,33 ,24 ,67,13 ,29.68 ,12.8 
2030,2020-07-23,27 ,23 ,79,9 ,29.71 ,38.5 
2031,2020-07-24,29 ,22 ,71,8 ,29.74 ,0.0 
2032,2020-07-25,32 ,22 ,64,7 ,29.74 ,0.0 
2033,2020-07-26,32 ,24 ,65,4 ,29.74 ,0.7 
2034,2020-07-27,33 ,23 ,58,12 ,29.68 ,0.4 
2035,2020-07-28,34 ,23 ,59,8 ,29.62 ,0.7 
2036,2020-07-29,33 ,24 ,68,10 ,29.59 ,30.0 
2037,2020-07-30,32 ,25 ,71,9 ,29.62 ,5.4 
2038,2020-07-31,33 ,24 ,65,9 ,29.62 ,10.4 
2039,2020-08-01,33 ,24 ,65,10 ,29.59 ,20.6 
2040,2020-08-02,30 ,24 ,72,13 ,29.59 ,6.9 
2041,2020-08-03,31 ,22 ,62,21 ,29.56 ,1.5 
2042,2020-08-04,30 ,22 ,67,19 ,29.53 ,8.5 
2043,2020-08-05,29 ,22 ,69,21 ,29.5 ,1.0 
2044,2020-08-06,32 ,22 ,63,19 ,29.53 ,0.3 
2045,2020-08-07,32 ,23 ,64,16 ,29.62 ,0.6 
2046,2020-08-08,31 ,23 ,65,16 ,29.65 ,0.2 
2047,2020-08-09,30 ,23 ,67,16 ,29.62 ,1.5 
2048,2020-08-10,25 ,23 ,85,19 ,29.65 ,36.6 
2049,2020-08-11,26 ,22 ,81,17 ,29.68 ,2.6 
2050,2020-08-12,29 ,23 ,74,15 ,29.71 ,5.4 
2051,2020-08-13,25 ,22 ,84,18 ,29.68 ,9.3 
2052,2020-08-14,27 ,22 ,79,14 ,29.65 ,0.4 
2053,2020-08-15,26 ,23 ,84,11 ,29.65 ,0.3 
2054,2020-08-16,27 ,23 ,80,16 ,29.65 ,0.9 
2055,2020-08-17,29 ,23 ,77,16 ,29.65 ,1.6 
2056,2020-08-18,29 ,23 ,76,15 ,29.65 ,0.0 
2057,2020-08-19,30 ,23 ,70,16 ,29.62 ,0.0 
2058,2020-08-20,27 ,24 ,80,11 ,29.62 ,3.8 
2059,2020-08-21,30 ,24 ,75,13 ,29.68 ,5.1 
2060,2020-08-22,31 ,24 ,73,11 ,29.71 ,9.5 
2061,2020-08-23,31 ,24 ,74,11 ,29.71 ,7.9 
2062,2020-08-24,30 ,25 ,76,8 ,29.74 ,5.9 
2063,2020-08-25,31 ,24 ,74,11 ,29.74 ,2.8 
2064,2020-08-26,26 ,24 ,85,7 ,29.74 ,15.9 
2065,2020-08-27,28 ,24 ,81,7 ,29.71 ,4.4 
2066,2020-08-28,30 ,24 ,75,8 ,29.68 ,3.1 
2067,2020-08-29,32 ,24 ,69,9 ,29.68 ,1.6 
2068,2020-08-30,31 ,24 ,70,7 ,29.68 ,2.1 
2069,2020-08-31,32 ,24 ,68,10 ,29.71 ,0.6 
2070,2020-09-01,32 ,25 ,73,9 ,29.71 ,16.0 
2071,2020-09-02,30 ,25 ,78,10 ,29.71 ,29.2 
2072,2020-09-03,30 ,25 ,79,11 ,29.71 ,5.4 
2073,2020-09-04,30 ,25 ,79,10 ,29.74 ,4.6 
2074,2020-09-05,30 ,25 ,78,9 ,29.71 ,4.1 
2075,2020-09-06,30 ,25 ,78,12 ,29.71 ,0.2 
2076,2020-09-07,31 ,25 ,75,8 ,29.71 ,0.8 
2077,2020-09-08,31 ,25 ,76,9 ,29.71 ,3.6 
2078,2020-09-09,31 ,25 ,77,11 ,29.71 ,5.1 
2079,2020-09-10,31 ,25 ,74,6 ,29.62 ,6.9 
2080,2020-09-11,30 ,25 ,77,8 ,29.62 ,21.2 
2081,2020-09-12,26 ,24 ,89,9 ,29.68 ,14.3 
2082,2020-09-13,28 ,24 ,82,15 ,29.68 ,16.0 
2083,2020-09-14,26 ,23 ,84,14 ,29.65 ,2.5 
2084,2020-09-15,29 ,24 ,79,11 ,29.65 ,5.9 
2085,2020-09-16,30 ,25 ,81,9 ,29.62 ,19.3 
2086,2020-09-17,30 ,25 ,81,10 ,29.65 ,32.6 
2087,2020-09-18,30 ,25 ,80,12 ,29.59 ,21.6 
2088,2020-09-19,30 ,25 ,79,13 ,29.56 ,12.7 
2089,2020-09-20,28 ,25 ,86,11 ,29.53 ,7.8 
2090,2020-09-21,25 ,24 ,93,11 ,29.56 ,12.3 
2091,2020-09-22,28 ,24 ,83,16 ,29.62 ,3.5 
2092,2020-09-23,29 ,23 ,76,14 ,29.68 ,1.4 
2093,2020-09-24,30 ,24 ,74,11 ,29.74 ,0.2 
2094,2020-09-25,30 ,25 ,78,11 ,29.71 ,21.0 
2095,2020-09-26,25 ,24 ,90,12 ,29.71 ,28.2 
2096,2020-09-27,26 ,23 ,85,11 ,29.74 ,0.9 
2097,2020-09-28,29 ,24 ,79,9 ,29.71 ,1.5 
2098,2020-09-29,30 ,24 ,77,7 ,29.68 ,3.4 
2099,2020-09-30,29 ,24 ,81,7 ,29.65 ,12.8 
2100,2020-10-01,28 ,24 ,82,12 ,29.65 ,0.3 
2101,2020-10-02,29 ,23 ,75,9 ,29.68 ,0.0 
2102,2020-10-03,30 ,24 ,74,9 ,29.68 ,0.1 
2103,2020-10-04,29 ,22 ,70,13 ,29.68 ,0.0 
2104,2020-10-05,29 ,22 ,70,12 ,29.68 ,0.0 
2105,2020-10-06,30 ,22 ,68,10 ,29.68 ,0.0 
2106,2020-10-07,30 ,21 ,65,8 ,29.71 ,0.0 
2107,2020-10-08,29 ,25 ,84,7 ,29.71 ,15.7 
2108,2020-10-09,29 ,25 ,85,8 ,29.74 ,22.8 
2109,2020-10-10,29 ,25 ,84,6 ,29.71 ,11.7 
2110,2020-10-11,27 ,25 ,90,10 ,29.62 ,30.7 
2111,2020-10-12,27 ,24 ,90,6 ,29.59 ,41.8 
2112,2020-10-13,26 ,24 ,91,11 ,29.53 ,19.4 
2113,2020-10-14,28 ,24 ,85,8 ,29.59 ,9.1 
2114,2020-10-15,28 ,23 ,84,9 ,29.65 ,1.7 
2115,2020-10-16,29 ,24 ,82,4 ,29.68 ,6.2 
2116,2020-10-17,29 ,25 ,84,3 ,29.68 ,28.0 
2117,2020-10-18,29 ,25 ,85,5 ,29.71 ,17.0 
2118,2020-10-19,28 ,25 ,85,3 ,29.71 ,10.0 
2119,2020-10-20,24 ,23 ,94,6 ,29.68 ,30.0 
2120,2020-10-21,27 ,24 ,87,6 ,29.71 ,6.0 
2121,2020-10-22,28 ,24 ,82,8 ,29.68 ,0.4 
2122,2020-10-23,28 ,23 ,81,10 ,29.71 ,0.0 
2123,2020-10-24,27 ,21 ,74,9 ,29.77 ,0.0 
2124,2020-10-25,29 ,23 ,79,5 ,29.83 ,2.5 
2125,2020-10-26,28 ,23 ,77,6 ,29.83 ,0.9 
2126,2020-10-27,27 ,22 ,78,6 ,29.83 ,3.9 
2127,2020-10-28,28 ,21 ,74,5 ,29.83 ,0.3 
2128,2020-10-29,27 ,20 ,71,5 ,29.85 ,0.1 
2129,2020-10-30,27 ,21 ,75,7 ,29.83 ,0.0 
2130,2020-10-31,28 ,21 ,74,7 ,29.83 ,0.0 
2131,2020-11-01,27 ,20 ,72,7 ,29.85 ,0.0 
2132,2020-11-02,28 ,22 ,75,6 ,29.85 ,0.0 
2133,2020-11-03,28 ,23 ,78,5 ,29.85 ,2.0 
2134,2020-11-04,28 ,23 ,82,5 ,29.85 ,22.9 
2135,2020-11-05,27 ,22 ,81,8 ,29.88 ,6.5 
2136,2020-11-06,27 ,23 ,87,10 ,29.91 ,8.4 
2137,2020-11-07,27 ,23 ,84,11 ,29.94 ,0.1 
2138,2020-11-08,27 ,22 ,83,8 ,29.94 ,0.4 
2139,2020-11-09,26 ,20 ,73,8 ,29.94 ,0.1 
2140,2020-11-10,26 ,18 ,70,7 ,29.88 ,0.0 
2141,2020-11-11,24 ,18 ,74,10 ,29.88 ,0.0 
2142,2020-11-12,25 ,23 ,93,13 ,29.91 ,31.0 
2143,2020-11-13,26 ,23 ,90,10 ,29.91 ,13.7 
2144,2020-11-14,27 ,21 ,80,9 ,29.88 ,0.0 
2145,2020-11-15,26 ,22 ,83,13 ,29.88 ,7.9 
2146,2020-11-16,26 ,23 ,89,13 ,29.88 ,24.6 
2147,2020-11-17,27 ,23 ,85,10 ,29.88 ,2.0 
2148,2020-11-18,27 ,22 ,86,9 ,29.85 ,0.0 
2149,2020-11-19,26 ,23 ,87,8 ,29.88 ,0.0 
2150,2020-11-20,27 ,22 ,83,4 ,29.88 ,0.1 
2151,2020-11-21,28 ,21 ,73,4 ,29.88 ,0.0 
2152,2020-11-22,28 ,21 ,73,4 ,29.91 ,1.7 
2153,2020-11-23,26 ,21 ,79,8 ,29.91 ,0.5 
2154,2020-11-24,25 ,19 ,75,13 ,29.88 ,0.0 
2155,2020-11-25,23 ,18 ,78,16 ,29.85 ,16.1 
2156,2020-11-26,21 ,21 ,96,20 ,29.88 ,88.9 
2157,2020-11-27,21 ,20 ,95,21 ,29.91 ,109.9 
2158,2020-11-28,21 ,18 ,84,13 ,29.94 ,0.1 
2159,2020-11-29,25 ,21 ,83,10 ,29.94 ,0.4 
2160,2020-11-30,25 ,21 ,81,9 ,29.94 ,0.0 
2161,2020-12-01,26 ,20 ,78,7 ,29.94 ,0.0 
2162,2020-12-02,26 ,20 ,75,7 ,29.91 ,0.0 
2163,2020-12-03,25 ,19 ,78,11 ,29.88 ,0.0 
2164,2020-12-04,25 ,21 ,83,11 ,29.85 ,0.2 
2165,2020-12-05,26 ,21 ,81,11 ,29.85 ,0.0 
2166,2020-12-06,24 ,19 ,77,11 ,29.91 ,0.0 
2167,2020-12-07,24 ,18 ,74,10 ,29.94 ,0.0 
2168,2020-12-08,25 ,19 ,77,10 ,29.97 ,0.0 
2169,2020-12-09,26 ,21 ,77,6 ,29.94 ,0.0 
2170,2020-12-10,26 ,20 ,76,5 ,29.94 ,0.0 
2171,2020-12-11,26 ,21 ,76,5 ,29.94 ,0.0 
2172,2020-12-12,26 ,20 ,75,5 ,29.91 ,0.0 
2173,2020-12-13,26 ,21 ,76,4 ,29.88 ,0.0 
2174,2020-12-14,25 ,20 ,76,6 ,29.88 ,0.0 
2175,2020-12-15,25 ,20 ,78,8 ,29.94 ,0.2 
2176,2020-12-16,25 ,20 ,82,9 ,29.97 ,0.1 
2177,2020-12-17,26 ,20 ,80,8 ,29.94 ,0.0 
2178,2020-12-18,26 ,21 ,79,7 ,29.94 ,0.1 
2179,2020-12-19,26 ,20 ,80,7 ,29.97 ,0.3 
2180,2020-12-20,25 ,20 ,79,8 ,29.97 ,0.1 
2181,2020-12-21,26 ,19 ,74,6 ,29.94 ,0.0 
2182,2020-12-22,25 ,19 ,72,6 ,29.91 ,0.0 
2183,2020-12-23,25 ,18 ,73,6 ,29.91 ,0.0 
2184,2020-12-24,24 ,18 ,74,6 ,29.88 ,0.0 
2185,2020-12-25,25 ,19 ,76,6 ,29.91 ,0.0 
2186,2020-12-26,26 ,20 ,77,5 ,29.94 ,0.0 
2187,2020-12-27,26 ,20 ,77,5 ,29.91 ,0.0 
2188,2020-12-28,26 ,20 ,77,6 ,29.88 ,0.0 
2189,2020-12-29,25 ,19 ,78,7 ,29.88 ,0.0 
2190,2020-12-30,24 ,18 ,74,9 ,29.91 ,0.0 
2191,2020-12-31,25 ,19 ,76,10 ,29.94 ,0.0 
